variant,seed,image,group,label,p_residential
cnn_masked,0,0,Forest,0,0.00026000000070780516
cnn_masked,0,1,Forest,0,0.0022299999836832285
cnn_masked,0,2,Forest,0,2.9999999242136255e-05
cnn_masked,0,3,Forest,0,0.15958000719547272
cnn_masked,0,4,Forest,0,3.9999998989515007e-05
cnn_masked,0,5,Forest,0,0.08026999980211258
cnn_masked,0,6,Forest,0,2.9999999242136255e-05
cnn_masked,0,7,Forest,0,2.9999999242136255e-05
cnn_masked,0,8,Forest,0,1.0
cnn_masked,0,9,Forest,0,1.0
cnn_masked,0,10,Forest,0,1.0
cnn_masked,0,11,Forest,0,0.00015999999595806003
cnn_masked,0,12,Forest,0,0.051089998334646225
cnn_masked,0,13,Forest,0,0.8068600296974182
cnn_masked,0,14,Forest,0,1.0
cnn_masked,0,15,Forest,0,0.7750599980354309
cnn_masked,0,16,Forest,0,0.000590000010561198
cnn_masked,0,17,Forest,0,0.0007900000200606883
cnn_masked,0,18,Forest,0,0.019680000841617584
cnn_masked,0,19,Forest,0,0.00011000000085914508
cnn_masked,0,20,Forest,0,1.0
cnn_masked,0,21,Forest,0,1.0
cnn_masked,0,22,Forest,0,9.000000136438757e-05
cnn_masked,0,23,Forest,0,1.0
cnn_masked,0,24,Forest,0,0.9997599720954895
cnn_masked,0,25,Forest,0,0.9949399828910828
cnn_masked,0,26,Forest,0,0.013860000297427177
cnn_masked,0,27,Forest,0,0.0063599999994039536
cnn_masked,0,28,Forest,0,0.871429979801178
cnn_masked,0,29,Forest,0,1.0
cnn_masked,0,30,Forest,0,1.0
cnn_masked,0,31,Forest,0,1.0
cnn_masked,0,32,Forest,0,1.0
cnn_masked,0,33,Forest,0,0.00019999999494757503
cnn_masked,0,34,Forest,0,0.008799999952316284
cnn_masked,0,35,Forest,0,0.0010000000474974513
cnn_masked,0,36,Forest,0,0.0003100000030826777
cnn_masked,0,37,Forest,0,0.016610000282526016
cnn_masked,0,38,Forest,0,0.14232000708580017
cnn_masked,0,39,Forest,0,0.0025500000920146704
cnn_masked,0,40,Forest,0,1.0
cnn_masked,0,41,Forest,0,0.0004600000102072954
cnn_masked,0,42,Forest,0,0.003060000017285347
cnn_masked,0,43,Forest,0,0.0006000000284984708
cnn_masked,0,44,Forest,0,0.00039999998989515007
cnn_masked,0,45,Forest,0,0.0
cnn_masked,0,46,Forest,0,2.9999999242136255e-05
cnn_masked,0,47,Forest,0,0.022910000756382942
cnn_masked,0,48,Forest,0,0.020670000463724136
cnn_masked,0,49,Forest,0,0.2112099975347519
cnn_masked,0,50,Forest,0,0.0010000000474974513
cnn_masked,0,51,Forest,0,0.9526699781417847
cnn_masked,0,52,Forest,0,9.999999747378752e-06
cnn_masked,0,53,Forest,0,0.0010100000072270632
cnn_masked,0,54,Forest,0,0.00026000000070780516
cnn_masked,0,55,Forest,0,0.0021200000774115324
cnn_masked,0,56,Forest,0,0.00033000000985339284
cnn_masked,0,57,Forest,0,0.0001500000071246177
cnn_masked,0,58,Forest,0,0.0001900000061141327
cnn_masked,0,59,Forest,0,0.0032999999821186066
cnn_masked,0,60,DenseResidential,1,0.0018700000364333391
cnn_masked,0,61,DenseResidential,1,1.0
cnn_masked,0,62,DenseResidential,1,1.0
cnn_masked,0,63,DenseResidential,1,0.9999300241470337
cnn_masked,0,64,DenseResidential,1,1.0
cnn_masked,0,65,DenseResidential,1,0.29736000299453735
cnn_masked,0,66,DenseResidential,1,0.7600200176239014
cnn_masked,0,67,DenseResidential,1,0.04569999873638153
cnn_masked,0,68,DenseResidential,1,0.3355399966239929
cnn_masked,0,69,DenseResidential,1,0.9904199838638306
cnn_masked,0,70,DenseResidential,1,1.0
cnn_masked,0,71,DenseResidential,1,0.9993900060653687
cnn_masked,0,72,DenseResidential,1,0.1216999962925911
cnn_masked,0,73,DenseResidential,1,1.0
cnn_masked,0,74,DenseResidential,1,1.0
cnn_masked,0,75,DenseResidential,1,1.0
cnn_masked,0,76,DenseResidential,1,0.9999899864196777
cnn_masked,0,77,DenseResidential,1,0.9999899864196777
cnn_masked,0,78,DenseResidential,1,0.9997100234031677
cnn_masked,0,79,DenseResidential,1,1.0
cnn_masked,0,80,DenseResidential,1,1.0
cnn_masked,0,81,DenseResidential,1,1.0
cnn_masked,0,82,DenseResidential,1,1.0
cnn_masked,0,83,DenseResidential,1,1.0
cnn_masked,0,84,DenseResidential,1,1.0
cnn_masked,0,85,DenseResidential,1,1.0
cnn_masked,0,86,DenseResidential,1,1.0
cnn_masked,0,87,DenseResidential,1,1.0
cnn_masked,0,88,DenseResidential,1,1.0
cnn_masked,0,89,DenseResidential,1,1.0
cnn_masked,0,90,MediumResidential,1,0.9921000003814697
cnn_masked,0,91,MediumResidential,1,1.0
cnn_masked,0,92,MediumResidential,1,0.14369000494480133
cnn_masked,0,93,MediumResidential,1,1.0
cnn_masked,0,94,MediumResidential,1,1.0
cnn_masked,0,95,MediumResidential,1,0.0012199999764561653
cnn_masked,0,96,MediumResidential,1,1.0
cnn_masked,0,97,MediumResidential,1,0.9623000025749207
cnn_masked,0,98,MediumResidential,1,0.3362399935722351
cnn_masked,0,99,MediumResidential,1,0.4176799952983856
cnn_masked,0,100,MediumResidential,1,1.0
cnn_masked,0,101,MediumResidential,1,0.9656299948692322
cnn_masked,0,102,MediumResidential,1,1.0
cnn_masked,0,103,MediumResidential,1,0.9982900023460388
cnn_masked,0,104,MediumResidential,1,1.0
cnn_masked,0,105,MediumResidential,1,0.9999899864196777
cnn_masked,0,106,MediumResidential,1,0.995169997215271
cnn_masked,0,107,MediumResidential,1,1.0
cnn_masked,0,108,MediumResidential,1,1.0
cnn_masked,0,109,MediumResidential,1,1.0
cnn_masked,0,110,MediumResidential,1,1.0
cnn_masked,0,111,MediumResidential,1,1.0
cnn_masked,0,112,MediumResidential,1,0.8726400136947632
cnn_masked,0,113,MediumResidential,1,1.0
cnn_masked,0,114,MediumResidential,1,0.001230000052601099
cnn_masked,0,115,MediumResidential,1,1.0
cnn_masked,0,116,MediumResidential,1,1.0
cnn_masked,0,117,MediumResidential,1,1.0
cnn_masked,0,118,MediumResidential,1,0.003980000037699938
cnn_masked,0,119,MediumResidential,1,0.7237799763679504
cnn_masked,1,0,Forest,0,0.00039999998989515007
cnn_masked,1,1,Forest,0,0.001509999972768128
cnn_masked,1,2,Forest,0,4.999999873689376e-05
cnn_masked,1,3,Forest,0,0.05217000097036362
cnn_masked,1,4,Forest,0,9.999999747378752e-05
cnn_masked,1,5,Forest,0,0.03551999852061272
cnn_masked,1,6,Forest,0,7.000000186963007e-05
cnn_masked,1,7,Forest,0,5.999999848427251e-05
cnn_masked,1,8,Forest,0,1.0
cnn_masked,1,9,Forest,0,1.0
cnn_masked,1,10,Forest,0,1.0
cnn_masked,1,11,Forest,0,0.00022000000171829015
cnn_masked,1,12,Forest,0,0.034699998795986176
cnn_masked,1,13,Forest,0,0.8780900239944458
cnn_masked,1,14,Forest,0,1.0
cnn_masked,1,15,Forest,0,0.9857500195503235
cnn_masked,1,16,Forest,0,0.0007600000244565308
cnn_masked,1,17,Forest,0,0.0008699999889358878
cnn_masked,1,18,Forest,0,0.01844000071287155
cnn_masked,1,19,Forest,0,0.00016999999934341758
cnn_masked,1,20,Forest,0,1.0
cnn_masked,1,21,Forest,0,1.0
cnn_masked,1,22,Forest,0,0.00014000000373926014
cnn_masked,1,23,Forest,0,1.0
cnn_masked,1,24,Forest,0,0.9999799728393555
cnn_masked,1,25,Forest,0,0.788100004196167
cnn_masked,1,26,Forest,0,0.008329999633133411
cnn_masked,1,27,Forest,0,0.0033400000538676977
cnn_masked,1,28,Forest,0,0.875469982624054
cnn_masked,1,29,Forest,0,1.0
cnn_masked,1,30,Forest,0,1.0
cnn_masked,1,31,Forest,0,1.0
cnn_masked,1,32,Forest,0,1.0
cnn_masked,1,33,Forest,0,0.0002699999895412475
cnn_masked,1,34,Forest,0,0.011590000241994858
cnn_masked,1,35,Forest,0,0.00107999995816499
cnn_masked,1,36,Forest,0,0.0003000000142492354
cnn_masked,1,37,Forest,0,0.01131999958306551
cnn_masked,1,38,Forest,0,0.36708998680114746
cnn_masked,1,39,Forest,0,0.003280000062659383
cnn_masked,1,40,Forest,0,1.0
cnn_masked,1,41,Forest,0,0.0004600000102072954
cnn_masked,1,42,Forest,0,0.00343000004068017
cnn_masked,1,43,Forest,0,0.0006600000197067857
cnn_masked,1,44,Forest,0,0.0005099999834783375
cnn_masked,1,45,Forest,0,9.999999747378752e-06
cnn_masked,1,46,Forest,0,5.999999848427251e-05
cnn_masked,1,47,Forest,0,0.011610000394284725
cnn_masked,1,48,Forest,0,0.024140000343322754
cnn_masked,1,49,Forest,0,0.45451998710632324
cnn_masked,1,50,Forest,0,0.0010000000474974513
cnn_masked,1,51,Forest,0,0.8928999900817871
cnn_masked,1,52,Forest,0,1.9999999494757503e-05
cnn_masked,1,53,Forest,0,0.001129999989643693
cnn_masked,1,54,Forest,0,0.00033999999868683517
cnn_masked,1,55,Forest,0,0.001820000004954636
cnn_masked,1,56,Forest,0,0.0004400000034365803
cnn_masked,1,57,Forest,0,0.00022000000171829015
cnn_masked,1,58,Forest,0,0.0002899999963119626
cnn_masked,1,59,Forest,0,0.0026000000070780516
cnn_masked,1,60,DenseResidential,1,0.0018400000408291817
cnn_masked,1,61,DenseResidential,1,1.0
cnn_masked,1,62,DenseResidential,1,1.0
cnn_masked,1,63,DenseResidential,1,0.9999899864196777
cnn_masked,1,64,DenseResidential,1,1.0
cnn_masked,1,65,DenseResidential,1,0.40977001190185547
cnn_masked,1,66,DenseResidential,1,0.8337900042533875
cnn_masked,1,67,DenseResidential,1,0.0291300006210804
cnn_masked,1,68,DenseResidential,1,0.24034999310970306
cnn_masked,1,69,DenseResidential,1,0.9926699995994568
cnn_masked,1,70,DenseResidential,1,1.0
cnn_masked,1,71,DenseResidential,1,0.9999300241470337
cnn_masked,1,72,DenseResidential,1,0.06588999927043915
cnn_masked,1,73,DenseResidential,1,1.0
cnn_masked,1,74,DenseResidential,1,1.0
cnn_masked,1,75,DenseResidential,1,1.0
cnn_masked,1,76,DenseResidential,1,0.9999899864196777
cnn_masked,1,77,DenseResidential,1,0.9999899864196777
cnn_masked,1,78,DenseResidential,1,0.9993299841880798
cnn_masked,1,79,DenseResidential,1,1.0
cnn_masked,1,80,DenseResidential,1,1.0
cnn_masked,1,81,DenseResidential,1,1.0
cnn_masked,1,82,DenseResidential,1,1.0
cnn_masked,1,83,DenseResidential,1,1.0
cnn_masked,1,84,DenseResidential,1,1.0
cnn_masked,1,85,DenseResidential,1,1.0
cnn_masked,1,86,DenseResidential,1,1.0
cnn_masked,1,87,DenseResidential,1,1.0
cnn_masked,1,88,DenseResidential,1,1.0
cnn_masked,1,89,DenseResidential,1,1.0
cnn_masked,1,90,MediumResidential,1,0.994159996509552
cnn_masked,1,91,MediumResidential,1,1.0
cnn_masked,1,92,MediumResidential,1,0.1252399981021881
cnn_masked,1,93,MediumResidential,1,1.0
cnn_masked,1,94,MediumResidential,1,1.0
cnn_masked,1,95,MediumResidential,1,0.0012000000569969416
cnn_masked,1,96,MediumResidential,1,1.0
cnn_masked,1,97,MediumResidential,1,0.970770001411438
cnn_masked,1,98,MediumResidential,1,0.16676999628543854
cnn_masked,1,99,MediumResidential,1,0.3076600134372711
cnn_masked,1,100,MediumResidential,1,1.0
cnn_masked,1,101,MediumResidential,1,0.9928699731826782
cnn_masked,1,102,MediumResidential,1,1.0
cnn_masked,1,103,MediumResidential,1,0.9989399909973145
cnn_masked,1,104,MediumResidential,1,1.0
cnn_masked,1,105,MediumResidential,1,1.0
cnn_masked,1,106,MediumResidential,1,0.9978500008583069
cnn_masked,1,107,MediumResidential,1,1.0
cnn_masked,1,108,MediumResidential,1,1.0
cnn_masked,1,109,MediumResidential,1,1.0
cnn_masked,1,110,MediumResidential,1,1.0
cnn_masked,1,111,MediumResidential,1,1.0
cnn_masked,1,112,MediumResidential,1,0.8099799752235413
cnn_masked,1,113,MediumResidential,1,1.0
cnn_masked,1,114,MediumResidential,1,0.0017099999822676182
cnn_masked,1,115,MediumResidential,1,1.0
cnn_masked,1,116,MediumResidential,1,1.0
cnn_masked,1,117,MediumResidential,1,1.0
cnn_masked,1,118,MediumResidential,1,0.0038399999029934406
cnn_masked,1,119,MediumResidential,1,0.7770900130271912
cnn_masked,2,0,Forest,0,0.0
cnn_masked,2,1,Forest,0,4.999999873689376e-05
cnn_masked,2,2,Forest,0,0.0
cnn_masked,2,3,Forest,0,0.0017300000181421638
cnn_masked,2,4,Forest,0,0.0
cnn_masked,2,5,Forest,0,0.002300000051036477
cnn_masked,2,6,Forest,0,0.0
cnn_masked,2,7,Forest,0,0.0
cnn_masked,2,8,Forest,0,1.0
cnn_masked,2,9,Forest,0,1.0
cnn_masked,2,10,Forest,0,1.0
cnn_masked,2,11,Forest,0,0.0
cnn_masked,2,12,Forest,0,0.006140000186860561
cnn_masked,2,13,Forest,0,0.37648001313209534
cnn_masked,2,14,Forest,0,1.0
cnn_masked,2,15,Forest,0,0.03633999824523926
cnn_masked,2,16,Forest,0,1.9999999494757503e-05
cnn_masked,2,17,Forest,0,1.9999999494757503e-05
cnn_masked,2,18,Forest,0,0.0023499999660998583
cnn_masked,2,19,Forest,0,0.0
cnn_masked,2,20,Forest,0,1.0
cnn_masked,2,21,Forest,0,1.0
cnn_masked,2,22,Forest,0,0.0
cnn_masked,2,23,Forest,0,1.0
cnn_masked,2,24,Forest,0,0.9988999962806702
cnn_masked,2,25,Forest,0,0.07370000332593918
cnn_masked,2,26,Forest,0,0.00039000000106170774
cnn_masked,2,27,Forest,0,0.00023999999393709004
cnn_masked,2,28,Forest,0,0.13926999270915985
cnn_masked,2,29,Forest,0,1.0
cnn_masked,2,30,Forest,0,1.0
cnn_masked,2,31,Forest,0,1.0
cnn_masked,2,32,Forest,0,1.0
cnn_masked,2,33,Forest,0,0.0
cnn_masked,2,34,Forest,0,7.000000186963007e-05
cnn_masked,2,35,Forest,0,9.999999747378752e-06
cnn_masked,2,36,Forest,0,1.9999999494757503e-05
cnn_masked,2,37,Forest,0,0.0030499999411404133
cnn_masked,2,38,Forest,0,0.001610000035725534
cnn_masked,2,39,Forest,0,0.0002899999963119626
cnn_masked,2,40,Forest,0,1.0
cnn_masked,2,41,Forest,0,3.9999998989515007e-05
cnn_masked,2,42,Forest,0,0.0009299999801442027
cnn_masked,2,43,Forest,0,7.000000186963007e-05
cnn_masked,2,44,Forest,0,9.999999747378752e-06
cnn_masked,2,45,Forest,0,0.0
cnn_masked,2,46,Forest,0,0.0
cnn_masked,2,47,Forest,0,0.0010900000343099236
cnn_masked,2,48,Forest,0,0.006049999967217445
cnn_masked,2,49,Forest,0,0.04958999902009964
cnn_masked,2,50,Forest,0,2.9999999242136255e-05
cnn_masked,2,51,Forest,0,0.7823500037193298
cnn_masked,2,52,Forest,0,0.0
cnn_masked,2,53,Forest,0,0.00014000000373926014
cnn_masked,2,54,Forest,0,0.0
cnn_masked,2,55,Forest,0,3.9999998989515007e-05
cnn_masked,2,56,Forest,0,0.0
cnn_masked,2,57,Forest,0,0.0
cnn_masked,2,58,Forest,0,0.0
cnn_masked,2,59,Forest,0,7.999999797903001e-05
cnn_masked,2,60,DenseResidential,1,9.999999747378752e-06
cnn_masked,2,61,DenseResidential,1,1.0
cnn_masked,2,62,DenseResidential,1,1.0
cnn_masked,2,63,DenseResidential,1,0.942110002040863
cnn_masked,2,64,DenseResidential,1,1.0
cnn_masked,2,65,DenseResidential,1,0.0002699999895412475
cnn_masked,2,66,DenseResidential,1,0.005239999853074551
cnn_masked,2,67,DenseResidential,1,0.00011999999696854502
cnn_masked,2,68,DenseResidential,1,0.0014299999456852674
cnn_masked,2,69,DenseResidential,1,0.23594999313354492
cnn_masked,2,70,DenseResidential,1,1.0
cnn_masked,2,71,DenseResidential,1,0.1660500019788742
cnn_masked,2,72,DenseResidential,1,0.0004600000102072954
cnn_masked,2,73,DenseResidential,1,1.0
cnn_masked,2,74,DenseResidential,1,1.0
cnn_masked,2,75,DenseResidential,1,0.9998400211334229
cnn_masked,2,76,DenseResidential,1,0.9993900060653687
cnn_masked,2,77,DenseResidential,1,0.9850000143051147
cnn_masked,2,78,DenseResidential,1,0.8230999708175659
cnn_masked,2,79,DenseResidential,1,1.0
cnn_masked,2,80,DenseResidential,1,1.0
cnn_masked,2,81,DenseResidential,1,1.0
cnn_masked,2,82,DenseResidential,1,1.0
cnn_masked,2,83,DenseResidential,1,0.6731100082397461
cnn_masked,2,84,DenseResidential,1,1.0
cnn_masked,2,85,DenseResidential,1,1.0
cnn_masked,2,86,DenseResidential,1,0.9999899864196777
cnn_masked,2,87,DenseResidential,1,1.0
cnn_masked,2,88,DenseResidential,1,1.0
cnn_masked,2,89,DenseResidential,1,1.0
cnn_masked,2,90,MediumResidential,1,0.03237000107765198
cnn_masked,2,91,MediumResidential,1,0.9993399977684021
cnn_masked,2,92,MediumResidential,1,0.0001500000071246177
cnn_masked,2,93,MediumResidential,1,1.0
cnn_masked,2,94,MediumResidential,1,1.0
cnn_masked,2,95,MediumResidential,1,1.9999999494757503e-05
cnn_masked,2,96,MediumResidential,1,1.0
cnn_masked,2,97,MediumResidential,1,0.5327500104904175
cnn_masked,2,98,MediumResidential,1,0.016370000317692757
cnn_masked,2,99,MediumResidential,1,0.045249998569488525
cnn_masked,2,100,MediumResidential,1,1.0
cnn_masked,2,101,MediumResidential,1,0.010520000010728836
cnn_masked,2,102,MediumResidential,1,1.0
cnn_masked,2,103,MediumResidential,1,0.9957600235939026
cnn_masked,2,104,MediumResidential,1,0.9999899864196777
cnn_masked,2,105,MediumResidential,1,0.9999799728393555
cnn_masked,2,106,MediumResidential,1,0.5519999861717224
cnn_masked,2,107,MediumResidential,1,0.9999899864196777
cnn_masked,2,108,MediumResidential,1,0.9999899864196777
cnn_masked,2,109,MediumResidential,1,0.9996899962425232
cnn_masked,2,110,MediumResidential,1,0.9983900189399719
cnn_masked,2,111,MediumResidential,1,1.0
cnn_masked,2,112,MediumResidential,1,0.0028699999675154686
cnn_masked,2,113,MediumResidential,1,1.0
cnn_masked,2,114,MediumResidential,1,0.0
cnn_masked,2,115,MediumResidential,1,1.0
cnn_masked,2,116,MediumResidential,1,1.0
cnn_masked,2,117,MediumResidential,1,0.9999600052833557
cnn_masked,2,118,MediumResidential,1,4.999999873689376e-05
cnn_masked,2,119,MediumResidential,1,0.0006600000197067857
cnn_masked,3,0,Forest,0,0.0005000000237487257
cnn_masked,3,1,Forest,0,0.008249999955296516
cnn_masked,3,2,Forest,0,7.000000186963007e-05
cnn_masked,3,3,Forest,0,0.3317599892616272
cnn_masked,3,4,Forest,0,9.000000136438757e-05
cnn_masked,3,5,Forest,0,0.2143400013446808
cnn_masked,3,6,Forest,0,5.999999848427251e-05
cnn_masked,3,7,Forest,0,5.999999848427251e-05
cnn_masked,3,8,Forest,0,1.0
cnn_masked,3,9,Forest,0,1.0
cnn_masked,3,10,Forest,0,1.0
cnn_masked,3,11,Forest,0,0.00044999999227002263
cnn_masked,3,12,Forest,0,0.08781000226736069
cnn_masked,3,13,Forest,0,0.9601799845695496
cnn_masked,3,14,Forest,0,1.0
cnn_masked,3,15,Forest,0,0.7593500018119812
cnn_masked,3,16,Forest,0,0.0006000000284984708
cnn_masked,3,17,Forest,0,0.0006900000153109431
cnn_masked,3,18,Forest,0,0.006049999967217445
cnn_masked,3,19,Forest,0,0.00013000000035390258
cnn_masked,3,20,Forest,0,1.0
cnn_masked,3,21,Forest,0,1.0
cnn_masked,3,22,Forest,0,0.00011000000085914508
cnn_masked,3,23,Forest,0,1.0
cnn_masked,3,24,Forest,0,0.9998800158500671
cnn_masked,3,25,Forest,0,0.9952700138092041
cnn_masked,3,26,Forest,0,0.018379999324679375
cnn_masked,3,27,Forest,0,0.001979999942705035
cnn_masked,3,28,Forest,0,0.9675400257110596
cnn_masked,3,29,Forest,0,1.0
cnn_masked,3,30,Forest,0,1.0
cnn_masked,3,31,Forest,0,1.0
cnn_masked,3,32,Forest,0,1.0
cnn_masked,3,33,Forest,0,0.000590000010561198
cnn_masked,3,34,Forest,0,0.015790000557899475
cnn_masked,3,35,Forest,0,0.0012100000167265534
cnn_masked,3,36,Forest,0,0.0007200000109151006
cnn_masked,3,37,Forest,0,0.031610000878572464
cnn_masked,3,38,Forest,0,0.09921000152826309
cnn_masked,3,39,Forest,0,0.00443999981507659
cnn_masked,3,40,Forest,0,1.0
cnn_masked,3,41,Forest,0,0.000859999970998615
cnn_masked,3,42,Forest,0,0.014039999805390835
cnn_masked,3,43,Forest,0,0.0014900000533089042
cnn_masked,3,44,Forest,0,0.0009899999713525176
cnn_masked,3,45,Forest,0,9.999999747378752e-06
cnn_masked,3,46,Forest,0,0.00011000000085914508
cnn_masked,3,47,Forest,0,0.044849999248981476
cnn_masked,3,48,Forest,0,0.04464999958872795
cnn_masked,3,49,Forest,0,0.30614998936653137
cnn_masked,3,50,Forest,0,0.0005600000149570405
cnn_masked,3,51,Forest,0,0.9912400245666504
cnn_masked,3,52,Forest,0,0.0
cnn_masked,3,53,Forest,0,0.002749999985098839
cnn_masked,3,54,Forest,0,0.00011000000085914508
cnn_masked,3,55,Forest,0,0.0027199999894946814
cnn_masked,3,56,Forest,0,0.0002500000118743628
cnn_masked,3,57,Forest,0,0.0004400000034365803
cnn_masked,3,58,Forest,0,0.0002300000051036477
cnn_masked,3,59,Forest,0,0.0062699997797608376
cnn_masked,3,60,DenseResidential,1,0.0016599999507889152
cnn_masked,3,61,DenseResidential,1,1.0
cnn_masked,3,62,DenseResidential,1,1.0
cnn_masked,3,63,DenseResidential,1,0.9998700022697449
cnn_masked,3,64,DenseResidential,1,1.0
cnn_masked,3,65,DenseResidential,1,0.14868000149726868
cnn_masked,3,66,DenseResidential,1,0.5812399983406067
cnn_masked,3,67,DenseResidential,1,0.015110000036656857
cnn_masked,3,68,DenseResidential,1,0.3599500060081482
cnn_masked,3,69,DenseResidential,1,0.9907400012016296
cnn_masked,3,70,DenseResidential,1,1.0
cnn_masked,3,71,DenseResidential,1,0.9927800297737122
cnn_masked,3,72,DenseResidential,1,0.10792999714612961
cnn_masked,3,73,DenseResidential,1,1.0
cnn_masked,3,74,DenseResidential,1,1.0
cnn_masked,3,75,DenseResidential,1,1.0
cnn_masked,3,76,DenseResidential,1,0.9999899864196777
cnn_masked,3,77,DenseResidential,1,0.9999799728393555
cnn_masked,3,78,DenseResidential,1,0.998170018196106
cnn_masked,3,79,DenseResidential,1,1.0
cnn_masked,3,80,DenseResidential,1,1.0
cnn_masked,3,81,DenseResidential,1,1.0
cnn_masked,3,82,DenseResidential,1,1.0
cnn_masked,3,83,DenseResidential,1,0.9999600052833557
cnn_masked,3,84,DenseResidential,1,1.0
cnn_masked,3,85,DenseResidential,1,1.0
cnn_masked,3,86,DenseResidential,1,1.0
cnn_masked,3,87,DenseResidential,1,1.0
cnn_masked,3,88,DenseResidential,1,1.0
cnn_masked,3,89,DenseResidential,1,1.0
cnn_masked,3,90,MediumResidential,1,0.9818400144577026
cnn_masked,3,91,MediumResidential,1,1.0
cnn_masked,3,92,MediumResidential,1,0.05632999911904335
cnn_masked,3,93,MediumResidential,1,1.0
cnn_masked,3,94,MediumResidential,1,1.0
cnn_masked,3,95,MediumResidential,1,0.002400000113993883
cnn_masked,3,96,MediumResidential,1,1.0
cnn_masked,3,97,MediumResidential,1,0.9920099973678589
cnn_masked,3,98,MediumResidential,1,0.6453499794006348
cnn_masked,3,99,MediumResidential,1,0.685479998588562
cnn_masked,3,100,MediumResidential,1,1.0
cnn_masked,3,101,MediumResidential,1,0.9292600154876709
cnn_masked,3,102,MediumResidential,1,1.0
cnn_masked,3,103,MediumResidential,1,0.9998499751091003
cnn_masked,3,104,MediumResidential,1,1.0
cnn_masked,3,105,MediumResidential,1,1.0
cnn_masked,3,106,MediumResidential,1,0.996720016002655
cnn_masked,3,107,MediumResidential,1,1.0
cnn_masked,3,108,MediumResidential,1,1.0
cnn_masked,3,109,MediumResidential,1,1.0
cnn_masked,3,110,MediumResidential,1,0.9999899864196777
cnn_masked,3,111,MediumResidential,1,1.0
cnn_masked,3,112,MediumResidential,1,0.6984000205993652
cnn_masked,3,113,MediumResidential,1,1.0
cnn_masked,3,114,MediumResidential,1,0.00039000000106170774
cnn_masked,3,115,MediumResidential,1,1.0
cnn_masked,3,116,MediumResidential,1,1.0
cnn_masked,3,117,MediumResidential,1,1.0
cnn_masked,3,118,MediumResidential,1,0.007149999961256981
cnn_masked,3,119,MediumResidential,1,0.8422799706459045
cnn_masked,4,0,Forest,0,0.0
cnn_masked,4,1,Forest,0,9.999999747378752e-06
cnn_masked,4,2,Forest,0,0.0
cnn_masked,4,3,Forest,0,0.0003600000054575503
cnn_masked,4,4,Forest,0,0.0
cnn_masked,4,5,Forest,0,0.0003800000122282654
cnn_masked,4,6,Forest,0,0.0
cnn_masked,4,7,Forest,0,0.0
cnn_masked,4,8,Forest,0,1.0
cnn_masked,4,9,Forest,0,1.0
cnn_masked,4,10,Forest,0,1.0
cnn_masked,4,11,Forest,0,0.0
cnn_masked,4,12,Forest,0,0.0010300000431016088
cnn_masked,4,13,Forest,0,0.13127000629901886
cnn_masked,4,14,Forest,0,1.0
cnn_masked,4,15,Forest,0,0.09272000193595886
cnn_masked,4,16,Forest,0,9.999999747378752e-06
cnn_masked,4,17,Forest,0,9.999999747378752e-06
cnn_masked,4,18,Forest,0,0.0010900000343099236
cnn_masked,4,19,Forest,0,0.0
cnn_masked,4,20,Forest,0,1.0
cnn_masked,4,21,Forest,0,1.0
cnn_masked,4,22,Forest,0,0.0
cnn_masked,4,23,Forest,0,1.0
cnn_masked,4,24,Forest,0,0.9997000098228455
cnn_masked,4,25,Forest,0,0.006169999949634075
cnn_masked,4,26,Forest,0,7.999999797903001e-05
cnn_masked,4,27,Forest,0,0.00011000000085914508
cnn_masked,4,28,Forest,0,0.8954799771308899
cnn_masked,4,29,Forest,0,1.0
cnn_masked,4,30,Forest,0,1.0
cnn_masked,4,31,Forest,0,1.0
cnn_masked,4,32,Forest,0,1.0
cnn_masked,4,33,Forest,0,0.0
cnn_masked,4,34,Forest,0,0.00011999999696854502
cnn_masked,4,35,Forest,0,0.0
cnn_masked,4,36,Forest,0,0.0
cnn_masked,4,37,Forest,0,0.0003600000054575503
cnn_masked,4,38,Forest,0,0.004110000096261501
cnn_masked,4,39,Forest,0,3.9999998989515007e-05
cnn_masked,4,40,Forest,0,1.0
cnn_masked,4,41,Forest,0,9.999999747378752e-06
cnn_masked,4,42,Forest,0,0.0017300000181421638
cnn_masked,4,43,Forest,0,9.999999747378752e-06
cnn_masked,4,44,Forest,0,0.0
cnn_masked,4,45,Forest,0,0.0
cnn_masked,4,46,Forest,0,0.0
cnn_masked,4,47,Forest,0,0.00015999999595806003
cnn_masked,4,48,Forest,0,0.0016700000269338489
cnn_masked,4,49,Forest,0,0.015159999951720238
cnn_masked,4,50,Forest,0,9.999999747378752e-06
cnn_masked,4,51,Forest,0,0.26308000087738037
cnn_masked,4,52,Forest,0,0.0
cnn_masked,4,53,Forest,0,1.9999999494757503e-05
cnn_masked,4,54,Forest,0,0.0
cnn_masked,4,55,Forest,0,9.999999747378752e-06
cnn_masked,4,56,Forest,0,0.0
cnn_masked,4,57,Forest,0,0.0
cnn_masked,4,58,Forest,0,0.0
cnn_masked,4,59,Forest,0,1.9999999494757503e-05
cnn_masked,4,60,DenseResidential,1,1.9999999494757503e-05
cnn_masked,4,61,DenseResidential,1,1.0
cnn_masked,4,62,DenseResidential,1,1.0
cnn_masked,4,63,DenseResidential,1,0.9998499751091003
cnn_masked,4,64,DenseResidential,1,1.0
cnn_masked,4,65,DenseResidential,1,0.0036100000143051147
cnn_masked,4,66,DenseResidential,1,0.16391000151634216
cnn_masked,4,67,DenseResidential,1,0.0002500000118743628
cnn_masked,4,68,DenseResidential,1,0.0022100000642240047
cnn_masked,4,69,DenseResidential,1,0.8078200221061707
cnn_masked,4,70,DenseResidential,1,1.0
cnn_masked,4,71,DenseResidential,1,0.9542400240898132
cnn_masked,4,72,DenseResidential,1,0.000750000006519258
cnn_masked,4,73,DenseResidential,1,1.0
cnn_masked,4,74,DenseResidential,1,1.0
cnn_masked,4,75,DenseResidential,1,0.9999899864196777
cnn_masked,4,76,DenseResidential,1,0.9998900294303894
cnn_masked,4,77,DenseResidential,1,0.9974499940872192
cnn_masked,4,78,DenseResidential,1,0.982729971408844
cnn_masked,4,79,DenseResidential,1,1.0
cnn_masked,4,80,DenseResidential,1,1.0
cnn_masked,4,81,DenseResidential,1,1.0
cnn_masked,4,82,DenseResidential,1,1.0
cnn_masked,4,83,DenseResidential,1,0.9999499917030334
cnn_masked,4,84,DenseResidential,1,1.0
cnn_masked,4,85,DenseResidential,1,1.0
cnn_masked,4,86,DenseResidential,1,1.0
cnn_masked,4,87,DenseResidential,1,1.0
cnn_masked,4,88,DenseResidential,1,1.0
cnn_masked,4,89,DenseResidential,1,1.0
cnn_masked,4,90,MediumResidential,1,0.7634299993515015
cnn_masked,4,91,MediumResidential,1,1.0
cnn_masked,4,92,MediumResidential,1,0.003759999992325902
cnn_masked,4,93,MediumResidential,1,1.0
cnn_masked,4,94,MediumResidential,1,1.0
cnn_masked,4,95,MediumResidential,1,9.999999747378752e-06
cnn_masked,4,96,MediumResidential,1,1.0
cnn_masked,4,97,MediumResidential,1,0.3200399875640869
cnn_masked,4,98,MediumResidential,1,0.003700000001117587
cnn_masked,4,99,MediumResidential,1,0.01754000037908554
cnn_masked,4,100,MediumResidential,1,1.0
cnn_masked,4,101,MediumResidential,1,0.1399500072002411
cnn_masked,4,102,MediumResidential,1,1.0
cnn_masked,4,103,MediumResidential,1,0.8089799880981445
cnn_masked,4,104,MediumResidential,1,0.9999300241470337
cnn_masked,4,105,MediumResidential,1,0.9997599720954895
cnn_masked,4,106,MediumResidential,1,0.5925800204277039
cnn_masked,4,107,MediumResidential,1,1.0
cnn_masked,4,108,MediumResidential,1,1.0
cnn_masked,4,109,MediumResidential,1,1.0
cnn_masked,4,110,MediumResidential,1,0.999970018863678
cnn_masked,4,111,MediumResidential,1,1.0
cnn_masked,4,112,MediumResidential,1,0.10390999913215637
cnn_masked,4,113,MediumResidential,1,1.0
cnn_masked,4,114,MediumResidential,1,9.999999747378752e-06
cnn_masked,4,115,MediumResidential,1,1.0
cnn_masked,4,116,MediumResidential,1,1.0
cnn_masked,4,117,MediumResidential,1,1.0
cnn_masked,4,118,MediumResidential,1,3.9999998989515007e-05
cnn_masked,4,119,MediumResidential,1,0.0018899999558925629
cnn_masked,5,0,Forest,0,1.9999999494757503e-05
cnn_masked,5,1,Forest,0,0.0001900000061141327
cnn_masked,5,2,Forest,0,0.0
cnn_masked,5,3,Forest,0,0.004670000169426203
cnn_masked,5,4,Forest,0,9.999999747378752e-06
cnn_masked,5,5,Forest,0,0.0044999998062849045
cnn_masked,5,6,Forest,0,0.0
cnn_masked,5,7,Forest,0,0.0
cnn_masked,5,8,Forest,0,1.0
cnn_masked,5,9,Forest,0,1.0
cnn_masked,5,10,Forest,0,1.0
cnn_masked,5,11,Forest,0,1.9999999494757503e-05
cnn_masked,5,12,Forest,0,0.010830000042915344
cnn_masked,5,13,Forest,0,0.21220000088214874
cnn_masked,5,14,Forest,0,1.0
cnn_masked,5,15,Forest,0,0.12585000693798065
cnn_masked,5,16,Forest,0,0.00013000000035390258
cnn_masked,5,17,Forest,0,0.0001500000071246177
cnn_masked,5,18,Forest,0,0.017799999564886093
cnn_masked,5,19,Forest,0,9.999999747378752e-06
cnn_masked,5,20,Forest,0,1.0
cnn_masked,5,21,Forest,0,1.0
cnn_masked,5,22,Forest,0,9.999999747378752e-06
cnn_masked,5,23,Forest,0,1.0
cnn_masked,5,24,Forest,0,0.9981300234794617
cnn_masked,5,25,Forest,0,0.1650400012731552
cnn_masked,5,26,Forest,0,0.0011899999808520079
cnn_masked,5,27,Forest,0,0.0018500000005587935
cnn_masked,5,28,Forest,0,0.9092199802398682
cnn_masked,5,29,Forest,0,1.0
cnn_masked,5,30,Forest,0,1.0
cnn_masked,5,31,Forest,0,1.0
cnn_masked,5,32,Forest,0,1.0
cnn_masked,5,33,Forest,0,2.9999999242136255e-05
cnn_masked,5,34,Forest,0,0.0005499999970197678
cnn_masked,5,35,Forest,0,7.999999797903001e-05
cnn_masked,5,36,Forest,0,9.999999747378752e-05
cnn_masked,5,37,Forest,0,0.0057299998588860035
cnn_masked,5,38,Forest,0,0.017410000786185265
cnn_masked,5,39,Forest,0,0.0006799999973736703
cnn_masked,5,40,Forest,0,1.0
cnn_masked,5,41,Forest,0,0.00018000000272877514
cnn_masked,5,42,Forest,0,0.002360000042244792
cnn_masked,5,43,Forest,0,0.00026000000070780516
cnn_masked,5,44,Forest,0,5.999999848427251e-05
cnn_masked,5,45,Forest,0,0.0
cnn_masked,5,46,Forest,0,9.999999747378752e-06
cnn_masked,5,47,Forest,0,0.0023399998899549246
cnn_masked,5,48,Forest,0,0.018799999728798866
cnn_masked,5,49,Forest,0,0.12592999637126923
cnn_masked,5,50,Forest,0,0.0001900000061141327
cnn_masked,5,51,Forest,0,0.6005899906158447
cnn_masked,5,52,Forest,0,0.0
cnn_masked,5,53,Forest,0,0.0004799999878741801
cnn_masked,5,54,Forest,0,2.9999999242136255e-05
cnn_masked,5,55,Forest,0,0.0002099999983329326
cnn_masked,5,56,Forest,0,3.9999998989515007e-05
cnn_masked,5,57,Forest,0,1.9999999494757503e-05
cnn_masked,5,58,Forest,0,2.9999999242136255e-05
cnn_masked,5,59,Forest,0,0.00033000000985339284
cnn_masked,5,60,DenseResidential,1,7.999999797903001e-05
cnn_masked,5,61,DenseResidential,1,1.0
cnn_masked,5,62,DenseResidential,1,1.0
cnn_masked,5,63,DenseResidential,1,0.9033499956130981
cnn_masked,5,64,DenseResidential,1,1.0
cnn_masked,5,65,DenseResidential,1,0.0014100000262260437
cnn_masked,5,66,DenseResidential,1,0.021779999136924744
cnn_masked,5,67,DenseResidential,1,0.0009599999757483602
cnn_masked,5,68,DenseResidential,1,0.009329999797046185
cnn_masked,5,69,DenseResidential,1,0.3241499960422516
cnn_masked,5,70,DenseResidential,1,1.0
cnn_masked,5,71,DenseResidential,1,0.7821099758148193
cnn_masked,5,72,DenseResidential,1,0.0027600000612437725
cnn_masked,5,73,DenseResidential,1,1.0
cnn_masked,5,74,DenseResidential,1,1.0
cnn_masked,5,75,DenseResidential,1,0.9998300075531006
cnn_masked,5,76,DenseResidential,1,0.9989500045776367
cnn_masked,5,77,DenseResidential,1,0.9906600117683411
cnn_masked,5,78,DenseResidential,1,0.941070020198822
cnn_masked,5,79,DenseResidential,1,1.0
cnn_masked,5,80,DenseResidential,1,1.0
cnn_masked,5,81,DenseResidential,1,1.0
cnn_masked,5,82,DenseResidential,1,1.0
cnn_masked,5,83,DenseResidential,1,0.9911400079727173
cnn_masked,5,84,DenseResidential,1,1.0
cnn_masked,5,85,DenseResidential,1,1.0
cnn_masked,5,86,DenseResidential,1,0.9999899864196777
cnn_masked,5,87,DenseResidential,1,1.0
cnn_masked,5,88,DenseResidential,1,1.0
cnn_masked,5,89,DenseResidential,1,1.0
cnn_masked,5,90,MediumResidential,1,0.2716600000858307
cnn_masked,5,91,MediumResidential,1,0.9996899962425232
cnn_masked,5,92,MediumResidential,1,0.0009899999713525176
cnn_masked,5,93,MediumResidential,1,1.0
cnn_masked,5,94,MediumResidential,1,1.0
cnn_masked,5,95,MediumResidential,1,9.999999747378752e-05
cnn_masked,5,96,MediumResidential,1,0.9999899864196777
cnn_masked,5,97,MediumResidential,1,0.4375
cnn_masked,5,98,MediumResidential,1,0.02701999992132187
cnn_masked,5,99,MediumResidential,1,0.06426999717950821
cnn_masked,5,100,MediumResidential,1,1.0
cnn_masked,5,101,MediumResidential,1,0.06790000200271606
cnn_masked,5,102,MediumResidential,1,1.0
cnn_masked,5,103,MediumResidential,1,0.9917700290679932
cnn_masked,5,104,MediumResidential,1,0.9999799728393555
cnn_masked,5,105,MediumResidential,1,0.9999799728393555
cnn_masked,5,106,MediumResidential,1,0.6878200173377991
cnn_masked,5,107,MediumResidential,1,1.0
cnn_masked,5,108,MediumResidential,1,0.9999799728393555
cnn_masked,5,109,MediumResidential,1,0.9998800158500671
cnn_masked,5,110,MediumResidential,1,0.9983999729156494
cnn_masked,5,111,MediumResidential,1,1.0
cnn_masked,5,112,MediumResidential,1,0.03799999877810478
cnn_masked,5,113,MediumResidential,1,1.0
cnn_masked,5,114,MediumResidential,1,2.9999999242136255e-05
cnn_masked,5,115,MediumResidential,1,1.0
cnn_masked,5,116,MediumResidential,1,1.0
cnn_masked,5,117,MediumResidential,1,0.9999899864196777
cnn_masked,5,118,MediumResidential,1,0.00026000000070780516
cnn_masked,5,119,MediumResidential,1,0.006909999996423721
cnn_masked,6,0,Forest,0,0.00013000000035390258
cnn_masked,6,1,Forest,0,0.0006200000061653554
cnn_masked,6,2,Forest,0,1.9999999494757503e-05
cnn_masked,6,3,Forest,0,0.01962999999523163
cnn_masked,6,4,Forest,0,2.9999999242136255e-05
cnn_masked,6,5,Forest,0,0.01360000018030405
cnn_masked,6,6,Forest,0,1.9999999494757503e-05
cnn_masked,6,7,Forest,0,1.9999999494757503e-05
cnn_masked,6,8,Forest,0,1.0
cnn_masked,6,9,Forest,0,1.0
cnn_masked,6,10,Forest,0,1.0
cnn_masked,6,11,Forest,0,7.999999797903001e-05
cnn_masked,6,12,Forest,0,0.013179999776184559
cnn_masked,6,13,Forest,0,0.48322001099586487
cnn_masked,6,14,Forest,0,1.0
cnn_masked,6,15,Forest,0,0.8812500238418579
cnn_masked,6,16,Forest,0,0.00023999999393709004
cnn_masked,6,17,Forest,0,0.0002800000074785203
cnn_masked,6,18,Forest,0,0.006089999806135893
cnn_masked,6,19,Forest,0,4.999999873689376e-05
cnn_masked,6,20,Forest,0,1.0
cnn_masked,6,21,Forest,0,1.0
cnn_masked,6,22,Forest,0,3.9999998989515007e-05
cnn_masked,6,23,Forest,0,1.0
cnn_masked,6,24,Forest,0,0.9999799728393555
cnn_masked,6,25,Forest,0,0.29708001017570496
cnn_masked,6,26,Forest,0,0.0028699999675154686
cnn_masked,6,27,Forest,0,0.0017300000181421638
cnn_masked,6,28,Forest,0,0.6707599759101868
cnn_masked,6,29,Forest,0,1.0
cnn_masked,6,30,Forest,0,1.0
cnn_masked,6,31,Forest,0,1.0
cnn_masked,6,32,Forest,0,1.0
cnn_masked,6,33,Forest,0,9.999999747378752e-05
cnn_masked,6,34,Forest,0,0.008940000087022781
cnn_masked,6,35,Forest,0,0.0002699999895412475
cnn_masked,6,36,Forest,0,0.00015999999595806003
cnn_masked,6,37,Forest,0,0.004739999771118164
cnn_masked,6,38,Forest,0,0.04207000136375427
cnn_masked,6,39,Forest,0,0.0007099999929778278
cnn_masked,6,40,Forest,0,1.0
cnn_masked,6,41,Forest,0,0.00019999999494757503
cnn_masked,6,42,Forest,0,0.004389999900013208
cnn_masked,6,43,Forest,0,0.0002899999963119626
cnn_masked,6,44,Forest,0,0.00018000000272877514
cnn_masked,6,45,Forest,0,0.0
cnn_masked,6,46,Forest,0,1.9999999494757503e-05
cnn_masked,6,47,Forest,0,0.004110000096261501
cnn_masked,6,48,Forest,0,0.015639999881386757
cnn_masked,6,49,Forest,0,0.06502000242471695
cnn_masked,6,50,Forest,0,0.00033999999868683517
cnn_masked,6,51,Forest,0,0.7445399761199951
cnn_masked,6,52,Forest,0,9.999999747378752e-06
cnn_masked,6,53,Forest,0,0.0005000000237487257
cnn_masked,6,54,Forest,0,9.999999747378752e-05
cnn_masked,6,55,Forest,0,0.0005600000149570405
cnn_masked,6,56,Forest,0,0.00013000000035390258
cnn_masked,6,57,Forest,0,7.999999797903001e-05
cnn_masked,6,58,Forest,0,9.000000136438757e-05
cnn_masked,6,59,Forest,0,0.0008900000248104334
cnn_masked,6,60,DenseResidential,1,0.00046999999904073775
cnn_masked,6,61,DenseResidential,1,1.0
cnn_masked,6,62,DenseResidential,1,1.0
cnn_masked,6,63,DenseResidential,1,0.9988700151443481
cnn_masked,6,64,DenseResidential,1,1.0
cnn_masked,6,65,DenseResidential,1,0.01351999957114458
cnn_masked,6,66,DenseResidential,1,0.10784000158309937
cnn_masked,6,67,DenseResidential,1,0.0035000001080334187
cnn_masked,6,68,DenseResidential,1,0.04585999995470047
cnn_masked,6,69,DenseResidential,1,0.9140999913215637
cnn_masked,6,70,DenseResidential,1,1.0
cnn_masked,6,71,DenseResidential,1,0.9939799904823303
cnn_masked,6,72,DenseResidential,1,0.01030999980866909
cnn_masked,6,73,DenseResidential,1,1.0
cnn_masked,6,74,DenseResidential,1,1.0
cnn_masked,6,75,DenseResidential,1,1.0
cnn_masked,6,76,DenseResidential,1,0.999970018863678
cnn_masked,6,77,DenseResidential,1,0.9989799857139587
cnn_masked,6,78,DenseResidential,1,0.9850800037384033
cnn_masked,6,79,DenseResidential,1,1.0
cnn_masked,6,80,DenseResidential,1,1.0
cnn_masked,6,81,DenseResidential,1,1.0
cnn_masked,6,82,DenseResidential,1,1.0
cnn_masked,6,83,DenseResidential,1,0.9996100068092346
cnn_masked,6,84,DenseResidential,1,1.0
cnn_masked,6,85,DenseResidential,1,1.0
cnn_masked,6,86,DenseResidential,1,1.0
cnn_masked,6,87,DenseResidential,1,1.0
cnn_masked,6,88,DenseResidential,1,1.0
cnn_masked,6,89,DenseResidential,1,1.0
cnn_masked,6,90,MediumResidential,1,0.9881899952888489
cnn_masked,6,91,MediumResidential,1,1.0
cnn_masked,6,92,MediumResidential,1,0.021870000287890434
cnn_masked,6,93,MediumResidential,1,1.0
cnn_masked,6,94,MediumResidential,1,1.0
cnn_masked,6,95,MediumResidential,1,0.00039000000106170774
cnn_masked,6,96,MediumResidential,1,1.0
cnn_masked,6,97,MediumResidential,1,0.939300000667572
cnn_masked,6,98,MediumResidential,1,0.05979999899864197
cnn_masked,6,99,MediumResidential,1,0.10936000198125839
cnn_masked,6,100,MediumResidential,1,1.0
cnn_masked,6,101,MediumResidential,1,0.9545000195503235
cnn_masked,6,102,MediumResidential,1,1.0
cnn_masked,6,103,MediumResidential,1,0.9939299821853638
cnn_masked,6,104,MediumResidential,1,1.0
cnn_masked,6,105,MediumResidential,1,0.9999899864196777
cnn_masked,6,106,MediumResidential,1,0.9070500135421753
cnn_masked,6,107,MediumResidential,1,1.0
cnn_masked,6,108,MediumResidential,1,1.0
cnn_masked,6,109,MediumResidential,1,1.0
cnn_masked,6,110,MediumResidential,1,1.0
cnn_masked,6,111,MediumResidential,1,1.0
cnn_masked,6,112,MediumResidential,1,0.48958998918533325
cnn_masked,6,113,MediumResidential,1,1.0
cnn_masked,6,114,MediumResidential,1,0.0001500000071246177
cnn_masked,6,115,MediumResidential,1,1.0
cnn_masked,6,116,MediumResidential,1,1.0
cnn_masked,6,117,MediumResidential,1,1.0
cnn_masked,6,118,MediumResidential,1,0.0015200000489130616
cnn_masked,6,119,MediumResidential,1,0.4713599979877472
cnn_masked,7,0,Forest,0,0.0
cnn_masked,7,1,Forest,0,0.0
cnn_masked,7,2,Forest,0,0.0
cnn_masked,7,3,Forest,0,0.0003800000122282654
cnn_masked,7,4,Forest,0,0.0
cnn_masked,7,5,Forest,0,0.00031999999191612005
cnn_masked,7,6,Forest,0,0.0
cnn_masked,7,7,Forest,0,0.0
cnn_masked,7,8,Forest,0,1.0
cnn_masked,7,9,Forest,0,1.0
cnn_masked,7,10,Forest,0,1.0
cnn_masked,7,11,Forest,0,0.0
cnn_masked,7,12,Forest,0,0.00039000000106170774
cnn_masked,7,13,Forest,0,0.004350000061094761
cnn_masked,7,14,Forest,0,1.0
cnn_masked,7,15,Forest,0,4.999999873689376e-05
cnn_masked,7,16,Forest,0,0.0
cnn_masked,7,17,Forest,0,0.0
cnn_masked,7,18,Forest,0,0.0005699999746866524
cnn_masked,7,19,Forest,0,0.0
cnn_masked,7,20,Forest,0,0.983489990234375
cnn_masked,7,21,Forest,0,1.0
cnn_masked,7,22,Forest,0,0.0
cnn_masked,7,23,Forest,0,1.0
cnn_masked,7,24,Forest,0,0.5932400226593018
cnn_masked,7,25,Forest,0,0.03418000042438507
cnn_masked,7,26,Forest,0,3.9999998989515007e-05
cnn_masked,7,27,Forest,0,9.999999747378752e-05
cnn_masked,7,28,Forest,0,0.008799999952316284
cnn_masked,7,29,Forest,0,1.0
cnn_masked,7,30,Forest,0,1.0
cnn_masked,7,31,Forest,0,1.0
cnn_masked,7,32,Forest,0,0.979390025138855
cnn_masked,7,33,Forest,0,0.0
cnn_masked,7,34,Forest,0,0.0
cnn_masked,7,35,Forest,0,0.0
cnn_masked,7,36,Forest,0,0.0
cnn_masked,7,37,Forest,0,0.0002300000051036477
cnn_masked,7,38,Forest,0,9.999999747378752e-06
cnn_masked,7,39,Forest,0,9.999999747378752e-06
cnn_masked,7,40,Forest,0,1.0
cnn_masked,7,41,Forest,0,0.0
cnn_masked,7,42,Forest,0,9.999999747378752e-06
cnn_masked,7,43,Forest,0,0.0
cnn_masked,7,44,Forest,0,0.0
cnn_masked,7,45,Forest,0,0.0
cnn_masked,7,46,Forest,0,0.0
cnn_masked,7,47,Forest,0,0.00011000000085914508
cnn_masked,7,48,Forest,0,0.00107999995816499
cnn_masked,7,49,Forest,0,0.0154600003734231
cnn_masked,7,50,Forest,0,0.0
cnn_masked,7,51,Forest,0,0.21684999763965607
cnn_masked,7,52,Forest,0,0.0
cnn_masked,7,53,Forest,0,0.0
cnn_masked,7,54,Forest,0,0.0
cnn_masked,7,55,Forest,0,0.0
cnn_masked,7,56,Forest,0,0.0
cnn_masked,7,57,Forest,0,0.0
cnn_masked,7,58,Forest,0,0.0
cnn_masked,7,59,Forest,0,0.0
cnn_masked,7,60,DenseResidential,1,0.0
cnn_masked,7,61,DenseResidential,1,1.0
cnn_masked,7,62,DenseResidential,1,1.0
cnn_masked,7,63,DenseResidential,1,0.024819999933242798
cnn_masked,7,64,DenseResidential,1,0.9930099844932556
cnn_masked,7,65,DenseResidential,1,9.999999747378752e-06
cnn_masked,7,66,DenseResidential,1,0.000699999975040555
cnn_masked,7,67,DenseResidential,1,2.9999999242136255e-05
cnn_masked,7,68,DenseResidential,1,0.0003000000142492354
cnn_masked,7,69,DenseResidential,1,0.006610000040382147
cnn_masked,7,70,DenseResidential,1,1.0
cnn_masked,7,71,DenseResidential,1,0.000859999970998615
cnn_masked,7,72,DenseResidential,1,0.0001500000071246177
cnn_masked,7,73,DenseResidential,1,1.0
cnn_masked,7,74,DenseResidential,1,1.0
cnn_masked,7,75,DenseResidential,1,0.9950199723243713
cnn_masked,7,76,DenseResidential,1,0.9750300049781799
cnn_masked,7,77,DenseResidential,1,0.6333400011062622
cnn_masked,7,78,DenseResidential,1,0.21890999376773834
cnn_masked,7,79,DenseResidential,1,1.0
cnn_masked,7,80,DenseResidential,1,1.0
cnn_masked,7,81,DenseResidential,1,1.0
cnn_masked,7,82,DenseResidential,1,1.0
cnn_masked,7,83,DenseResidential,1,0.07811000198125839
cnn_masked,7,84,DenseResidential,1,1.0
cnn_masked,7,85,DenseResidential,1,1.0
cnn_masked,7,86,DenseResidential,1,0.9800999760627747
cnn_masked,7,87,DenseResidential,1,1.0
cnn_masked,7,88,DenseResidential,1,1.0
cnn_masked,7,89,DenseResidential,1,1.0
cnn_masked,7,90,MediumResidential,1,0.008489999920129776
cnn_masked,7,91,MediumResidential,1,0.5622900128364563
cnn_masked,7,92,MediumResidential,1,0.0
cnn_masked,7,93,MediumResidential,1,1.0
cnn_masked,7,94,MediumResidential,1,1.0
cnn_masked,7,95,MediumResidential,1,0.0
cnn_masked,7,96,MediumResidential,1,0.9751700162887573
cnn_masked,7,97,MediumResidential,1,0.3106899857521057
cnn_masked,7,98,MediumResidential,1,0.001339999958872795
cnn_masked,7,99,MediumResidential,1,0.0017399999778717756
cnn_masked,7,100,MediumResidential,1,1.0
cnn_masked,7,101,MediumResidential,1,0.0021100000012665987
cnn_masked,7,102,MediumResidential,1,1.0
cnn_masked,7,103,MediumResidential,1,0.9918000102043152
cnn_masked,7,104,MediumResidential,1,0.999970018863678
cnn_masked,7,105,MediumResidential,1,0.9999300241470337
cnn_masked,7,106,MediumResidential,1,0.007269999943673611
cnn_masked,7,107,MediumResidential,1,0.9960100054740906
cnn_masked,7,108,MediumResidential,1,0.9932699799537659
cnn_masked,7,109,MediumResidential,1,0.9909200072288513
cnn_masked,7,110,MediumResidential,1,0.9894999861717224
cnn_masked,7,111,MediumResidential,1,0.999750018119812
cnn_masked,7,112,MediumResidential,1,0.0005300000193528831
cnn_masked,7,113,MediumResidential,1,1.0
cnn_masked,7,114,MediumResidential,1,0.0
cnn_masked,7,115,MediumResidential,1,1.0
cnn_masked,7,116,MediumResidential,1,1.0
cnn_masked,7,117,MediumResidential,1,0.7176300287246704
cnn_masked,7,118,MediumResidential,1,0.0
cnn_masked,7,119,MediumResidential,1,7.999999797903001e-05
cnn_masked,8,0,Forest,0,9.999999747378752e-05
cnn_masked,8,1,Forest,0,0.0013899999903514981
cnn_masked,8,2,Forest,0,1.9999999494757503e-05
cnn_masked,8,3,Forest,0,0.09843999892473221
cnn_masked,8,4,Forest,0,2.9999999242136255e-05
cnn_masked,8,5,Forest,0,0.042169999331235886
cnn_masked,8,6,Forest,0,1.9999999494757503e-05
cnn_masked,8,7,Forest,0,1.9999999494757503e-05
cnn_masked,8,8,Forest,0,1.0
cnn_masked,8,9,Forest,0,1.0
cnn_masked,8,10,Forest,0,1.0
cnn_masked,8,11,Forest,0,0.00011000000085914508
cnn_masked,8,12,Forest,0,0.020479999482631683
cnn_masked,8,13,Forest,0,0.9873200058937073
cnn_masked,8,14,Forest,0,1.0
cnn_masked,8,15,Forest,0,0.8805999755859375
cnn_masked,8,16,Forest,0,0.0002099999983329326
cnn_masked,8,17,Forest,0,0.00023999999393709004
cnn_masked,8,18,Forest,0,0.0016199999954551458
cnn_masked,8,19,Forest,0,7.999999797903001e-05
cnn_masked,8,20,Forest,0,1.0
cnn_masked,8,21,Forest,0,1.0
cnn_masked,8,22,Forest,0,4.999999873689376e-05
cnn_masked,8,23,Forest,0,1.0
cnn_masked,8,24,Forest,0,0.9999499917030334
cnn_masked,8,25,Forest,0,0.9945499897003174
cnn_masked,8,26,Forest,0,0.006479999981820583
cnn_masked,8,27,Forest,0,0.00107999995816499
cnn_masked,8,28,Forest,0,0.9155200123786926
cnn_masked,8,29,Forest,0,1.0
cnn_masked,8,30,Forest,0,1.0
cnn_masked,8,31,Forest,0,1.0
cnn_masked,8,32,Forest,0,1.0
cnn_masked,8,33,Forest,0,0.00014000000373926014
cnn_masked,8,34,Forest,0,0.0029899999499320984
cnn_masked,8,35,Forest,0,0.00039999998989515007
cnn_masked,8,36,Forest,0,0.00013000000035390258
cnn_masked,8,37,Forest,0,0.004370000213384628
cnn_masked,8,38,Forest,0,0.05908999964594841
cnn_masked,8,39,Forest,0,0.0008099999977275729
cnn_masked,8,40,Forest,0,1.0
cnn_masked,8,41,Forest,0,0.00013000000035390258
cnn_masked,8,42,Forest,0,0.005239999853074551
cnn_masked,8,43,Forest,0,0.00016999999934341758
cnn_masked,8,44,Forest,0,0.00023999999393709004
cnn_masked,8,45,Forest,0,0.0
cnn_masked,8,46,Forest,0,1.9999999494757503e-05
cnn_masked,8,47,Forest,0,0.010400000028312206
cnn_masked,8,48,Forest,0,0.0028299998957663774
cnn_masked,8,49,Forest,0,0.024150000885128975
cnn_masked,8,50,Forest,0,0.0003100000030826777
cnn_masked,8,51,Forest,0,0.9859700202941895
cnn_masked,8,52,Forest,0,0.0
cnn_masked,8,53,Forest,0,0.0003100000030826777
cnn_masked,8,54,Forest,0,9.000000136438757e-05
cnn_masked,8,55,Forest,0,0.0010000000474974513
cnn_masked,8,56,Forest,0,0.00015999999595806003
cnn_masked,8,57,Forest,0,9.999999747378752e-05
cnn_masked,8,58,Forest,0,9.000000136438757e-05
cnn_masked,8,59,Forest,0,0.0016400000313296914
cnn_masked,8,60,DenseResidential,1,0.0015800000401213765
cnn_masked,8,61,DenseResidential,1,1.0
cnn_masked,8,62,DenseResidential,1,1.0
cnn_masked,8,63,DenseResidential,1,1.0
cnn_masked,8,64,DenseResidential,1,1.0
cnn_masked,8,65,DenseResidential,1,0.28161999583244324
cnn_masked,8,66,DenseResidential,1,0.8714200258255005
cnn_masked,8,67,DenseResidential,1,0.009920000098645687
cnn_masked,8,68,DenseResidential,1,0.28957998752593994
cnn_masked,8,69,DenseResidential,1,0.9970899820327759
cnn_masked,8,70,DenseResidential,1,1.0
cnn_masked,8,71,DenseResidential,1,0.9987800121307373
cnn_masked,8,72,DenseResidential,1,0.04619000107049942
cnn_masked,8,73,DenseResidential,1,1.0
cnn_masked,8,74,DenseResidential,1,1.0
cnn_masked,8,75,DenseResidential,1,1.0
cnn_masked,8,76,DenseResidential,1,1.0
cnn_masked,8,77,DenseResidential,1,1.0
cnn_masked,8,78,DenseResidential,1,0.9995200037956238
cnn_masked,8,79,DenseResidential,1,1.0
cnn_masked,8,80,DenseResidential,1,1.0
cnn_masked,8,81,DenseResidential,1,1.0
cnn_masked,8,82,DenseResidential,1,1.0
cnn_masked,8,83,DenseResidential,1,1.0
cnn_masked,8,84,DenseResidential,1,1.0
cnn_masked,8,85,DenseResidential,1,1.0
cnn_masked,8,86,DenseResidential,1,1.0
cnn_masked,8,87,DenseResidential,1,1.0
cnn_masked,8,88,DenseResidential,1,1.0
cnn_masked,8,89,DenseResidential,1,1.0
cnn_masked,8,90,MediumResidential,1,0.8100200295448303
cnn_masked,8,91,MediumResidential,1,1.0
cnn_masked,8,92,MediumResidential,1,0.028359999880194664
cnn_masked,8,93,MediumResidential,1,1.0
cnn_masked,8,94,MediumResidential,1,1.0
cnn_masked,8,95,MediumResidential,1,0.0007800000021234155
cnn_masked,8,96,MediumResidential,1,1.0
cnn_masked,8,97,MediumResidential,1,0.8830100297927856
cnn_masked,8,98,MediumResidential,1,0.2074500024318695
cnn_masked,8,99,MediumResidential,1,0.4798699915409088
cnn_masked,8,100,MediumResidential,1,1.0
cnn_masked,8,101,MediumResidential,1,0.5700200200080872
cnn_masked,8,102,MediumResidential,1,1.0
cnn_masked,8,103,MediumResidential,1,0.9994699954986572
cnn_masked,8,104,MediumResidential,1,1.0
cnn_masked,8,105,MediumResidential,1,1.0
cnn_masked,8,106,MediumResidential,1,0.9988300204277039
cnn_masked,8,107,MediumResidential,1,1.0
cnn_masked,8,108,MediumResidential,1,1.0
cnn_masked,8,109,MediumResidential,1,1.0
cnn_masked,8,110,MediumResidential,1,0.9999899864196777
cnn_masked,8,111,MediumResidential,1,1.0
cnn_masked,8,112,MediumResidential,1,0.45660001039505005
cnn_masked,8,113,MediumResidential,1,1.0
cnn_masked,8,114,MediumResidential,1,0.0001900000061141327
cnn_masked,8,115,MediumResidential,1,1.0
cnn_masked,8,116,MediumResidential,1,1.0
cnn_masked,8,117,MediumResidential,1,1.0
cnn_masked,8,118,MediumResidential,1,0.003759999992325902
cnn_masked,8,119,MediumResidential,1,0.4395900070667267
cnn_masked,9,0,Forest,0,2.9999999242136255e-05
cnn_masked,9,1,Forest,0,0.0002500000118743628
cnn_masked,9,2,Forest,0,9.999999747378752e-06
cnn_masked,9,3,Forest,0,0.0017999999690800905
cnn_masked,9,4,Forest,0,1.9999999494757503e-05
cnn_masked,9,5,Forest,0,0.00203000009059906
cnn_masked,9,6,Forest,0,9.999999747378752e-06
cnn_masked,9,7,Forest,0,9.999999747378752e-06
cnn_masked,9,8,Forest,0,1.0
cnn_masked,9,9,Forest,0,1.0
cnn_masked,9,10,Forest,0,1.0
cnn_masked,9,11,Forest,0,3.9999998989515007e-05
cnn_masked,9,12,Forest,0,0.005830000154674053
cnn_masked,9,13,Forest,0,0.10546000301837921
cnn_masked,9,14,Forest,0,1.0
cnn_masked,9,15,Forest,0,0.0976099967956543
cnn_masked,9,16,Forest,0,0.00013000000035390258
cnn_masked,9,17,Forest,0,0.00014000000373926014
cnn_masked,9,18,Forest,0,0.004139999859035015
cnn_masked,9,19,Forest,0,1.9999999494757503e-05
cnn_masked,9,20,Forest,0,1.0
cnn_masked,9,21,Forest,0,1.0
cnn_masked,9,22,Forest,0,1.9999999494757503e-05
cnn_masked,9,23,Forest,0,1.0
cnn_masked,9,24,Forest,0,0.9970999956130981
cnn_masked,9,25,Forest,0,0.024150000885128975
cnn_masked,9,26,Forest,0,0.0006600000197067857
cnn_masked,9,27,Forest,0,0.0006399999838322401
cnn_masked,9,28,Forest,0,0.3941200077533722
cnn_masked,9,29,Forest,0,1.0
cnn_masked,9,30,Forest,0,1.0
cnn_masked,9,31,Forest,0,1.0
cnn_masked,9,32,Forest,0,1.0
cnn_masked,9,33,Forest,0,4.999999873689376e-05
cnn_masked,9,34,Forest,0,0.0011899999808520079
cnn_masked,9,35,Forest,0,7.999999797903001e-05
cnn_masked,9,36,Forest,0,0.0001900000061141327
cnn_masked,9,37,Forest,0,0.0038300000596791506
cnn_masked,9,38,Forest,0,0.010339999571442604
cnn_masked,9,39,Forest,0,0.0007999999797903001
cnn_masked,9,40,Forest,0,1.0
cnn_masked,9,41,Forest,0,0.0002899999963119626
cnn_masked,9,42,Forest,0,0.0020099999383091927
cnn_masked,9,43,Forest,0,0.0004199999966658652
cnn_masked,9,44,Forest,0,9.000000136438757e-05
cnn_masked,9,45,Forest,0,0.0
cnn_masked,9,46,Forest,0,1.9999999494757503e-05
cnn_masked,9,47,Forest,0,0.0013800000306218863
cnn_masked,9,48,Forest,0,0.01090999972075224
cnn_masked,9,49,Forest,0,0.04554000124335289
cnn_masked,9,50,Forest,0,0.0001500000071246177
cnn_masked,9,51,Forest,0,0.2158699929714203
cnn_masked,9,52,Forest,0,0.0
cnn_masked,9,53,Forest,0,0.0006600000197067857
cnn_masked,9,54,Forest,0,2.9999999242136255e-05
cnn_masked,9,55,Forest,0,0.00016999999934341758
cnn_masked,9,56,Forest,0,4.999999873689376e-05
cnn_masked,9,57,Forest,0,3.9999998989515007e-05
cnn_masked,9,58,Forest,0,3.9999998989515007e-05
cnn_masked,9,59,Forest,0,0.0002800000074785203
cnn_masked,9,60,DenseResidential,1,9.999999747378752e-05
cnn_masked,9,61,DenseResidential,1,1.0
cnn_masked,9,62,DenseResidential,1,1.0
cnn_masked,9,63,DenseResidential,1,0.9123700261116028
cnn_masked,9,64,DenseResidential,1,1.0
cnn_masked,9,65,DenseResidential,1,0.0010100000072270632
cnn_masked,9,66,DenseResidential,1,0.01436999998986721
cnn_masked,9,67,DenseResidential,1,0.0006699999794363976
cnn_masked,9,68,DenseResidential,1,0.0037799999117851257
cnn_masked,9,69,DenseResidential,1,0.16348999738693237
cnn_masked,9,70,DenseResidential,1,1.0
cnn_masked,9,71,DenseResidential,1,0.6718299984931946
cnn_masked,9,72,DenseResidential,1,0.0013000000035390258
cnn_masked,9,73,DenseResidential,1,1.0
cnn_masked,9,74,DenseResidential,1,1.0
cnn_masked,9,75,DenseResidential,1,0.9995499849319458
cnn_masked,9,76,DenseResidential,1,0.9963499903678894
cnn_masked,9,77,DenseResidential,1,0.9595199823379517
cnn_masked,9,78,DenseResidential,1,0.712660014629364
cnn_masked,9,79,DenseResidential,1,1.0
cnn_masked,9,80,DenseResidential,1,1.0
cnn_masked,9,81,DenseResidential,1,1.0
cnn_masked,9,82,DenseResidential,1,1.0
cnn_masked,9,83,DenseResidential,1,0.9451599717140198
cnn_masked,9,84,DenseResidential,1,1.0
cnn_masked,9,85,DenseResidential,1,1.0
cnn_masked,9,86,DenseResidential,1,0.999970018863678
cnn_masked,9,87,DenseResidential,1,1.0
cnn_masked,9,88,DenseResidential,1,1.0
cnn_masked,9,89,DenseResidential,1,1.0
cnn_masked,9,90,MediumResidential,1,0.31251999735832214
cnn_masked,9,91,MediumResidential,1,0.9999200105667114
cnn_masked,9,92,MediumResidential,1,0.0018700000364333391
cnn_masked,9,93,MediumResidential,1,1.0
cnn_masked,9,94,MediumResidential,1,1.0
cnn_masked,9,95,MediumResidential,1,0.00011999999696854502
cnn_masked,9,96,MediumResidential,1,0.9998999834060669
cnn_masked,9,97,MediumResidential,1,0.5498700141906738
cnn_masked,9,98,MediumResidential,1,0.012249999679625034
cnn_masked,9,99,MediumResidential,1,0.02831999957561493
cnn_masked,9,100,MediumResidential,1,1.0
cnn_masked,9,101,MediumResidential,1,0.13036000728607178
cnn_masked,9,102,MediumResidential,1,1.0
cnn_masked,9,103,MediumResidential,1,0.9482200145721436
cnn_masked,9,104,MediumResidential,1,0.9999799728393555
cnn_masked,9,105,MediumResidential,1,0.9999300241470337
cnn_masked,9,106,MediumResidential,1,0.24844999611377716
cnn_masked,9,107,MediumResidential,1,0.9999899864196777
cnn_masked,9,108,MediumResidential,1,0.9999499917030334
cnn_masked,9,109,MediumResidential,1,0.9998300075531006
cnn_masked,9,110,MediumResidential,1,0.999239981174469
cnn_masked,9,111,MediumResidential,1,1.0
cnn_masked,9,112,MediumResidential,1,0.0643099993467331
cnn_masked,9,113,MediumResidential,1,1.0
cnn_masked,9,114,MediumResidential,1,3.9999998989515007e-05
cnn_masked,9,115,MediumResidential,1,1.0
cnn_masked,9,116,MediumResidential,1,1.0
cnn_masked,9,117,MediumResidential,1,0.9999200105667114
cnn_masked,9,118,MediumResidential,1,0.0002899999963119626
cnn_masked,9,119,MediumResidential,1,0.00610999995842576
cnn,0,0,Forest,0,0.001769999973475933
cnn,0,1,Forest,0,0.9396799802780151
cnn,0,2,Forest,0,0.0
cnn,0,3,Forest,0,1.0
cnn,0,4,Forest,0,0.0
cnn,0,5,Forest,0,1.0
cnn,0,6,Forest,0,0.0
cnn,0,7,Forest,0,0.0
cnn,0,8,Forest,0,1.0
cnn,0,9,Forest,0,1.0
cnn,0,10,Forest,0,1.0
cnn,0,11,Forest,0,7.999999797903001e-05
cnn,0,12,Forest,0,0.9945999979972839
cnn,0,13,Forest,0,1.0
cnn,0,14,Forest,0,1.0
cnn,0,15,Forest,0,0.005940000060945749
cnn,0,16,Forest,0,0.0007099999929778278
cnn,0,17,Forest,0,0.973330020904541
cnn,0,18,Forest,0,1.0
cnn,0,19,Forest,0,0.0
cnn,0,20,Forest,0,1.0
cnn,0,21,Forest,0,1.0
cnn,0,22,Forest,0,1.9999999494757503e-05
cnn,0,23,Forest,0,1.0
cnn,0,24,Forest,0,1.0
cnn,0,25,Forest,0,1.0
cnn,0,26,Forest,0,0.9999899864196777
cnn,0,27,Forest,0,0.9988399744033813
cnn,0,28,Forest,0,1.0
cnn,0,29,Forest,0,1.0
cnn,0,30,Forest,0,1.0
cnn,0,31,Forest,0,1.0
cnn,0,32,Forest,0,1.0
cnn,0,33,Forest,0,3.9999998989515007e-05
cnn,0,34,Forest,0,0.9906499981880188
cnn,0,35,Forest,0,0.00013000000035390258
cnn,0,36,Forest,0,0.9969199895858765
cnn,0,37,Forest,0,0.8700600266456604
cnn,0,38,Forest,0,0.49421998858451843
cnn,0,39,Forest,0,0.9990599751472473
cnn,0,40,Forest,0,1.0
cnn,0,41,Forest,0,1.0
cnn,0,42,Forest,0,0.9583799839019775
cnn,0,43,Forest,0,0.9993299841880798
cnn,0,44,Forest,0,0.002319999970495701
cnn,0,45,Forest,0,0.9952600002288818
cnn,0,46,Forest,0,4.999999873689376e-05
cnn,0,47,Forest,0,0.9996200203895569
cnn,0,48,Forest,0,1.0
cnn,0,49,Forest,0,1.0
cnn,0,50,Forest,0,0.621720016002655
cnn,0,51,Forest,0,1.0
cnn,0,52,Forest,0,0.9913399815559387
cnn,0,53,Forest,0,0.6523399949073792
cnn,0,54,Forest,0,0.0
cnn,0,55,Forest,0,0.9955499768257141
cnn,0,56,Forest,0,0.00023999999393709004
cnn,0,57,Forest,0,0.00011000000085914508
cnn,0,58,Forest,0,0.00013000000035390258
cnn,0,59,Forest,0,0.9905300140380859
cnn,0,60,DenseResidential,1,1.0
cnn,0,61,DenseResidential,1,1.0
cnn,0,62,DenseResidential,1,1.0
cnn,0,63,DenseResidential,1,1.0
cnn,0,64,DenseResidential,1,1.0
cnn,0,65,DenseResidential,1,1.0
cnn,0,66,DenseResidential,1,1.0
cnn,0,67,DenseResidential,1,1.0
cnn,0,68,DenseResidential,1,1.0
cnn,0,69,DenseResidential,1,1.0
cnn,0,70,DenseResidential,1,1.0
cnn,0,71,DenseResidential,1,1.0
cnn,0,72,DenseResidential,1,1.0
cnn,0,73,DenseResidential,1,1.0
cnn,0,74,DenseResidential,1,1.0
cnn,0,75,DenseResidential,1,1.0
cnn,0,76,DenseResidential,1,1.0
cnn,0,77,DenseResidential,1,1.0
cnn,0,78,DenseResidential,1,1.0
cnn,0,79,DenseResidential,1,1.0
cnn,0,80,DenseResidential,1,1.0
cnn,0,81,DenseResidential,1,1.0
cnn,0,82,DenseResidential,1,1.0
cnn,0,83,DenseResidential,1,1.0
cnn,0,84,DenseResidential,1,1.0
cnn,0,85,DenseResidential,1,1.0
cnn,0,86,DenseResidential,1,1.0
cnn,0,87,DenseResidential,1,1.0
cnn,0,88,DenseResidential,1,1.0
cnn,0,89,DenseResidential,1,1.0
cnn,0,90,MediumResidential,1,1.0
cnn,0,91,MediumResidential,1,1.0
cnn,0,92,MediumResidential,1,1.0
cnn,0,93,MediumResidential,1,1.0
cnn,0,94,MediumResidential,1,1.0
cnn,0,95,MediumResidential,1,0.01425000000745058
cnn,0,96,MediumResidential,1,1.0
cnn,0,97,MediumResidential,1,1.0
cnn,0,98,MediumResidential,1,1.0
cnn,0,99,MediumResidential,1,0.9976400136947632
cnn,0,100,MediumResidential,1,1.0
cnn,0,101,MediumResidential,1,1.0
cnn,0,102,MediumResidential,1,1.0
cnn,0,103,MediumResidential,1,1.0
cnn,0,104,MediumResidential,1,1.0
cnn,0,105,MediumResidential,1,1.0
cnn,0,106,MediumResidential,1,1.0
cnn,0,107,MediumResidential,1,1.0
cnn,0,108,MediumResidential,1,1.0
cnn,0,109,MediumResidential,1,1.0
cnn,0,110,MediumResidential,1,1.0
cnn,0,111,MediumResidential,1,1.0
cnn,0,112,MediumResidential,1,1.0
cnn,0,113,MediumResidential,1,1.0
cnn,0,114,MediumResidential,1,0.999970018863678
cnn,0,115,MediumResidential,1,1.0
cnn,0,116,MediumResidential,1,1.0
cnn,0,117,MediumResidential,1,1.0
cnn,0,118,MediumResidential,1,1.0
cnn,0,119,MediumResidential,1,1.0
cnn,1,0,Forest,0,0.09983000159263611
cnn,1,1,Forest,0,0.9997900128364563
cnn,1,2,Forest,0,0.0
cnn,1,3,Forest,0,1.0
cnn,1,4,Forest,0,9.999999747378752e-06
cnn,1,5,Forest,0,1.0
cnn,1,6,Forest,0,0.0
cnn,1,7,Forest,0,0.0
cnn,1,8,Forest,0,1.0
cnn,1,9,Forest,0,1.0
cnn,1,10,Forest,0,1.0
cnn,1,11,Forest,0,0.0008699999889358878
cnn,1,12,Forest,0,0.999809980392456
cnn,1,13,Forest,0,1.0
cnn,1,14,Forest,0,1.0
cnn,1,15,Forest,0,0.011549999937415123
cnn,1,16,Forest,0,0.0066999997943639755
cnn,1,17,Forest,0,0.9512500166893005
cnn,1,18,Forest,0,0.9995399713516235
cnn,1,19,Forest,0,0.00015999999595806003
cnn,1,20,Forest,0,1.0
cnn,1,21,Forest,0,1.0
cnn,1,22,Forest,0,0.0004400000034365803
cnn,1,23,Forest,0,1.0
cnn,1,24,Forest,0,1.0
cnn,1,25,Forest,0,1.0
cnn,1,26,Forest,0,1.0
cnn,1,27,Forest,0,0.6593999862670898
cnn,1,28,Forest,0,1.0
cnn,1,29,Forest,0,1.0
cnn,1,30,Forest,0,1.0
cnn,1,31,Forest,0,1.0
cnn,1,32,Forest,0,1.0
cnn,1,33,Forest,0,0.0004900000058114529
cnn,1,34,Forest,0,0.9998499751091003
cnn,1,35,Forest,0,0.027820000424981117
cnn,1,36,Forest,0,0.9883700013160706
cnn,1,37,Forest,0,0.6954900026321411
cnn,1,38,Forest,0,0.40564998984336853
cnn,1,39,Forest,0,0.9996600151062012
cnn,1,40,Forest,0,1.0
cnn,1,41,Forest,0,0.9999300241470337
cnn,1,42,Forest,0,0.8828700184822083
cnn,1,43,Forest,0,0.8384600281715393
cnn,1,44,Forest,0,0.018360000103712082
cnn,1,45,Forest,0,0.10129000246524811
cnn,1,46,Forest,0,4.999999873689376e-05
cnn,1,47,Forest,0,1.0
cnn,1,48,Forest,0,1.0
cnn,1,49,Forest,0,1.0
cnn,1,50,Forest,0,0.9460899829864502
cnn,1,51,Forest,0,1.0
cnn,1,52,Forest,0,0.6551100015640259
cnn,1,53,Forest,0,0.07325000315904617
cnn,1,54,Forest,0,5.999999848427251e-05
cnn,1,55,Forest,0,0.9999200105667114
cnn,1,56,Forest,0,0.014059999957680702
cnn,1,57,Forest,0,0.0008099999977275729
cnn,1,58,Forest,0,0.0030799999367445707
cnn,1,59,Forest,0,0.9996600151062012
cnn,1,60,DenseResidential,1,1.0
cnn,1,61,DenseResidential,1,1.0
cnn,1,62,DenseResidential,1,1.0
cnn,1,63,DenseResidential,1,1.0
cnn,1,64,DenseResidential,1,1.0
cnn,1,65,DenseResidential,1,1.0
cnn,1,66,DenseResidential,1,1.0
cnn,1,67,DenseResidential,1,1.0
cnn,1,68,DenseResidential,1,1.0
cnn,1,69,DenseResidential,1,1.0
cnn,1,70,DenseResidential,1,1.0
cnn,1,71,DenseResidential,1,1.0
cnn,1,72,DenseResidential,1,1.0
cnn,1,73,DenseResidential,1,1.0
cnn,1,74,DenseResidential,1,1.0
cnn,1,75,DenseResidential,1,1.0
cnn,1,76,DenseResidential,1,1.0
cnn,1,77,DenseResidential,1,1.0
cnn,1,78,DenseResidential,1,1.0
cnn,1,79,DenseResidential,1,1.0
cnn,1,80,DenseResidential,1,1.0
cnn,1,81,DenseResidential,1,1.0
cnn,1,82,DenseResidential,1,1.0
cnn,1,83,DenseResidential,1,1.0
cnn,1,84,DenseResidential,1,1.0
cnn,1,85,DenseResidential,1,1.0
cnn,1,86,DenseResidential,1,1.0
cnn,1,87,DenseResidential,1,1.0
cnn,1,88,DenseResidential,1,1.0
cnn,1,89,DenseResidential,1,1.0
cnn,1,90,MediumResidential,1,1.0
cnn,1,91,MediumResidential,1,1.0
cnn,1,92,MediumResidential,1,1.0
cnn,1,93,MediumResidential,1,1.0
cnn,1,94,MediumResidential,1,1.0
cnn,1,95,MediumResidential,1,0.9970899820327759
cnn,1,96,MediumResidential,1,1.0
cnn,1,97,MediumResidential,1,1.0
cnn,1,98,MediumResidential,1,1.0
cnn,1,99,MediumResidential,1,0.9999899864196777
cnn,1,100,MediumResidential,1,1.0
cnn,1,101,MediumResidential,1,1.0
cnn,1,102,MediumResidential,1,1.0
cnn,1,103,MediumResidential,1,1.0
cnn,1,104,MediumResidential,1,1.0
cnn,1,105,MediumResidential,1,1.0
cnn,1,106,MediumResidential,1,1.0
cnn,1,107,MediumResidential,1,1.0
cnn,1,108,MediumResidential,1,1.0
cnn,1,109,MediumResidential,1,1.0
cnn,1,110,MediumResidential,1,1.0
cnn,1,111,MediumResidential,1,1.0
cnn,1,112,MediumResidential,1,1.0
cnn,1,113,MediumResidential,1,1.0
cnn,1,114,MediumResidential,1,0.9999899864196777
cnn,1,115,MediumResidential,1,1.0
cnn,1,116,MediumResidential,1,1.0
cnn,1,117,MediumResidential,1,1.0
cnn,1,118,MediumResidential,1,1.0
cnn,1,119,MediumResidential,1,1.0
cnn,2,0,Forest,0,0.00011999999696854502
cnn,2,1,Forest,0,0.035029999911785126
cnn,2,2,Forest,0,0.0
cnn,2,3,Forest,0,1.0
cnn,2,4,Forest,0,0.0
cnn,2,5,Forest,0,0.999970018863678
cnn,2,6,Forest,0,0.0
cnn,2,7,Forest,0,0.0
cnn,2,8,Forest,0,1.0
cnn,2,9,Forest,0,1.0
cnn,2,10,Forest,0,1.0
cnn,2,11,Forest,0,9.999999747378752e-06
cnn,2,12,Forest,0,0.9688500165939331
cnn,2,13,Forest,0,1.0
cnn,2,14,Forest,0,1.0
cnn,2,15,Forest,0,0.0027000000700354576
cnn,2,16,Forest,0,9.999999747378752e-05
cnn,2,17,Forest,0,0.012889999896287918
cnn,2,18,Forest,0,1.0
cnn,2,19,Forest,0,0.0
cnn,2,20,Forest,0,1.0
cnn,2,21,Forest,0,1.0
cnn,2,22,Forest,0,1.9999999494757503e-05
cnn,2,23,Forest,0,1.0
cnn,2,24,Forest,0,1.0
cnn,2,25,Forest,0,1.0
cnn,2,26,Forest,0,0.9987300038337708
cnn,2,27,Forest,0,0.856689989566803
cnn,2,28,Forest,0,1.0
cnn,2,29,Forest,0,1.0
cnn,2,30,Forest,0,1.0
cnn,2,31,Forest,0,1.0
cnn,2,32,Forest,0,1.0
cnn,2,33,Forest,0,9.999999747378752e-06
cnn,2,34,Forest,0,0.980679988861084
cnn,2,35,Forest,0,9.999999747378752e-05
cnn,2,36,Forest,0,0.25936999917030334
cnn,2,37,Forest,0,0.60725998878479
cnn,2,38,Forest,0,0.009870000183582306
cnn,2,39,Forest,0,0.9953399896621704
cnn,2,40,Forest,0,1.0
cnn,2,41,Forest,0,0.9813899993896484
cnn,2,42,Forest,0,0.9281700253486633
cnn,2,43,Forest,0,0.03765999898314476
cnn,2,44,Forest,0,3.9999998989515007e-05
cnn,2,45,Forest,0,9.999999747378752e-06
cnn,2,46,Forest,0,0.0
cnn,2,47,Forest,0,0.956279993057251
cnn,2,48,Forest,0,1.0
cnn,2,49,Forest,0,1.0
cnn,2,50,Forest,0,0.05534999817609787
cnn,2,51,Forest,0,1.0
cnn,2,52,Forest,0,2.9999999242136255e-05
cnn,2,53,Forest,0,0.0063299997709691525
cnn,2,54,Forest,0,9.999999747378752e-06
cnn,2,55,Forest,0,0.1453000009059906
cnn,2,56,Forest,0,1.9999999494757503e-05
cnn,2,57,Forest,0,1.9999999494757503e-05
cnn,2,58,Forest,0,9.999999747378752e-06
cnn,2,59,Forest,0,0.182669997215271
cnn,2,60,DenseResidential,1,1.0
cnn,2,61,DenseResidential,1,1.0
cnn,2,62,DenseResidential,1,1.0
cnn,2,63,DenseResidential,1,1.0
cnn,2,64,DenseResidential,1,1.0
cnn,2,65,DenseResidential,1,1.0
cnn,2,66,DenseResidential,1,1.0
cnn,2,67,DenseResidential,1,1.0
cnn,2,68,DenseResidential,1,1.0
cnn,2,69,DenseResidential,1,1.0
cnn,2,70,DenseResidential,1,1.0
cnn,2,71,DenseResidential,1,1.0
cnn,2,72,DenseResidential,1,1.0
cnn,2,73,DenseResidential,1,1.0
cnn,2,74,DenseResidential,1,1.0
cnn,2,75,DenseResidential,1,1.0
cnn,2,76,DenseResidential,1,1.0
cnn,2,77,DenseResidential,1,1.0
cnn,2,78,DenseResidential,1,1.0
cnn,2,79,DenseResidential,1,1.0
cnn,2,80,DenseResidential,1,1.0
cnn,2,81,DenseResidential,1,1.0
cnn,2,82,DenseResidential,1,1.0
cnn,2,83,DenseResidential,1,1.0
cnn,2,84,DenseResidential,1,1.0
cnn,2,85,DenseResidential,1,1.0
cnn,2,86,DenseResidential,1,1.0
cnn,2,87,DenseResidential,1,1.0
cnn,2,88,DenseResidential,1,1.0
cnn,2,89,DenseResidential,1,1.0
cnn,2,90,MediumResidential,1,1.0
cnn,2,91,MediumResidential,1,1.0
cnn,2,92,MediumResidential,1,0.9999899864196777
cnn,2,93,MediumResidential,1,1.0
cnn,2,94,MediumResidential,1,1.0
cnn,2,95,MediumResidential,1,0.00033999999868683517
cnn,2,96,MediumResidential,1,1.0
cnn,2,97,MediumResidential,1,1.0
cnn,2,98,MediumResidential,1,0.9998700022697449
cnn,2,99,MediumResidential,1,0.9865900278091431
cnn,2,100,MediumResidential,1,1.0
cnn,2,101,MediumResidential,1,1.0
cnn,2,102,MediumResidential,1,1.0
cnn,2,103,MediumResidential,1,1.0
cnn,2,104,MediumResidential,1,1.0
cnn,2,105,MediumResidential,1,1.0
cnn,2,106,MediumResidential,1,1.0
cnn,2,107,MediumResidential,1,1.0
cnn,2,108,MediumResidential,1,1.0
cnn,2,109,MediumResidential,1,1.0
cnn,2,110,MediumResidential,1,1.0
cnn,2,111,MediumResidential,1,1.0
cnn,2,112,MediumResidential,1,1.0
cnn,2,113,MediumResidential,1,1.0
cnn,2,114,MediumResidential,1,0.9598199725151062
cnn,2,115,MediumResidential,1,1.0
cnn,2,116,MediumResidential,1,1.0
cnn,2,117,MediumResidential,1,1.0
cnn,2,118,MediumResidential,1,0.9947199821472168
cnn,2,119,MediumResidential,1,0.9999600052833557
cnn,3,0,Forest,0,0.0033100000582635403
cnn,3,1,Forest,0,0.979420006275177
cnn,3,2,Forest,0,0.0
cnn,3,3,Forest,0,1.0
cnn,3,4,Forest,0,0.0
cnn,3,5,Forest,0,1.0
cnn,3,6,Forest,0,0.0
cnn,3,7,Forest,0,0.0
cnn,3,8,Forest,0,1.0
cnn,3,9,Forest,0,1.0
cnn,3,10,Forest,0,1.0
cnn,3,11,Forest,0,7.000000186963007e-05
cnn,3,12,Forest,0,0.9999399781227112
cnn,3,13,Forest,0,1.0
cnn,3,14,Forest,0,1.0
cnn,3,15,Forest,0,0.06459999829530716
cnn,3,16,Forest,0,0.020500000566244125
cnn,3,17,Forest,0,0.9967799782752991
cnn,3,18,Forest,0,1.0
cnn,3,19,Forest,0,9.999999747378752e-06
cnn,3,20,Forest,0,1.0
cnn,3,21,Forest,0,1.0
cnn,3,22,Forest,0,9.000000136438757e-05
cnn,3,23,Forest,0,1.0
cnn,3,24,Forest,0,1.0
cnn,3,25,Forest,0,1.0
cnn,3,26,Forest,0,1.0
cnn,3,27,Forest,0,0.9995200037956238
cnn,3,28,Forest,0,1.0
cnn,3,29,Forest,0,1.0
cnn,3,30,Forest,0,1.0
cnn,3,31,Forest,0,1.0
cnn,3,32,Forest,0,1.0
cnn,3,33,Forest,0,7.999999797903001e-05
cnn,3,34,Forest,0,0.9971200227737427
cnn,3,35,Forest,0,0.0033599999733269215
cnn,3,36,Forest,0,0.9932399988174438
cnn,3,37,Forest,0,0.9983599781990051
cnn,3,38,Forest,0,0.8882399797439575
cnn,3,39,Forest,0,0.9999899864196777
cnn,3,40,Forest,0,1.0
cnn,3,41,Forest,0,0.9999600052833557
cnn,3,42,Forest,0,0.9894400238990784
cnn,3,43,Forest,0,0.9952700138092041
cnn,3,44,Forest,0,0.0019099999917671084
cnn,3,45,Forest,0,0.019370000809431076
cnn,3,46,Forest,0,1.9999999494757503e-05
cnn,3,47,Forest,0,0.9999799728393555
cnn,3,48,Forest,0,1.0
cnn,3,49,Forest,0,1.0
cnn,3,50,Forest,0,0.9913899898529053
cnn,3,51,Forest,0,1.0
cnn,3,52,Forest,0,0.4641599953174591
cnn,3,53,Forest,0,0.47940999269485474
cnn,3,54,Forest,0,1.9999999494757503e-05
cnn,3,55,Forest,0,0.9992200136184692
cnn,3,56,Forest,0,0.0010300000431016088
cnn,3,57,Forest,0,0.0001500000071246177
cnn,3,58,Forest,0,0.000750000006519258
cnn,3,59,Forest,0,0.9954800009727478
cnn,3,60,DenseResidential,1,1.0
cnn,3,61,DenseResidential,1,1.0
cnn,3,62,DenseResidential,1,1.0
cnn,3,63,DenseResidential,1,1.0
cnn,3,64,DenseResidential,1,1.0
cnn,3,65,DenseResidential,1,1.0
cnn,3,66,DenseResidential,1,1.0
cnn,3,67,DenseResidential,1,1.0
cnn,3,68,DenseResidential,1,1.0
cnn,3,69,DenseResidential,1,1.0
cnn,3,70,DenseResidential,1,1.0
cnn,3,71,DenseResidential,1,1.0
cnn,3,72,DenseResidential,1,1.0
cnn,3,73,DenseResidential,1,1.0
cnn,3,74,DenseResidential,1,1.0
cnn,3,75,DenseResidential,1,1.0
cnn,3,76,DenseResidential,1,1.0
cnn,3,77,DenseResidential,1,1.0
cnn,3,78,DenseResidential,1,1.0
cnn,3,79,DenseResidential,1,1.0
cnn,3,80,DenseResidential,1,1.0
cnn,3,81,DenseResidential,1,1.0
cnn,3,82,DenseResidential,1,1.0
cnn,3,83,DenseResidential,1,1.0
cnn,3,84,DenseResidential,1,1.0
cnn,3,85,DenseResidential,1,1.0
cnn,3,86,DenseResidential,1,1.0
cnn,3,87,DenseResidential,1,1.0
cnn,3,88,DenseResidential,1,1.0
cnn,3,89,DenseResidential,1,1.0
cnn,3,90,MediumResidential,1,1.0
cnn,3,91,MediumResidential,1,1.0
cnn,3,92,MediumResidential,1,1.0
cnn,3,93,MediumResidential,1,1.0
cnn,3,94,MediumResidential,1,1.0
cnn,3,95,MediumResidential,1,0.6259300112724304
cnn,3,96,MediumResidential,1,1.0
cnn,3,97,MediumResidential,1,1.0
cnn,3,98,MediumResidential,1,1.0
cnn,3,99,MediumResidential,1,0.9999300241470337
cnn,3,100,MediumResidential,1,1.0
cnn,3,101,MediumResidential,1,1.0
cnn,3,102,MediumResidential,1,1.0
cnn,3,103,MediumResidential,1,1.0
cnn,3,104,MediumResidential,1,1.0
cnn,3,105,MediumResidential,1,1.0
cnn,3,106,MediumResidential,1,1.0
cnn,3,107,MediumResidential,1,1.0
cnn,3,108,MediumResidential,1,1.0
cnn,3,109,MediumResidential,1,1.0
cnn,3,110,MediumResidential,1,1.0
cnn,3,111,MediumResidential,1,1.0
cnn,3,112,MediumResidential,1,1.0
cnn,3,113,MediumResidential,1,1.0
cnn,3,114,MediumResidential,1,0.9996899962425232
cnn,3,115,MediumResidential,1,1.0
cnn,3,116,MediumResidential,1,1.0
cnn,3,117,MediumResidential,1,1.0
cnn,3,118,MediumResidential,1,1.0
cnn,3,119,MediumResidential,1,1.0
cnn,4,0,Forest,0,0.11294999718666077
cnn,4,1,Forest,0,0.9951599836349487
cnn,4,2,Forest,0,5.999999848427251e-05
cnn,4,3,Forest,0,1.0
cnn,4,4,Forest,0,9.000000136438757e-05
cnn,4,5,Forest,0,1.0
cnn,4,6,Forest,0,3.9999998989515007e-05
cnn,4,7,Forest,0,0.00011000000085914508
cnn,4,8,Forest,0,1.0
cnn,4,9,Forest,0,1.0
cnn,4,10,Forest,0,1.0
cnn,4,11,Forest,0,0.006719999946653843
cnn,4,12,Forest,0,0.9977700114250183
cnn,4,13,Forest,0,1.0
cnn,4,14,Forest,0,1.0
cnn,4,15,Forest,0,0.018780000507831573
cnn,4,16,Forest,0,0.012140000239014626
cnn,4,17,Forest,0,0.9401999711990356
cnn,4,18,Forest,0,0.9999899864196777
cnn,4,19,Forest,0,0.000859999970998615
cnn,4,20,Forest,0,1.0
cnn,4,21,Forest,0,1.0
cnn,4,22,Forest,0,0.003530000103637576
cnn,4,23,Forest,0,1.0
cnn,4,24,Forest,0,1.0
cnn,4,25,Forest,0,1.0
cnn,4,26,Forest,0,1.0
cnn,4,27,Forest,0,0.9968000054359436
cnn,4,28,Forest,0,1.0
cnn,4,29,Forest,0,1.0
cnn,4,30,Forest,0,1.0
cnn,4,31,Forest,0,1.0
cnn,4,32,Forest,0,1.0
cnn,4,33,Forest,0,0.003370000049471855
cnn,4,34,Forest,0,0.9995499849319458
cnn,4,35,Forest,0,0.01278000045567751
cnn,4,36,Forest,0,0.8745800256729126
cnn,4,37,Forest,0,0.6061000227928162
cnn,4,38,Forest,0,0.2399500012397766
cnn,4,39,Forest,0,0.9919300079345703
cnn,4,40,Forest,0,1.0
cnn,4,41,Forest,0,0.9993199706077576
cnn,4,42,Forest,0,0.9396600127220154
cnn,4,43,Forest,0,0.6861100196838379
cnn,4,44,Forest,0,0.03869999945163727
cnn,4,45,Forest,0,0.12261000275611877
cnn,4,46,Forest,0,0.0002699999895412475
cnn,4,47,Forest,0,0.9998700022697449
cnn,4,48,Forest,0,1.0
cnn,4,49,Forest,0,1.0
cnn,4,50,Forest,0,0.929069995880127
cnn,4,51,Forest,0,1.0
cnn,4,52,Forest,0,0.8373200297355652
cnn,4,53,Forest,0,0.0517599992454052
cnn,4,54,Forest,0,0.0001500000071246177
cnn,4,55,Forest,0,0.9993199706077576
cnn,4,56,Forest,0,0.01988999918103218
cnn,4,57,Forest,0,0.00953999999910593
cnn,4,58,Forest,0,0.004310000222176313
cnn,4,59,Forest,0,0.9975399971008301
cnn,4,60,DenseResidential,1,1.0
cnn,4,61,DenseResidential,1,1.0
cnn,4,62,DenseResidential,1,1.0
cnn,4,63,DenseResidential,1,1.0
cnn,4,64,DenseResidential,1,1.0
cnn,4,65,DenseResidential,1,1.0
cnn,4,66,DenseResidential,1,1.0
cnn,4,67,DenseResidential,1,1.0
cnn,4,68,DenseResidential,1,1.0
cnn,4,69,DenseResidential,1,1.0
cnn,4,70,DenseResidential,1,1.0
cnn,4,71,DenseResidential,1,1.0
cnn,4,72,DenseResidential,1,1.0
cnn,4,73,DenseResidential,1,1.0
cnn,4,74,DenseResidential,1,1.0
cnn,4,75,DenseResidential,1,1.0
cnn,4,76,DenseResidential,1,1.0
cnn,4,77,DenseResidential,1,1.0
cnn,4,78,DenseResidential,1,1.0
cnn,4,79,DenseResidential,1,1.0
cnn,4,80,DenseResidential,1,1.0
cnn,4,81,DenseResidential,1,1.0
cnn,4,82,DenseResidential,1,1.0
cnn,4,83,DenseResidential,1,1.0
cnn,4,84,DenseResidential,1,1.0
cnn,4,85,DenseResidential,1,1.0
cnn,4,86,DenseResidential,1,1.0
cnn,4,87,DenseResidential,1,1.0
cnn,4,88,DenseResidential,1,1.0
cnn,4,89,DenseResidential,1,1.0
cnn,4,90,MediumResidential,1,1.0
cnn,4,91,MediumResidential,1,1.0
cnn,4,92,MediumResidential,1,1.0
cnn,4,93,MediumResidential,1,1.0
cnn,4,94,MediumResidential,1,1.0
cnn,4,95,MediumResidential,1,0.8126400113105774
cnn,4,96,MediumResidential,1,1.0
cnn,4,97,MediumResidential,1,1.0
cnn,4,98,MediumResidential,1,1.0
cnn,4,99,MediumResidential,1,0.9995599985122681
cnn,4,100,MediumResidential,1,1.0
cnn,4,101,MediumResidential,1,1.0
cnn,4,102,MediumResidential,1,1.0
cnn,4,103,MediumResidential,1,1.0
cnn,4,104,MediumResidential,1,1.0
cnn,4,105,MediumResidential,1,1.0
cnn,4,106,MediumResidential,1,1.0
cnn,4,107,MediumResidential,1,1.0
cnn,4,108,MediumResidential,1,1.0
cnn,4,109,MediumResidential,1,1.0
cnn,4,110,MediumResidential,1,1.0
cnn,4,111,MediumResidential,1,1.0
cnn,4,112,MediumResidential,1,1.0
cnn,4,113,MediumResidential,1,1.0
cnn,4,114,MediumResidential,1,0.9999799728393555
cnn,4,115,MediumResidential,1,1.0
cnn,4,116,MediumResidential,1,1.0
cnn,4,117,MediumResidential,1,1.0
cnn,4,118,MediumResidential,1,1.0
cnn,4,119,MediumResidential,1,1.0
cnn,5,0,Forest,0,0.00015999999595806003
cnn,5,1,Forest,0,0.3291899859905243
cnn,5,2,Forest,0,0.0
cnn,5,3,Forest,0,1.0
cnn,5,4,Forest,0,0.0
cnn,5,5,Forest,0,1.0
cnn,5,6,Forest,0,0.0
cnn,5,7,Forest,0,0.0
cnn,5,8,Forest,0,1.0
cnn,5,9,Forest,0,1.0
cnn,5,10,Forest,0,1.0
cnn,5,11,Forest,0,0.0
cnn,5,12,Forest,0,0.9957500100135803
cnn,5,13,Forest,0,1.0
cnn,5,14,Forest,0,1.0
cnn,5,15,Forest,0,0.000699999975040555
cnn,5,16,Forest,0,0.00016999999934341758
cnn,5,17,Forest,0,0.4761100113391876
cnn,5,18,Forest,0,1.0
cnn,5,19,Forest,0,0.0
cnn,5,20,Forest,0,1.0
cnn,5,21,Forest,0,1.0
cnn,5,22,Forest,0,0.0
cnn,5,23,Forest,0,1.0
cnn,5,24,Forest,0,1.0
cnn,5,25,Forest,0,1.0
cnn,5,26,Forest,0,0.9999499917030334
cnn,5,27,Forest,0,0.9896199703216553
cnn,5,28,Forest,0,1.0
cnn,5,29,Forest,0,1.0
cnn,5,30,Forest,0,1.0
cnn,5,31,Forest,0,1.0
cnn,5,32,Forest,0,1.0
cnn,5,33,Forest,0,0.0
cnn,5,34,Forest,0,0.9527400135993958
cnn,5,35,Forest,0,2.9999999242136255e-05
cnn,5,36,Forest,0,0.3668299913406372
cnn,5,37,Forest,0,0.9071900248527527
cnn,5,38,Forest,0,0.05688000097870827
cnn,5,39,Forest,0,0.9978299736976624
cnn,5,40,Forest,0,1.0
cnn,5,41,Forest,0,0.9966700077056885
cnn,5,42,Forest,0,0.772819995880127
cnn,5,43,Forest,0,0.3142099976539612
cnn,5,44,Forest,0,3.9999998989515007e-05
cnn,5,45,Forest,0,0.0014199999859556556
cnn,5,46,Forest,0,0.0
cnn,5,47,Forest,0,0.9995800256729126
cnn,5,48,Forest,0,1.0
cnn,5,49,Forest,0,1.0
cnn,5,50,Forest,0,0.2122199982404709
cnn,5,51,Forest,0,1.0
cnn,5,52,Forest,0,0.003909999970346689
cnn,5,53,Forest,0,0.01522000040858984
cnn,5,54,Forest,0,0.0
cnn,5,55,Forest,0,0.8459100127220154
cnn,5,56,Forest,0,9.999999747378752e-06
cnn,5,57,Forest,0,9.999999747378752e-06
cnn,5,58,Forest,0,9.999999747378752e-06
cnn,5,59,Forest,0,0.7498700022697449
cnn,5,60,DenseResidential,1,1.0
cnn,5,61,DenseResidential,1,1.0
cnn,5,62,DenseResidential,1,1.0
cnn,5,63,DenseResidential,1,1.0
cnn,5,64,DenseResidential,1,1.0
cnn,5,65,DenseResidential,1,1.0
cnn,5,66,DenseResidential,1,1.0
cnn,5,67,DenseResidential,1,1.0
cnn,5,68,DenseResidential,1,1.0
cnn,5,69,DenseResidential,1,1.0
cnn,5,70,DenseResidential,1,1.0
cnn,5,71,DenseResidential,1,1.0
cnn,5,72,DenseResidential,1,1.0
cnn,5,73,DenseResidential,1,1.0
cnn,5,74,DenseResidential,1,1.0
cnn,5,75,DenseResidential,1,1.0
cnn,5,76,DenseResidential,1,1.0
cnn,5,77,DenseResidential,1,1.0
cnn,5,78,DenseResidential,1,1.0
cnn,5,79,DenseResidential,1,1.0
cnn,5,80,DenseResidential,1,1.0
cnn,5,81,DenseResidential,1,1.0
cnn,5,82,DenseResidential,1,1.0
cnn,5,83,DenseResidential,1,1.0
cnn,5,84,DenseResidential,1,1.0
cnn,5,85,DenseResidential,1,1.0
cnn,5,86,DenseResidential,1,1.0
cnn,5,87,DenseResidential,1,1.0
cnn,5,88,DenseResidential,1,1.0
cnn,5,89,DenseResidential,1,1.0
cnn,5,90,MediumResidential,1,1.0
cnn,5,91,MediumResidential,1,1.0
cnn,5,92,MediumResidential,1,1.0
cnn,5,93,MediumResidential,1,1.0
cnn,5,94,MediumResidential,1,1.0
cnn,5,95,MediumResidential,1,0.004040000028908253
cnn,5,96,MediumResidential,1,1.0
cnn,5,97,MediumResidential,1,1.0
cnn,5,98,MediumResidential,1,0.9999899864196777
cnn,5,99,MediumResidential,1,0.9976400136947632
cnn,5,100,MediumResidential,1,1.0
cnn,5,101,MediumResidential,1,1.0
cnn,5,102,MediumResidential,1,1.0
cnn,5,103,MediumResidential,1,1.0
cnn,5,104,MediumResidential,1,1.0
cnn,5,105,MediumResidential,1,1.0
cnn,5,106,MediumResidential,1,1.0
cnn,5,107,MediumResidential,1,1.0
cnn,5,108,MediumResidential,1,1.0
cnn,5,109,MediumResidential,1,1.0
cnn,5,110,MediumResidential,1,1.0
cnn,5,111,MediumResidential,1,1.0
cnn,5,112,MediumResidential,1,1.0
cnn,5,113,MediumResidential,1,1.0
cnn,5,114,MediumResidential,1,0.9973499774932861
cnn,5,115,MediumResidential,1,1.0
cnn,5,116,MediumResidential,1,1.0
cnn,5,117,MediumResidential,1,1.0
cnn,5,118,MediumResidential,1,0.9999200105667114
cnn,5,119,MediumResidential,1,1.0
cnn,6,0,Forest,0,0.0195700004696846
cnn,6,1,Forest,0,0.9707199931144714
cnn,6,2,Forest,0,9.999999747378752e-06
cnn,6,3,Forest,0,1.0
cnn,6,4,Forest,0,9.999999747378752e-06
cnn,6,5,Forest,0,1.0
cnn,6,6,Forest,0,9.999999747378752e-06
cnn,6,7,Forest,0,9.999999747378752e-06
cnn,6,8,Forest,0,1.0
cnn,6,9,Forest,0,1.0
cnn,6,10,Forest,0,1.0
cnn,6,11,Forest,0,0.00026000000070780516
cnn,6,12,Forest,0,0.9980800151824951
cnn,6,13,Forest,0,1.0
cnn,6,14,Forest,0,1.0
cnn,6,15,Forest,0,0.008510000072419643
cnn,6,16,Forest,0,0.003590000094845891
cnn,6,17,Forest,0,0.415910005569458
cnn,6,18,Forest,0,0.9954100251197815
cnn,6,19,Forest,0,4.999999873689376e-05
cnn,6,20,Forest,0,1.0
cnn,6,21,Forest,0,1.0
cnn,6,22,Forest,0,0.0002699999895412475
cnn,6,23,Forest,0,1.0
cnn,6,24,Forest,0,1.0
cnn,6,25,Forest,0,1.0
cnn,6,26,Forest,0,1.0
cnn,6,27,Forest,0,0.6830499768257141
cnn,6,28,Forest,0,1.0
cnn,6,29,Forest,0,1.0
cnn,6,30,Forest,0,1.0
cnn,6,31,Forest,0,1.0
cnn,6,32,Forest,0,1.0
cnn,6,33,Forest,0,0.0002300000051036477
cnn,6,34,Forest,0,0.9947999715805054
cnn,6,35,Forest,0,0.006010000128298998
cnn,6,36,Forest,0,0.5473099946975708
cnn,6,37,Forest,0,0.5257899761199951
cnn,6,38,Forest,0,0.1384900063276291
cnn,6,39,Forest,0,0.9394199848175049
cnn,6,40,Forest,0,0.9999899864196777
cnn,6,41,Forest,0,0.9420099854469299
cnn,6,42,Forest,0,0.70524001121521
cnn,6,43,Forest,0,0.10975000262260437
cnn,6,44,Forest,0,0.00267999991774559
cnn,6,45,Forest,0,0.004619999788701534
cnn,6,46,Forest,0,4.999999873689376e-05
cnn,6,47,Forest,0,0.9999399781227112
cnn,6,48,Forest,0,1.0
cnn,6,49,Forest,0,1.0
cnn,6,50,Forest,0,0.6246500015258789
cnn,6,51,Forest,0,1.0
cnn,6,52,Forest,0,0.05023999884724617
cnn,6,53,Forest,0,0.011180000379681587
cnn,6,54,Forest,0,5.999999848427251e-05
cnn,6,55,Forest,0,0.9921799898147583
cnn,6,56,Forest,0,0.0022100000642240047
cnn,6,57,Forest,0,0.0004799999878741801
cnn,6,58,Forest,0,0.0013299999991431832
cnn,6,59,Forest,0,0.9795299768447876
cnn,6,60,DenseResidential,1,1.0
cnn,6,61,DenseResidential,1,1.0
cnn,6,62,DenseResidential,1,1.0
cnn,6,63,DenseResidential,1,1.0
cnn,6,64,DenseResidential,1,1.0
cnn,6,65,DenseResidential,1,1.0
cnn,6,66,DenseResidential,1,1.0
cnn,6,67,DenseResidential,1,1.0
cnn,6,68,DenseResidential,1,1.0
cnn,6,69,DenseResidential,1,1.0
cnn,6,70,DenseResidential,1,1.0
cnn,6,71,DenseResidential,1,1.0
cnn,6,72,DenseResidential,1,1.0
cnn,6,73,DenseResidential,1,1.0
cnn,6,74,DenseResidential,1,1.0
cnn,6,75,DenseResidential,1,1.0
cnn,6,76,DenseResidential,1,1.0
cnn,6,77,DenseResidential,1,1.0
cnn,6,78,DenseResidential,1,1.0
cnn,6,79,DenseResidential,1,1.0
cnn,6,80,DenseResidential,1,1.0
cnn,6,81,DenseResidential,1,1.0
cnn,6,82,DenseResidential,1,1.0
cnn,6,83,DenseResidential,1,1.0
cnn,6,84,DenseResidential,1,1.0
cnn,6,85,DenseResidential,1,1.0
cnn,6,86,DenseResidential,1,1.0
cnn,6,87,DenseResidential,1,1.0
cnn,6,88,DenseResidential,1,1.0
cnn,6,89,DenseResidential,1,1.0
cnn,6,90,MediumResidential,1,1.0
cnn,6,91,MediumResidential,1,1.0
cnn,6,92,MediumResidential,1,1.0
cnn,6,93,MediumResidential,1,1.0
cnn,6,94,MediumResidential,1,1.0
cnn,6,95,MediumResidential,1,0.6821200251579285
cnn,6,96,MediumResidential,1,1.0
cnn,6,97,MediumResidential,1,1.0
cnn,6,98,MediumResidential,1,1.0
cnn,6,99,MediumResidential,1,0.9994800090789795
cnn,6,100,MediumResidential,1,1.0
cnn,6,101,MediumResidential,1,1.0
cnn,6,102,MediumResidential,1,1.0
cnn,6,103,MediumResidential,1,1.0
cnn,6,104,MediumResidential,1,1.0
cnn,6,105,MediumResidential,1,1.0
cnn,6,106,MediumResidential,1,1.0
cnn,6,107,MediumResidential,1,1.0
cnn,6,108,MediumResidential,1,1.0
cnn,6,109,MediumResidential,1,1.0
cnn,6,110,MediumResidential,1,1.0
cnn,6,111,MediumResidential,1,1.0
cnn,6,112,MediumResidential,1,1.0
cnn,6,113,MediumResidential,1,1.0
cnn,6,114,MediumResidential,1,0.9973899722099304
cnn,6,115,MediumResidential,1,1.0
cnn,6,116,MediumResidential,1,1.0
cnn,6,117,MediumResidential,1,1.0
cnn,6,118,MediumResidential,1,0.9999899864196777
cnn,6,119,MediumResidential,1,1.0
cnn,7,0,Forest,0,0.0006500000017695129
cnn,7,1,Forest,0,0.9930999875068665
cnn,7,2,Forest,0,0.0
cnn,7,3,Forest,0,1.0
cnn,7,4,Forest,0,0.0
cnn,7,5,Forest,0,1.0
cnn,7,6,Forest,0,0.0
cnn,7,7,Forest,0,0.0
cnn,7,8,Forest,0,1.0
cnn,7,9,Forest,0,1.0
cnn,7,10,Forest,0,1.0
cnn,7,11,Forest,0,7.999999797903001e-05
cnn,7,12,Forest,0,0.9938899874687195
cnn,7,13,Forest,0,1.0
cnn,7,14,Forest,0,1.0
cnn,7,15,Forest,0,0.0003499999875202775
cnn,7,16,Forest,0,0.00018000000272877514
cnn,7,17,Forest,0,0.33515000343322754
cnn,7,18,Forest,0,0.850629985332489
cnn,7,19,Forest,0,0.0
cnn,7,20,Forest,0,1.0
cnn,7,21,Forest,0,1.0
cnn,7,22,Forest,0,0.0
cnn,7,23,Forest,0,1.0
cnn,7,24,Forest,0,1.0
cnn,7,25,Forest,0,1.0
cnn,7,26,Forest,0,0.9999899864196777
cnn,7,27,Forest,0,0.04008999839425087
cnn,7,28,Forest,0,1.0
cnn,7,29,Forest,0,1.0
cnn,7,30,Forest,0,1.0
cnn,7,31,Forest,0,1.0
cnn,7,32,Forest,0,1.0
cnn,7,33,Forest,0,3.9999998989515007e-05
cnn,7,34,Forest,0,0.9797300100326538
cnn,7,35,Forest,0,0.0001500000071246177
cnn,7,36,Forest,0,0.744189977645874
cnn,7,37,Forest,0,0.32354000210762024
cnn,7,38,Forest,0,0.019349999725818634
cnn,7,39,Forest,0,0.8221499919891357
cnn,7,40,Forest,0,0.9990400075912476
cnn,7,41,Forest,0,0.982200026512146
cnn,7,42,Forest,0,0.6331800222396851
cnn,7,43,Forest,0,0.08558999747037888
cnn,7,44,Forest,0,0.0009899999713525176
cnn,7,45,Forest,0,0.0003100000030826777
cnn,7,46,Forest,0,0.0
cnn,7,47,Forest,0,0.9997599720954895
cnn,7,48,Forest,0,0.999530017375946
cnn,7,49,Forest,0,1.0
cnn,7,50,Forest,0,0.06069999933242798
cnn,7,51,Forest,0,1.0
cnn,7,52,Forest,0,0.003229999914765358
cnn,7,53,Forest,0,0.015429999679327011
cnn,7,54,Forest,0,0.0
cnn,7,55,Forest,0,0.9771599769592285
cnn,7,56,Forest,0,5.999999848427251e-05
cnn,7,57,Forest,0,5.999999848427251e-05
cnn,7,58,Forest,0,2.9999999242136255e-05
cnn,7,59,Forest,0,0.9772999882698059
cnn,7,60,DenseResidential,1,1.0
cnn,7,61,DenseResidential,1,1.0
cnn,7,62,DenseResidential,1,1.0
cnn,7,63,DenseResidential,1,1.0
cnn,7,64,DenseResidential,1,1.0
cnn,7,65,DenseResidential,1,1.0
cnn,7,66,DenseResidential,1,1.0
cnn,7,67,DenseResidential,1,1.0
cnn,7,68,DenseResidential,1,1.0
cnn,7,69,DenseResidential,1,1.0
cnn,7,70,DenseResidential,1,1.0
cnn,7,71,DenseResidential,1,1.0
cnn,7,72,DenseResidential,1,1.0
cnn,7,73,DenseResidential,1,1.0
cnn,7,74,DenseResidential,1,1.0
cnn,7,75,DenseResidential,1,1.0
cnn,7,76,DenseResidential,1,1.0
cnn,7,77,DenseResidential,1,1.0
cnn,7,78,DenseResidential,1,1.0
cnn,7,79,DenseResidential,1,1.0
cnn,7,80,DenseResidential,1,1.0
cnn,7,81,DenseResidential,1,1.0
cnn,7,82,DenseResidential,1,1.0
cnn,7,83,DenseResidential,1,1.0
cnn,7,84,DenseResidential,1,1.0
cnn,7,85,DenseResidential,1,1.0
cnn,7,86,DenseResidential,1,1.0
cnn,7,87,DenseResidential,1,1.0
cnn,7,88,DenseResidential,1,1.0
cnn,7,89,DenseResidential,1,1.0
cnn,7,90,MediumResidential,1,1.0
cnn,7,91,MediumResidential,1,1.0
cnn,7,92,MediumResidential,1,1.0
cnn,7,93,MediumResidential,1,1.0
cnn,7,94,MediumResidential,1,1.0
cnn,7,95,MediumResidential,1,0.3811599910259247
cnn,7,96,MediumResidential,1,1.0
cnn,7,97,MediumResidential,1,1.0
cnn,7,98,MediumResidential,1,1.0
cnn,7,99,MediumResidential,1,0.9994699954986572
cnn,7,100,MediumResidential,1,1.0
cnn,7,101,MediumResidential,1,1.0
cnn,7,102,MediumResidential,1,1.0
cnn,7,103,MediumResidential,1,1.0
cnn,7,104,MediumResidential,1,1.0
cnn,7,105,MediumResidential,1,1.0
cnn,7,106,MediumResidential,1,1.0
cnn,7,107,MediumResidential,1,1.0
cnn,7,108,MediumResidential,1,1.0
cnn,7,109,MediumResidential,1,1.0
cnn,7,110,MediumResidential,1,1.0
cnn,7,111,MediumResidential,1,1.0
cnn,7,112,MediumResidential,1,1.0
cnn,7,113,MediumResidential,1,1.0
cnn,7,114,MediumResidential,1,0.9976900219917297
cnn,7,115,MediumResidential,1,1.0
cnn,7,116,MediumResidential,1,1.0
cnn,7,117,MediumResidential,1,1.0
cnn,7,118,MediumResidential,1,1.0
cnn,7,119,MediumResidential,1,1.0
cnn,8,0,Forest,0,0.0028899998869746923
cnn,8,1,Forest,0,0.5464900135993958
cnn,8,2,Forest,0,0.0
cnn,8,3,Forest,0,1.0
cnn,8,4,Forest,0,9.999999747378752e-06
cnn,8,5,Forest,0,0.9999499917030334
cnn,8,6,Forest,0,0.0
cnn,8,7,Forest,0,9.999999747378752e-06
cnn,8,8,Forest,0,1.0
cnn,8,9,Forest,0,1.0
cnn,8,10,Forest,0,1.0
cnn,8,11,Forest,0,0.00011999999696854502
cnn,8,12,Forest,0,0.961650013923645
cnn,8,13,Forest,0,1.0
cnn,8,14,Forest,0,1.0
cnn,8,15,Forest,0,0.006610000040382147
cnn,8,16,Forest,0,0.00171999994199723
cnn,8,17,Forest,0,0.8121600151062012
cnn,8,18,Forest,0,0.992579996585846
cnn,8,19,Forest,0,0.00014000000373926014
cnn,8,20,Forest,0,1.0
cnn,8,21,Forest,0,1.0
cnn,8,22,Forest,0,0.0003100000030826777
cnn,8,23,Forest,0,1.0
cnn,8,24,Forest,0,1.0
cnn,8,25,Forest,0,0.9999899864196777
cnn,8,26,Forest,0,0.9998000264167786
cnn,8,27,Forest,0,0.17994000017642975
cnn,8,28,Forest,0,1.0
cnn,8,29,Forest,0,1.0
cnn,8,30,Forest,0,1.0
cnn,8,31,Forest,0,1.0
cnn,8,32,Forest,0,1.0
cnn,8,33,Forest,0,0.00011999999696854502
cnn,8,34,Forest,0,0.9854300022125244
cnn,8,35,Forest,0,0.0014900000533089042
cnn,8,36,Forest,0,0.695169985294342
cnn,8,37,Forest,0,0.408160001039505
cnn,8,38,Forest,0,0.025299999862909317
cnn,8,39,Forest,0,0.9941200017929077
cnn,8,40,Forest,0,0.9998999834060669
cnn,8,41,Forest,0,0.9896100163459778
cnn,8,42,Forest,0,0.27814000844955444
cnn,8,43,Forest,0,0.08756999671459198
cnn,8,44,Forest,0,0.0005200000014156103
cnn,8,45,Forest,0,0.007340000011026859
cnn,8,46,Forest,0,9.999999747378752e-06
cnn,8,47,Forest,0,0.9970999956130981
cnn,8,48,Forest,0,1.0
cnn,8,49,Forest,0,1.0
cnn,8,50,Forest,0,0.5635300278663635
cnn,8,51,Forest,0,1.0
cnn,8,52,Forest,0,0.5081200003623962
cnn,8,53,Forest,0,0.006969999987632036
cnn,8,54,Forest,0,5.999999848427251e-05
cnn,8,55,Forest,0,0.8919500112533569
cnn,8,56,Forest,0,0.000539999979082495
cnn,8,57,Forest,0,0.0002300000051036477
cnn,8,58,Forest,0,0.0003699999942909926
cnn,8,59,Forest,0,0.7783300280570984
cnn,8,60,DenseResidential,1,1.0
cnn,8,61,DenseResidential,1,1.0
cnn,8,62,DenseResidential,1,1.0
cnn,8,63,DenseResidential,1,1.0
cnn,8,64,DenseResidential,1,1.0
cnn,8,65,DenseResidential,1,1.0
cnn,8,66,DenseResidential,1,1.0
cnn,8,67,DenseResidential,1,1.0
cnn,8,68,DenseResidential,1,1.0
cnn,8,69,DenseResidential,1,1.0
cnn,8,70,DenseResidential,1,1.0
cnn,8,71,DenseResidential,1,1.0
cnn,8,72,DenseResidential,1,1.0
cnn,8,73,DenseResidential,1,1.0
cnn,8,74,DenseResidential,1,1.0
cnn,8,75,DenseResidential,1,1.0
cnn,8,76,DenseResidential,1,1.0
cnn,8,77,DenseResidential,1,1.0
cnn,8,78,DenseResidential,1,1.0
cnn,8,79,DenseResidential,1,1.0
cnn,8,80,DenseResidential,1,1.0
cnn,8,81,DenseResidential,1,1.0
cnn,8,82,DenseResidential,1,1.0
cnn,8,83,DenseResidential,1,1.0
cnn,8,84,DenseResidential,1,1.0
cnn,8,85,DenseResidential,1,1.0
cnn,8,86,DenseResidential,1,1.0
cnn,8,87,DenseResidential,1,1.0
cnn,8,88,DenseResidential,1,1.0
cnn,8,89,DenseResidential,1,1.0
cnn,8,90,MediumResidential,1,1.0
cnn,8,91,MediumResidential,1,1.0
cnn,8,92,MediumResidential,1,1.0
cnn,8,93,MediumResidential,1,1.0
cnn,8,94,MediumResidential,1,1.0
cnn,8,95,MediumResidential,1,0.1666399985551834
cnn,8,96,MediumResidential,1,0.9999899864196777
cnn,8,97,MediumResidential,1,1.0
cnn,8,98,MediumResidential,1,0.9994699954986572
cnn,8,99,MediumResidential,1,0.9858700037002563
cnn,8,100,MediumResidential,1,1.0
cnn,8,101,MediumResidential,1,1.0
cnn,8,102,MediumResidential,1,1.0
cnn,8,103,MediumResidential,1,0.9999799728393555
cnn,8,104,MediumResidential,1,1.0
cnn,8,105,MediumResidential,1,1.0
cnn,8,106,MediumResidential,1,1.0
cnn,8,107,MediumResidential,1,1.0
cnn,8,108,MediumResidential,1,1.0
cnn,8,109,MediumResidential,1,1.0
cnn,8,110,MediumResidential,1,1.0
cnn,8,111,MediumResidential,1,1.0
cnn,8,112,MediumResidential,1,1.0
cnn,8,113,MediumResidential,1,1.0
cnn,8,114,MediumResidential,1,0.9950900077819824
cnn,8,115,MediumResidential,1,1.0
cnn,8,116,MediumResidential,1,1.0
cnn,8,117,MediumResidential,1,1.0
cnn,8,118,MediumResidential,1,0.9998700022697449
cnn,8,119,MediumResidential,1,1.0
cnn,9,0,Forest,0,0.0021100000012665987
cnn,9,1,Forest,0,0.9791899919509888
cnn,9,2,Forest,0,0.0
cnn,9,3,Forest,0,1.0
cnn,9,4,Forest,0,0.0
cnn,9,5,Forest,0,1.0
cnn,9,6,Forest,0,0.0
cnn,9,7,Forest,0,0.0
cnn,9,8,Forest,0,1.0
cnn,9,9,Forest,0,1.0
cnn,9,10,Forest,0,1.0
cnn,9,11,Forest,0,0.00011000000085914508
cnn,9,12,Forest,0,0.9995499849319458
cnn,9,13,Forest,0,1.0
cnn,9,14,Forest,0,1.0
cnn,9,15,Forest,0,0.007910000160336494
cnn,9,16,Forest,0,0.0005600000149570405
cnn,9,17,Forest,0,0.6536999940872192
cnn,9,18,Forest,0,1.0
cnn,9,19,Forest,0,9.999999747378752e-06
cnn,9,20,Forest,0,1.0
cnn,9,21,Forest,0,1.0
cnn,9,22,Forest,0,3.9999998989515007e-05
cnn,9,23,Forest,0,1.0
cnn,9,24,Forest,0,1.0
cnn,9,25,Forest,0,1.0
cnn,9,26,Forest,0,1.0
cnn,9,27,Forest,0,0.9998800158500671
cnn,9,28,Forest,0,1.0
cnn,9,29,Forest,0,1.0
cnn,9,30,Forest,0,1.0
cnn,9,31,Forest,0,1.0
cnn,9,32,Forest,0,1.0
cnn,9,33,Forest,0,4.999999873689376e-05
cnn,9,34,Forest,0,0.9997100234031677
cnn,9,35,Forest,0,0.001019999966956675
cnn,9,36,Forest,0,0.05204999819397926
cnn,9,37,Forest,0,0.9412599802017212
cnn,9,38,Forest,0,0.07174000144004822
cnn,9,39,Forest,0,0.9887199997901917
cnn,9,40,Forest,0,1.0
cnn,9,41,Forest,0,0.9562199711799622
cnn,9,42,Forest,0,0.894540011882782
cnn,9,43,Forest,0,0.04120999947190285
cnn,9,44,Forest,0,0.0016599999507889152
cnn,9,45,Forest,0,4.999999873689376e-05
cnn,9,46,Forest,0,0.0
cnn,9,47,Forest,0,0.9999499917030334
cnn,9,48,Forest,0,1.0
cnn,9,49,Forest,0,1.0
cnn,9,50,Forest,0,0.6231600046157837
cnn,9,51,Forest,0,1.0
cnn,9,52,Forest,0,0.001339999958872795
cnn,9,53,Forest,0,0.0015800000401213765
cnn,9,54,Forest,0,9.999999747378752e-06
cnn,9,55,Forest,0,0.9955899715423584
cnn,9,56,Forest,0,0.0007800000021234155
cnn,9,57,Forest,0,0.00019999999494757503
cnn,9,58,Forest,0,0.00014000000373926014
cnn,9,59,Forest,0,0.9949899911880493
cnn,9,60,DenseResidential,1,1.0
cnn,9,61,DenseResidential,1,1.0
cnn,9,62,DenseResidential,1,1.0
cnn,9,63,DenseResidential,1,1.0
cnn,9,64,DenseResidential,1,1.0
cnn,9,65,DenseResidential,1,1.0
cnn,9,66,DenseResidential,1,1.0
cnn,9,67,DenseResidential,1,1.0
cnn,9,68,DenseResidential,1,1.0
cnn,9,69,DenseResidential,1,1.0
cnn,9,70,DenseResidential,1,1.0
cnn,9,71,DenseResidential,1,1.0
cnn,9,72,DenseResidential,1,1.0
cnn,9,73,DenseResidential,1,1.0
cnn,9,74,DenseResidential,1,1.0
cnn,9,75,DenseResidential,1,1.0
cnn,9,76,DenseResidential,1,1.0
cnn,9,77,DenseResidential,1,1.0
cnn,9,78,DenseResidential,1,1.0
cnn,9,79,DenseResidential,1,1.0
cnn,9,80,DenseResidential,1,1.0
cnn,9,81,DenseResidential,1,1.0
cnn,9,82,DenseResidential,1,1.0
cnn,9,83,DenseResidential,1,1.0
cnn,9,84,DenseResidential,1,1.0
cnn,9,85,DenseResidential,1,1.0
cnn,9,86,DenseResidential,1,1.0
cnn,9,87,DenseResidential,1,1.0
cnn,9,88,DenseResidential,1,1.0
cnn,9,89,DenseResidential,1,1.0
cnn,9,90,MediumResidential,1,1.0
cnn,9,91,MediumResidential,1,1.0
cnn,9,92,MediumResidential,1,1.0
cnn,9,93,MediumResidential,1,1.0
cnn,9,94,MediumResidential,1,1.0
cnn,9,95,MediumResidential,1,0.19463999569416046
cnn,9,96,MediumResidential,1,1.0
cnn,9,97,MediumResidential,1,1.0
cnn,9,98,MediumResidential,1,1.0
cnn,9,99,MediumResidential,1,0.9998800158500671
cnn,9,100,MediumResidential,1,1.0
cnn,9,101,MediumResidential,1,1.0
cnn,9,102,MediumResidential,1,1.0
cnn,9,103,MediumResidential,1,1.0
cnn,9,104,MediumResidential,1,1.0
cnn,9,105,MediumResidential,1,1.0
cnn,9,106,MediumResidential,1,1.0
cnn,9,107,MediumResidential,1,1.0
cnn,9,108,MediumResidential,1,1.0
cnn,9,109,MediumResidential,1,1.0
cnn,9,110,MediumResidential,1,1.0
cnn,9,111,MediumResidential,1,1.0
cnn,9,112,MediumResidential,1,1.0
cnn,9,113,MediumResidential,1,1.0
cnn,9,114,MediumResidential,1,0.9997699856758118
cnn,9,115,MediumResidential,1,1.0
cnn,9,116,MediumResidential,1,1.0
cnn,9,117,MediumResidential,1,1.0
cnn,9,118,MediumResidential,1,1.0
cnn,9,119,MediumResidential,1,1.0
hard_a0.2,0,0,Forest,0,0.0
hard_a0.2,0,1,Forest,0,0.0735900029540062
hard_a0.2,0,2,Forest,0,0.0
hard_a0.2,0,3,Forest,0,0.03027000091969967
hard_a0.2,0,4,Forest,0,0.0
hard_a0.2,0,5,Forest,0,0.04579000174999237
hard_a0.2,0,6,Forest,0,0.0
hard_a0.2,0,7,Forest,0,0.0
hard_a0.2,0,8,Forest,0,0.001820000004954636
hard_a0.2,0,9,Forest,0,0.0014100000262260437
hard_a0.2,0,10,Forest,0,0.1741199940443039
hard_a0.2,0,11,Forest,0,0.0004600000102072954
hard_a0.2,0,12,Forest,0,0.07467000186443329
hard_a0.2,0,13,Forest,0,0.9799000024795532
hard_a0.2,0,14,Forest,0,0.9892699718475342
hard_a0.2,0,15,Forest,0,0.0
hard_a0.2,0,16,Forest,0,2.9999999242136255e-05
hard_a0.2,0,17,Forest,0,0.0020099999383091927
hard_a0.2,0,18,Forest,0,0.008200000040233135
hard_a0.2,0,19,Forest,0,0.0
hard_a0.2,0,20,Forest,0,1.0
hard_a0.2,0,21,Forest,0,0.9999399781227112
hard_a0.2,0,22,Forest,0,0.0
hard_a0.2,0,23,Forest,0,0.4089300036430359
hard_a0.2,0,24,Forest,0,0.9995899796485901
hard_a0.2,0,25,Forest,0,0.0004799999878741801
hard_a0.2,0,26,Forest,0,0.020579999312758446
hard_a0.2,0,27,Forest,0,0.0
hard_a0.2,0,28,Forest,0,0.128930002450943
hard_a0.2,0,29,Forest,0,0.9986400008201599
hard_a0.2,0,30,Forest,0,0.9604899883270264
hard_a0.2,0,31,Forest,0,0.18088999390602112
hard_a0.2,0,32,Forest,0,0.999970018863678
hard_a0.2,0,33,Forest,0,0.0002300000051036477
hard_a0.2,0,34,Forest,0,0.00016999999934341758
hard_a0.2,0,35,Forest,0,0.0
hard_a0.2,0,36,Forest,0,0.9994199872016907
hard_a0.2,0,37,Forest,0,0.6112300157546997
hard_a0.2,0,38,Forest,0,0.8315200209617615
hard_a0.2,0,39,Forest,0,0.9909399747848511
hard_a0.2,0,40,Forest,0,0.9934499859809875
hard_a0.2,0,41,Forest,0,0.9999799728393555
hard_a0.2,0,42,Forest,0,0.7184900045394897
hard_a0.2,0,43,Forest,0,0.9981099963188171
hard_a0.2,0,44,Forest,0,0.001129999989643693
hard_a0.2,0,45,Forest,0,0.9067400097846985
hard_a0.2,0,46,Forest,0,0.0017600000137463212
hard_a0.2,0,47,Forest,0,0.009589999914169312
hard_a0.2,0,48,Forest,0,0.9981799721717834
hard_a0.2,0,49,Forest,0,0.9990800023078918
hard_a0.2,0,50,Forest,0,0.0002500000118743628
hard_a0.2,0,51,Forest,0,0.9195200204849243
hard_a0.2,0,52,Forest,0,0.011189999990165234
hard_a0.2,0,53,Forest,0,0.6771299839019775
hard_a0.2,0,54,Forest,0,0.0
hard_a0.2,0,55,Forest,0,0.0010400000028312206
hard_a0.2,0,56,Forest,0,0.0
hard_a0.2,0,57,Forest,0,0.0002699999895412475
hard_a0.2,0,58,Forest,0,9.999999747378752e-06
hard_a0.2,0,59,Forest,0,0.008679999969899654
hard_a0.2,0,60,DenseResidential,1,0.7613999843597412
hard_a0.2,0,61,DenseResidential,1,1.0
hard_a0.2,0,62,DenseResidential,1,1.0
hard_a0.2,0,63,DenseResidential,1,0.9999399781227112
hard_a0.2,0,64,DenseResidential,1,0.9999899864196777
hard_a0.2,0,65,DenseResidential,1,0.999809980392456
hard_a0.2,0,66,DenseResidential,1,0.9999399781227112
hard_a0.2,0,67,DenseResidential,1,0.767769992351532
hard_a0.2,0,68,DenseResidential,1,0.6208999752998352
hard_a0.2,0,69,DenseResidential,1,0.8458899855613708
hard_a0.2,0,70,DenseResidential,1,1.0
hard_a0.2,0,71,DenseResidential,1,0.6920999884605408
hard_a0.2,0,72,DenseResidential,1,0.955560028553009
hard_a0.2,0,73,DenseResidential,1,0.9998800158500671
hard_a0.2,0,74,DenseResidential,1,1.0
hard_a0.2,0,75,DenseResidential,1,0.9814599752426147
hard_a0.2,0,76,DenseResidential,1,0.9261800050735474
hard_a0.2,0,77,DenseResidential,1,0.9861199855804443
hard_a0.2,0,78,DenseResidential,1,0.9197999835014343
hard_a0.2,0,79,DenseResidential,1,1.0
hard_a0.2,0,80,DenseResidential,1,1.0
hard_a0.2,0,81,DenseResidential,1,1.0
hard_a0.2,0,82,DenseResidential,1,1.0
hard_a0.2,0,83,DenseResidential,1,1.0
hard_a0.2,0,84,DenseResidential,1,1.0
hard_a0.2,0,85,DenseResidential,1,0.9999899864196777
hard_a0.2,0,86,DenseResidential,1,0.9981600046157837
hard_a0.2,0,87,DenseResidential,1,1.0
hard_a0.2,0,88,DenseResidential,1,1.0
hard_a0.2,0,89,DenseResidential,1,1.0
hard_a0.2,0,90,MediumResidential,1,0.8677399754524231
hard_a0.2,0,91,MediumResidential,1,0.9991599917411804
hard_a0.2,0,92,MediumResidential,1,0.9983100295066833
hard_a0.2,0,93,MediumResidential,1,0.9999899864196777
hard_a0.2,0,94,MediumResidential,1,0.9921000003814697
hard_a0.2,0,95,MediumResidential,1,0.0001500000071246177
hard_a0.2,0,96,MediumResidential,1,0.07840000092983246
hard_a0.2,0,97,MediumResidential,1,0.6390399932861328
hard_a0.2,0,98,MediumResidential,1,0.2273000031709671
hard_a0.2,0,99,MediumResidential,1,0.041439998894929886
hard_a0.2,0,100,MediumResidential,1,0.030659999698400497
hard_a0.2,0,101,MediumResidential,1,0.8043500185012817
hard_a0.2,0,102,MediumResidential,1,0.9988999962806702
hard_a0.2,0,103,MediumResidential,1,0.00011999999696854502
hard_a0.2,0,104,MediumResidential,1,0.0020600000862032175
hard_a0.2,0,105,MediumResidential,1,0.0007699999841861427
hard_a0.2,0,106,MediumResidential,1,0.7431600093841553
hard_a0.2,0,107,MediumResidential,1,0.9629999995231628
hard_a0.2,0,108,MediumResidential,1,0.9838600158691406
hard_a0.2,0,109,MediumResidential,1,0.8824499845504761
hard_a0.2,0,110,MediumResidential,1,0.9514300227165222
hard_a0.2,0,111,MediumResidential,1,0.9379400014877319
hard_a0.2,0,112,MediumResidential,1,0.8341500163078308
hard_a0.2,0,113,MediumResidential,1,0.9739900231361389
hard_a0.2,0,114,MediumResidential,1,0.0002099999983329326
hard_a0.2,0,115,MediumResidential,1,0.9319900274276733
hard_a0.2,0,116,MediumResidential,1,0.6503300070762634
hard_a0.2,0,117,MediumResidential,1,0.9368699789047241
hard_a0.2,0,118,MediumResidential,1,0.3896700143814087
hard_a0.2,0,119,MediumResidential,1,0.2998200058937073
hard_a0.2,1,0,Forest,0,0.0071299998089671135
hard_a0.2,1,1,Forest,0,0.9875100255012512
hard_a0.2,1,2,Forest,0,4.999999873689376e-05
hard_a0.2,1,3,Forest,0,0.9993100166320801
hard_a0.2,1,4,Forest,0,0.0002500000118743628
hard_a0.2,1,5,Forest,0,0.9989799857139587
hard_a0.2,1,6,Forest,0,3.9999998989515007e-05
hard_a0.2,1,7,Forest,0,0.00011000000085914508
hard_a0.2,1,8,Forest,0,0.8267199993133545
hard_a0.2,1,9,Forest,0,0.859000027179718
hard_a0.2,1,10,Forest,0,0.9955199956893921
hard_a0.2,1,11,Forest,0,0.089819997549057
hard_a0.2,1,12,Forest,0,0.9787399768829346
hard_a0.2,1,13,Forest,0,0.9999499917030334
hard_a0.2,1,14,Forest,0,0.9999600052833557
hard_a0.2,1,15,Forest,0,0.0009599999757483602
hard_a0.2,1,16,Forest,0,0.05330999940633774
hard_a0.2,1,17,Forest,0,0.6987900137901306
hard_a0.2,1,18,Forest,0,0.2514599859714508
hard_a0.2,1,19,Forest,0,0.010940000414848328
hard_a0.2,1,20,Forest,0,0.9999799728393555
hard_a0.2,1,21,Forest,0,0.9998199939727783
hard_a0.2,1,22,Forest,0,0.0021100000012665987
hard_a0.2,1,23,Forest,0,0.9412199854850769
hard_a0.2,1,24,Forest,0,0.9994199872016907
hard_a0.2,1,25,Forest,0,0.9829999804496765
hard_a0.2,1,26,Forest,0,0.9986400008201599
hard_a0.2,1,27,Forest,0,0.026159999892115593
hard_a0.2,1,28,Forest,0,0.9398900270462036
hard_a0.2,1,29,Forest,0,0.9992799758911133
hard_a0.2,1,30,Forest,0,0.9977399706840515
hard_a0.2,1,31,Forest,0,0.9279000163078308
hard_a0.2,1,32,Forest,0,0.9997900128364563
hard_a0.2,1,33,Forest,0,0.047200001776218414
hard_a0.2,1,34,Forest,0,0.7276999950408936
hard_a0.2,1,35,Forest,0,0.03824000060558319
hard_a0.2,1,36,Forest,0,0.9999499917030334
hard_a0.2,1,37,Forest,0,0.8600900173187256
hard_a0.2,1,38,Forest,0,0.7203900218009949
hard_a0.2,1,39,Forest,0,0.9919000267982483
hard_a0.2,1,40,Forest,0,0.9274500012397766
hard_a0.2,1,41,Forest,0,0.9999799728393555
hard_a0.2,1,42,Forest,0,0.5674200057983398
hard_a0.2,1,43,Forest,0,0.9970200061798096
hard_a0.2,1,44,Forest,0,0.3529300093650818
hard_a0.2,1,45,Forest,0,0.9782000184059143
hard_a0.2,1,46,Forest,0,0.004470000043511391
hard_a0.2,1,47,Forest,0,0.9948199987411499
hard_a0.2,1,48,Forest,0,0.9911699891090393
hard_a0.2,1,49,Forest,0,0.9959499835968018
hard_a0.2,1,50,Forest,0,0.5301600098609924
hard_a0.2,1,51,Forest,0,0.9996799826622009
hard_a0.2,1,52,Forest,0,0.9864299893379211
hard_a0.2,1,53,Forest,0,0.7118099927902222
hard_a0.2,1,54,Forest,0,0.00011999999696854502
hard_a0.2,1,55,Forest,0,0.9531599879264832
hard_a0.2,1,56,Forest,0,0.03311000019311905
hard_a0.2,1,57,Forest,0,0.06276000291109085
hard_a0.2,1,58,Forest,0,0.05770000070333481
hard_a0.2,1,59,Forest,0,0.9723100066184998
hard_a0.2,1,60,DenseResidential,1,0.9997199773788452
hard_a0.2,1,61,DenseResidential,1,1.0
hard_a0.2,1,62,DenseResidential,1,1.0
hard_a0.2,1,63,DenseResidential,1,1.0
hard_a0.2,1,64,DenseResidential,1,1.0
hard_a0.2,1,65,DenseResidential,1,1.0
hard_a0.2,1,66,DenseResidential,1,1.0
hard_a0.2,1,67,DenseResidential,1,0.9998599886894226
hard_a0.2,1,68,DenseResidential,1,0.9997599720954895
hard_a0.2,1,69,DenseResidential,1,0.9998800158500671
hard_a0.2,1,70,DenseResidential,1,1.0
hard_a0.2,1,71,DenseResidential,1,0.999779999256134
hard_a0.2,1,72,DenseResidential,1,0.9999200105667114
hard_a0.2,1,73,DenseResidential,1,1.0
hard_a0.2,1,74,DenseResidential,1,1.0
hard_a0.2,1,75,DenseResidential,1,0.9999099969863892
hard_a0.2,1,76,DenseResidential,1,0.9996700286865234
hard_a0.2,1,77,DenseResidential,1,0.9999600052833557
hard_a0.2,1,78,DenseResidential,1,0.9998000264167786
hard_a0.2,1,79,DenseResidential,1,1.0
hard_a0.2,1,80,DenseResidential,1,1.0
hard_a0.2,1,81,DenseResidential,1,1.0
hard_a0.2,1,82,DenseResidential,1,1.0
hard_a0.2,1,83,DenseResidential,1,1.0
hard_a0.2,1,84,DenseResidential,1,1.0
hard_a0.2,1,85,DenseResidential,1,1.0
hard_a0.2,1,86,DenseResidential,1,1.0
hard_a0.2,1,87,DenseResidential,1,1.0
hard_a0.2,1,88,DenseResidential,1,1.0
hard_a0.2,1,89,DenseResidential,1,1.0
hard_a0.2,1,90,MediumResidential,1,0.9999899864196777
hard_a0.2,1,91,MediumResidential,1,1.0
hard_a0.2,1,92,MediumResidential,1,1.0
hard_a0.2,1,93,MediumResidential,1,0.9999899864196777
hard_a0.2,1,94,MediumResidential,1,0.9999399781227112
hard_a0.2,1,95,MediumResidential,1,0.8784400224685669
hard_a0.2,1,96,MediumResidential,1,0.9517199993133545
hard_a0.2,1,97,MediumResidential,1,0.9990500211715698
hard_a0.2,1,98,MediumResidential,1,0.998449981212616
hard_a0.2,1,99,MediumResidential,1,0.9881100058555603
hard_a0.2,1,100,MediumResidential,1,0.5503799915313721
hard_a0.2,1,101,MediumResidential,1,0.999970018863678
hard_a0.2,1,102,MediumResidential,1,0.9988099932670593
hard_a0.2,1,103,MediumResidential,1,0.23253999650478363
hard_a0.2,1,104,MediumResidential,1,0.9272900223731995
hard_a0.2,1,105,MediumResidential,1,0.6751700043678284
hard_a0.2,1,106,MediumResidential,1,0.9990599751472473
hard_a0.2,1,107,MediumResidential,1,0.9999600052833557
hard_a0.2,1,108,MediumResidential,1,0.9999600052833557
hard_a0.2,1,109,MediumResidential,1,0.9999300241470337
hard_a0.2,1,110,MediumResidential,1,0.9999600052833557
hard_a0.2,1,111,MediumResidential,1,0.9998599886894226
hard_a0.2,1,112,MediumResidential,1,0.9999499917030334
hard_a0.2,1,113,MediumResidential,1,0.9998499751091003
hard_a0.2,1,114,MediumResidential,1,0.5722600221633911
hard_a0.2,1,115,MediumResidential,1,0.9996100068092346
hard_a0.2,1,116,MediumResidential,1,0.9989399909973145
hard_a0.2,1,117,MediumResidential,1,0.9993500113487244
hard_a0.2,1,118,MediumResidential,1,0.9996700286865234
hard_a0.2,1,119,MediumResidential,1,0.9999200105667114
hard_a0.2,2,0,Forest,0,0.0001500000071246177
hard_a0.2,2,1,Forest,0,0.35468000173568726
hard_a0.2,2,2,Forest,0,1.9999999494757503e-05
hard_a0.2,2,3,Forest,0,0.5687900185585022
hard_a0.2,2,4,Forest,0,2.9999999242136255e-05
hard_a0.2,2,5,Forest,0,0.4950900077819824
hard_a0.2,2,6,Forest,0,9.999999747378752e-06
hard_a0.2,2,7,Forest,0,1.9999999494757503e-05
hard_a0.2,2,8,Forest,0,0.02215000055730343
hard_a0.2,2,9,Forest,0,0.032419998198747635
hard_a0.2,2,10,Forest,0,0.7240200042724609
hard_a0.2,2,11,Forest,0,0.005040000192821026
hard_a0.2,2,12,Forest,0,0.2616400122642517
hard_a0.2,2,13,Forest,0,0.9985799789428711
hard_a0.2,2,14,Forest,0,0.9965999722480774
hard_a0.2,2,15,Forest,0,2.9999999242136255e-05
hard_a0.2,2,16,Forest,0,0.0002699999895412475
hard_a0.2,2,17,Forest,0,0.004999999888241291
hard_a0.2,2,18,Forest,0,0.007160000037401915
hard_a0.2,2,19,Forest,0,0.00013000000035390258
hard_a0.2,2,20,Forest,0,1.0
hard_a0.2,2,21,Forest,0,0.9997199773788452
hard_a0.2,2,22,Forest,0,4.999999873689376e-05
hard_a0.2,2,23,Forest,0,0.48107001185417175
hard_a0.2,2,24,Forest,0,0.9957500100135803
hard_a0.2,2,25,Forest,0,0.017510000616312027
hard_a0.2,2,26,Forest,0,0.30667001008987427
hard_a0.2,2,27,Forest,0,7.999999797903001e-05
hard_a0.2,2,28,Forest,0,0.10567999631166458
hard_a0.2,2,29,Forest,0,0.9990400075912476
hard_a0.2,2,30,Forest,0,0.9802700281143188
hard_a0.2,2,31,Forest,0,0.829259991645813
hard_a0.2,2,32,Forest,0,0.999970018863678
hard_a0.2,2,33,Forest,0,0.003160000080242753
hard_a0.2,2,34,Forest,0,0.01360000018030405
hard_a0.2,2,35,Forest,0,0.0003800000122282654
hard_a0.2,2,36,Forest,0,0.9999899864196777
hard_a0.2,2,37,Forest,0,0.6539999842643738
hard_a0.2,2,38,Forest,0,0.8755999803543091
hard_a0.2,2,39,Forest,0,0.9990800023078918
hard_a0.2,2,40,Forest,0,0.9909300208091736
hard_a0.2,2,41,Forest,0,1.0
hard_a0.2,2,42,Forest,0,0.8680599927902222
hard_a0.2,2,43,Forest,0,0.9996200203895569
hard_a0.2,2,44,Forest,0,0.006940000224858522
hard_a0.2,2,45,Forest,0,0.9969000220298767
hard_a0.2,2,46,Forest,0,0.0013599999947473407
hard_a0.2,2,47,Forest,0,0.12711000442504883
hard_a0.2,2,48,Forest,0,0.9993799924850464
hard_a0.2,2,49,Forest,0,0.9990699887275696
hard_a0.2,2,50,Forest,0,0.003289999905973673
hard_a0.2,2,51,Forest,0,0.959119975566864
hard_a0.2,2,52,Forest,0,0.007890000008046627
hard_a0.2,2,53,Forest,0,0.9138399958610535
hard_a0.2,2,54,Forest,0,0.0
hard_a0.2,2,55,Forest,0,0.01537999976426363
hard_a0.2,2,56,Forest,0,9.000000136438757e-05
hard_a0.2,2,57,Forest,0,0.004410000052303076
hard_a0.2,2,58,Forest,0,0.00026000000070780516
hard_a0.2,2,59,Forest,0,0.042010001838207245
hard_a0.2,2,60,DenseResidential,1,0.9545199871063232
hard_a0.2,2,61,DenseResidential,1,1.0
hard_a0.2,2,62,DenseResidential,1,1.0
hard_a0.2,2,63,DenseResidential,1,1.0
hard_a0.2,2,64,DenseResidential,1,1.0
hard_a0.2,2,65,DenseResidential,1,1.0
hard_a0.2,2,66,DenseResidential,1,1.0
hard_a0.2,2,67,DenseResidential,1,0.8750100135803223
hard_a0.2,2,68,DenseResidential,1,0.8801800012588501
hard_a0.2,2,69,DenseResidential,1,0.9552199840545654
hard_a0.2,2,70,DenseResidential,1,0.9999899864196777
hard_a0.2,2,71,DenseResidential,1,0.9620199799537659
hard_a0.2,2,72,DenseResidential,1,0.977180004119873
hard_a0.2,2,73,DenseResidential,1,0.9999200105667114
hard_a0.2,2,74,DenseResidential,1,1.0
hard_a0.2,2,75,DenseResidential,1,0.9887599945068359
hard_a0.2,2,76,DenseResidential,1,0.9596800208091736
hard_a0.2,2,77,DenseResidential,1,0.9950100183486938
hard_a0.2,2,78,DenseResidential,1,0.9593300223350525
hard_a0.2,2,79,DenseResidential,1,1.0
hard_a0.2,2,80,DenseResidential,1,1.0
hard_a0.2,2,81,DenseResidential,1,1.0
hard_a0.2,2,82,DenseResidential,1,1.0
hard_a0.2,2,83,DenseResidential,1,1.0
hard_a0.2,2,84,DenseResidential,1,1.0
hard_a0.2,2,85,DenseResidential,1,1.0
hard_a0.2,2,86,DenseResidential,1,0.9995999932289124
hard_a0.2,2,87,DenseResidential,1,1.0
hard_a0.2,2,88,DenseResidential,1,1.0
hard_a0.2,2,89,DenseResidential,1,1.0
hard_a0.2,2,90,MediumResidential,1,0.9772899746894836
hard_a0.2,2,91,MediumResidential,1,0.9999899864196777
hard_a0.2,2,92,MediumResidential,1,0.9998999834060669
hard_a0.2,2,93,MediumResidential,1,0.9999799728393555
hard_a0.2,2,94,MediumResidential,1,0.9997400045394897
hard_a0.2,2,95,MediumResidential,1,0.009390000253915787
hard_a0.2,2,96,MediumResidential,1,0.33809998631477356
hard_a0.2,2,97,MediumResidential,1,0.8614100217819214
hard_a0.2,2,98,MediumResidential,1,0.5767099857330322
hard_a0.2,2,99,MediumResidential,1,0.23733000457286835
hard_a0.2,2,100,MediumResidential,1,0.19968999922275543
hard_a0.2,2,101,MediumResidential,1,0.9366000294685364
hard_a0.2,2,102,MediumResidential,1,0.998009979724884
hard_a0.2,2,103,MediumResidential,1,0.005830000154674053
hard_a0.2,2,104,MediumResidential,1,0.039069999009370804
hard_a0.2,2,105,MediumResidential,1,0.02102999947965145
hard_a0.2,2,106,MediumResidential,1,0.9227100014686584
hard_a0.2,2,107,MediumResidential,1,0.986329972743988
hard_a0.2,2,108,MediumResidential,1,0.993120014667511
hard_a0.2,2,109,MediumResidential,1,0.9674599766731262
hard_a0.2,2,110,MediumResidential,1,0.9851400256156921
hard_a0.2,2,111,MediumResidential,1,0.9650400280952454
hard_a0.2,2,112,MediumResidential,1,0.9641799926757812
hard_a0.2,2,113,MediumResidential,1,0.9821699857711792
hard_a0.2,2,114,MediumResidential,1,0.0010900000343099236
hard_a0.2,2,115,MediumResidential,1,0.9595800042152405
hard_a0.2,2,116,MediumResidential,1,0.4763999879360199
hard_a0.2,2,117,MediumResidential,1,0.7222200036048889
hard_a0.2,2,118,MediumResidential,1,0.6527500152587891
hard_a0.2,2,119,MediumResidential,1,0.8024100065231323
hard_a0.2,3,0,Forest,0,0.0
hard_a0.2,3,1,Forest,0,0.06054000183939934
hard_a0.2,3,2,Forest,0,0.0
hard_a0.2,3,3,Forest,0,0.011309999972581863
hard_a0.2,3,4,Forest,0,0.0
hard_a0.2,3,5,Forest,0,0.05025000125169754
hard_a0.2,3,6,Forest,0,0.0
hard_a0.2,3,7,Forest,0,0.0
hard_a0.2,3,8,Forest,0,0.005109999794512987
hard_a0.2,3,9,Forest,0,0.001829999964684248
hard_a0.2,3,10,Forest,0,0.23914000391960144
hard_a0.2,3,11,Forest,0,0.00016999999934341758
hard_a0.2,3,12,Forest,0,0.6988199949264526
hard_a0.2,3,13,Forest,0,0.9934899806976318
hard_a0.2,3,14,Forest,0,0.9983800053596497
hard_a0.2,3,15,Forest,0,0.0
hard_a0.2,3,16,Forest,0,9.000000136438757e-05
hard_a0.2,3,17,Forest,0,0.003229999914765358
hard_a0.2,3,18,Forest,0,0.00430000014603138
hard_a0.2,3,19,Forest,0,0.0
hard_a0.2,3,20,Forest,0,1.0
hard_a0.2,3,21,Forest,0,0.999970018863678
hard_a0.2,3,22,Forest,0,0.0
hard_a0.2,3,23,Forest,0,0.9355599880218506
hard_a0.2,3,24,Forest,0,0.9999600052833557
hard_a0.2,3,25,Forest,0,0.0008800000068731606
hard_a0.2,3,26,Forest,0,0.015039999969303608
hard_a0.2,3,27,Forest,0,9.999999747378752e-06
hard_a0.2,3,28,Forest,0,0.0029100000392645597
hard_a0.2,3,29,Forest,0,0.9991499781608582
hard_a0.2,3,30,Forest,0,0.996749997138977
hard_a0.2,3,31,Forest,0,0.48813000321388245
hard_a0.2,3,32,Forest,0,1.0
hard_a0.2,3,33,Forest,0,0.00011999999696854502
hard_a0.2,3,34,Forest,0,1.9999999494757503e-05
hard_a0.2,3,35,Forest,0,0.0
hard_a0.2,3,36,Forest,0,0.9997299909591675
hard_a0.2,3,37,Forest,0,0.9988499879837036
hard_a0.2,3,38,Forest,0,0.9945899844169617
hard_a0.2,3,39,Forest,0,0.9998999834060669
hard_a0.2,3,40,Forest,0,0.999970018863678
hard_a0.2,3,41,Forest,0,1.0
hard_a0.2,3,42,Forest,0,0.9960899949073792
hard_a0.2,3,43,Forest,0,0.999970018863678
hard_a0.2,3,44,Forest,0,0.001019999966956675
hard_a0.2,3,45,Forest,0,0.9369199872016907
hard_a0.2,3,46,Forest,0,0.003109999932348728
hard_a0.2,3,47,Forest,0,0.07083000242710114
hard_a0.2,3,48,Forest,0,1.0
hard_a0.2,3,49,Forest,0,0.9999799728393555
hard_a0.2,3,50,Forest,0,0.00013000000035390258
hard_a0.2,3,51,Forest,0,0.991919994354248
hard_a0.2,3,52,Forest,0,5.999999848427251e-05
hard_a0.2,3,53,Forest,0,0.9980999827384949
hard_a0.2,3,54,Forest,0,0.0
hard_a0.2,3,55,Forest,0,0.0005499999970197678
hard_a0.2,3,56,Forest,0,0.0
hard_a0.2,3,57,Forest,0,7.000000186963007e-05
hard_a0.2,3,58,Forest,0,9.999999747378752e-06
hard_a0.2,3,59,Forest,0,0.006180000025779009
hard_a0.2,3,60,DenseResidential,1,0.03412000089883804
hard_a0.2,3,61,DenseResidential,1,1.0
hard_a0.2,3,62,DenseResidential,1,1.0
hard_a0.2,3,63,DenseResidential,1,0.9993600249290466
hard_a0.2,3,64,DenseResidential,1,0.9999200105667114
hard_a0.2,3,65,DenseResidential,1,0.9932699799537659
hard_a0.2,3,66,DenseResidential,1,0.9992499947547913
hard_a0.2,3,67,DenseResidential,1,0.023490000516176224
hard_a0.2,3,68,DenseResidential,1,0.04362000152468681
hard_a0.2,3,69,DenseResidential,1,0.20739999413490295
hard_a0.2,3,70,DenseResidential,1,1.0
hard_a0.2,3,71,DenseResidential,1,0.03668000176548958
hard_a0.2,3,72,DenseResidential,1,0.10559999942779541
hard_a0.2,3,73,DenseResidential,1,0.999970018863678
hard_a0.2,3,74,DenseResidential,1,1.0
hard_a0.2,3,75,DenseResidential,1,0.38222000002861023
hard_a0.2,3,76,DenseResidential,1,0.1820400059223175
hard_a0.2,3,77,DenseResidential,1,0.6065099835395813
hard_a0.2,3,78,DenseResidential,1,0.10632999986410141
hard_a0.2,3,79,DenseResidential,1,1.0
hard_a0.2,3,80,DenseResidential,1,1.0
hard_a0.2,3,81,DenseResidential,1,1.0
hard_a0.2,3,82,DenseResidential,1,1.0
hard_a0.2,3,83,DenseResidential,1,0.999970018863678
hard_a0.2,3,84,DenseResidential,1,1.0
hard_a0.2,3,85,DenseResidential,1,1.0
hard_a0.2,3,86,DenseResidential,1,0.9756100177764893
hard_a0.2,3,87,DenseResidential,1,1.0
hard_a0.2,3,88,DenseResidential,1,1.0
hard_a0.2,3,89,DenseResidential,1,1.0
hard_a0.2,3,90,MediumResidential,1,0.18446999788284302
hard_a0.2,3,91,MediumResidential,1,0.9909800291061401
hard_a0.2,3,92,MediumResidential,1,0.9865000247955322
hard_a0.2,3,93,MediumResidential,1,1.0
hard_a0.2,3,94,MediumResidential,1,0.9976800084114075
hard_a0.2,3,95,MediumResidential,1,7.999999797903001e-05
hard_a0.2,3,96,MediumResidential,1,0.9610599875450134
hard_a0.2,3,97,MediumResidential,1,0.9571400284767151
hard_a0.2,3,98,MediumResidential,1,0.8866599798202515
hard_a0.2,3,99,MediumResidential,1,0.7401300072669983
hard_a0.2,3,100,MediumResidential,1,0.7743200063705444
hard_a0.2,3,101,MediumResidential,1,0.0916299968957901
hard_a0.2,3,102,MediumResidential,1,0.998170018196106
hard_a0.2,3,103,MediumResidential,1,0.23181000351905823
hard_a0.2,3,104,MediumResidential,1,0.30489999055862427
hard_a0.2,3,105,MediumResidential,1,0.3646700084209442
hard_a0.2,3,106,MediumResidential,1,0.6773899793624878
hard_a0.2,3,107,MediumResidential,1,0.8678100109100342
hard_a0.2,3,108,MediumResidential,1,0.9642699956893921
hard_a0.2,3,109,MediumResidential,1,0.8297899961471558
hard_a0.2,3,110,MediumResidential,1,0.9467899799346924
hard_a0.2,3,111,MediumResidential,1,0.9436799883842468
hard_a0.2,3,112,MediumResidential,1,0.1437699943780899
hard_a0.2,3,113,MediumResidential,1,0.975409984588623
hard_a0.2,3,114,MediumResidential,1,9.999999747378752e-06
hard_a0.2,3,115,MediumResidential,1,0.925790011882782
hard_a0.2,3,116,MediumResidential,1,0.25143998861312866
hard_a0.2,3,117,MediumResidential,1,0.7135599851608276
hard_a0.2,3,118,MediumResidential,1,0.05485999956727028
hard_a0.2,3,119,MediumResidential,1,0.016170000657439232
hard_a0.2,4,0,Forest,0,0.00018000000272877514
hard_a0.2,4,1,Forest,0,0.09628000110387802
hard_a0.2,4,2,Forest,0,1.9999999494757503e-05
hard_a0.2,4,3,Forest,0,0.7783200144767761
hard_a0.2,4,4,Forest,0,2.9999999242136255e-05
hard_a0.2,4,5,Forest,0,0.6573500037193298
hard_a0.2,4,6,Forest,0,9.999999747378752e-06
hard_a0.2,4,7,Forest,0,1.9999999494757503e-05
hard_a0.2,4,8,Forest,0,0.3841800093650818
hard_a0.2,4,9,Forest,0,0.5157600045204163
hard_a0.2,4,10,Forest,0,0.9000899791717529
hard_a0.2,4,11,Forest,0,0.0011500000255182385
hard_a0.2,4,12,Forest,0,0.4363900125026703
hard_a0.2,4,13,Forest,0,0.9977800250053406
hard_a0.2,4,14,Forest,0,0.9996399879455566
hard_a0.2,4,15,Forest,0,0.00022000000171829015
hard_a0.2,4,16,Forest,0,0.0014199999859556556
hard_a0.2,4,17,Forest,0,0.04673000052571297
hard_a0.2,4,18,Forest,0,0.408160001039505
hard_a0.2,4,19,Forest,0,9.999999747378752e-05
hard_a0.2,4,20,Forest,0,1.0
hard_a0.2,4,21,Forest,0,0.9999600052833557
hard_a0.2,4,22,Forest,0,9.000000136438757e-05
hard_a0.2,4,23,Forest,0,0.8901500105857849
hard_a0.2,4,24,Forest,0,0.9999600052833557
hard_a0.2,4,25,Forest,0,0.4959399998188019
hard_a0.2,4,26,Forest,0,0.4381699860095978
hard_a0.2,4,27,Forest,0,0.0016599999507889152
hard_a0.2,4,28,Forest,0,0.8825100064277649
hard_a0.2,4,29,Forest,0,0.9997900128364563
hard_a0.2,4,30,Forest,0,0.9959400296211243
hard_a0.2,4,31,Forest,0,0.9771999716758728
hard_a0.2,4,32,Forest,0,0.9999899864196777
hard_a0.2,4,33,Forest,0,0.0007900000200606883
hard_a0.2,4,34,Forest,0,0.013509999960660934
hard_a0.2,4,35,Forest,0,0.00044999999227002263
hard_a0.2,4,36,Forest,0,0.9998700022697449
hard_a0.2,4,37,Forest,0,0.909600019454956
hard_a0.2,4,38,Forest,0,0.952269971370697
hard_a0.2,4,39,Forest,0,0.999809980392456
hard_a0.2,4,40,Forest,0,0.9992600083351135
hard_a0.2,4,41,Forest,0,1.0
hard_a0.2,4,42,Forest,0,0.9288399815559387
hard_a0.2,4,43,Forest,0,0.9999300241470337
hard_a0.2,4,44,Forest,0,0.003719999920576811
hard_a0.2,4,45,Forest,0,0.9931300282478333
hard_a0.2,4,46,Forest,0,0.003800000064074993
hard_a0.2,4,47,Forest,0,0.4912300109863281
hard_a0.2,4,48,Forest,0,0.9999600052833557
hard_a0.2,4,49,Forest,0,0.9999600052833557
hard_a0.2,4,50,Forest,0,0.006140000186860561
hard_a0.2,4,51,Forest,0,0.9977999925613403
hard_a0.2,4,52,Forest,0,0.24185000360012054
hard_a0.2,4,53,Forest,0,0.9593200087547302
hard_a0.2,4,54,Forest,0,1.9999999494757503e-05
hard_a0.2,4,55,Forest,0,0.030400000512599945
hard_a0.2,4,56,Forest,0,0.0002800000074785203
hard_a0.2,4,57,Forest,0,0.0016499999910593033
hard_a0.2,4,58,Forest,0,0.0007900000200606883
hard_a0.2,4,59,Forest,0,0.07037000358104706
hard_a0.2,4,60,DenseResidential,1,0.9825900197029114
hard_a0.2,4,61,DenseResidential,1,1.0
hard_a0.2,4,62,DenseResidential,1,1.0
hard_a0.2,4,63,DenseResidential,1,1.0
hard_a0.2,4,64,DenseResidential,1,1.0
hard_a0.2,4,65,DenseResidential,1,1.0
hard_a0.2,4,66,DenseResidential,1,1.0
hard_a0.2,4,67,DenseResidential,1,0.9969300031661987
hard_a0.2,4,68,DenseResidential,1,0.993690013885498
hard_a0.2,4,69,DenseResidential,1,0.9958599805831909
hard_a0.2,4,70,DenseResidential,1,1.0
hard_a0.2,4,71,DenseResidential,1,0.9886199831962585
hard_a0.2,4,72,DenseResidential,1,0.9995399713516235
hard_a0.2,4,73,DenseResidential,1,1.0
hard_a0.2,4,74,DenseResidential,1,1.0
hard_a0.2,4,75,DenseResidential,1,0.9997900128364563
hard_a0.2,4,76,DenseResidential,1,0.9991999864578247
hard_a0.2,4,77,DenseResidential,1,0.999809980392456
hard_a0.2,4,78,DenseResidential,1,0.9991000294685364
hard_a0.2,4,79,DenseResidential,1,1.0
hard_a0.2,4,80,DenseResidential,1,1.0
hard_a0.2,4,81,DenseResidential,1,1.0
hard_a0.2,4,82,DenseResidential,1,1.0
hard_a0.2,4,83,DenseResidential,1,1.0
hard_a0.2,4,84,DenseResidential,1,1.0
hard_a0.2,4,85,DenseResidential,1,1.0
hard_a0.2,4,86,DenseResidential,1,0.9999799728393555
hard_a0.2,4,87,DenseResidential,1,1.0
hard_a0.2,4,88,DenseResidential,1,1.0
hard_a0.2,4,89,DenseResidential,1,1.0
hard_a0.2,4,90,MediumResidential,1,0.9882599711418152
hard_a0.2,4,91,MediumResidential,1,0.9997000098228455
hard_a0.2,4,92,MediumResidential,1,0.9988999962806702
hard_a0.2,4,93,MediumResidential,1,1.0
hard_a0.2,4,94,MediumResidential,1,0.9999799728393555
hard_a0.2,4,95,MediumResidential,1,0.005030000116676092
hard_a0.2,4,96,MediumResidential,1,0.753350019454956
hard_a0.2,4,97,MediumResidential,1,0.9574000239372253
hard_a0.2,4,98,MediumResidential,1,0.8218299746513367
hard_a0.2,4,99,MediumResidential,1,0.4575299918651581
hard_a0.2,4,100,MediumResidential,1,0.4350700080394745
hard_a0.2,4,101,MediumResidential,1,0.9853699803352356
hard_a0.2,4,102,MediumResidential,1,0.9980700016021729
hard_a0.2,4,103,MediumResidential,1,0.05187999829649925
hard_a0.2,4,104,MediumResidential,1,0.6093000173568726
hard_a0.2,4,105,MediumResidential,1,0.2549700140953064
hard_a0.2,4,106,MediumResidential,1,0.988290011882782
hard_a0.2,4,107,MediumResidential,1,0.9993399977684021
hard_a0.2,4,108,MediumResidential,1,0.9994000196456909
hard_a0.2,4,109,MediumResidential,1,0.9986600279808044
hard_a0.2,4,110,MediumResidential,1,0.9993600249290466
hard_a0.2,4,111,MediumResidential,1,0.9986000061035156
hard_a0.2,4,112,MediumResidential,1,0.9924499988555908
hard_a0.2,4,113,MediumResidential,1,0.9994400143623352
hard_a0.2,4,114,MediumResidential,1,0.035429999232292175
hard_a0.2,4,115,MediumResidential,1,0.9980499744415283
hard_a0.2,4,116,MediumResidential,1,0.987030029296875
hard_a0.2,4,117,MediumResidential,1,0.9958699941635132
hard_a0.2,4,118,MediumResidential,1,0.7481099963188171
hard_a0.2,4,119,MediumResidential,1,0.8383299708366394
hard_a0.4,0,0,Forest,0,7.000000186963007e-05
hard_a0.4,0,1,Forest,0,0.3102799952030182
hard_a0.4,0,2,Forest,0,9.999999747378752e-06
hard_a0.4,0,3,Forest,0,0.6338000297546387
hard_a0.4,0,4,Forest,0,9.999999747378752e-06
hard_a0.4,0,5,Forest,0,0.536620020866394
hard_a0.4,0,6,Forest,0,0.0
hard_a0.4,0,7,Forest,0,9.999999747378752e-06
hard_a0.4,0,8,Forest,0,0.14104999601840973
hard_a0.4,0,9,Forest,0,0.21818000078201294
hard_a0.4,0,10,Forest,0,0.8082000017166138
hard_a0.4,0,11,Forest,0,0.003449999960139394
hard_a0.4,0,12,Forest,0,0.2540999948978424
hard_a0.4,0,13,Forest,0,0.9925400018692017
hard_a0.4,0,14,Forest,0,0.9966700077056885
hard_a0.4,0,15,Forest,0,9.999999747378752e-06
hard_a0.4,0,16,Forest,0,0.0004900000058114529
hard_a0.4,0,17,Forest,0,0.018079999834299088
hard_a0.4,0,18,Forest,0,0.02135000005364418
hard_a0.4,0,19,Forest,0,1.9999999494757503e-05
hard_a0.4,0,20,Forest,0,0.9999799728393555
hard_a0.4,0,21,Forest,0,0.9997199773788452
hard_a0.4,0,22,Forest,0,9.999999747378752e-06
hard_a0.4,0,23,Forest,0,0.6938499808311462
hard_a0.4,0,24,Forest,0,0.9995099902153015
hard_a0.4,0,25,Forest,0,0.09797000139951706
hard_a0.4,0,26,Forest,0,0.407039999961853
hard_a0.4,0,27,Forest,0,0.00039999998989515007
hard_a0.4,0,28,Forest,0,0.2961600124835968
hard_a0.4,0,29,Forest,0,0.9983900189399719
hard_a0.4,0,30,Forest,0,0.9769200086593628
hard_a0.4,0,31,Forest,0,0.47920000553131104
hard_a0.4,0,32,Forest,0,0.9998700022697449
hard_a0.4,0,33,Forest,0,0.001769999973475933
hard_a0.4,0,34,Forest,0,0.0065299998968839645
hard_a0.4,0,35,Forest,0,0.00014000000373926014
hard_a0.4,0,36,Forest,0,0.9997699856758118
hard_a0.4,0,37,Forest,0,0.7341300249099731
hard_a0.4,0,38,Forest,0,0.9146400094032288
hard_a0.4,0,39,Forest,0,0.9913100004196167
hard_a0.4,0,40,Forest,0,0.9878600239753723
hard_a0.4,0,41,Forest,0,0.9999899864196777
hard_a0.4,0,42,Forest,0,0.7952200174331665
hard_a0.4,0,43,Forest,0,0.9986100196838379
hard_a0.4,0,44,Forest,0,0.007699999958276749
hard_a0.4,0,45,Forest,0,0.9795899987220764
hard_a0.4,0,46,Forest,0,0.00774999987334013
hard_a0.4,0,47,Forest,0,0.09650000184774399
hard_a0.4,0,48,Forest,0,0.992169976234436
hard_a0.4,0,49,Forest,0,0.9962599873542786
hard_a0.4,0,50,Forest,0,0.00471000000834465
hard_a0.4,0,51,Forest,0,0.9792799949645996
hard_a0.4,0,52,Forest,0,0.11603999882936478
hard_a0.4,0,53,Forest,0,0.7998999953269958
hard_a0.4,0,54,Forest,0,0.0
hard_a0.4,0,55,Forest,0,0.03034999966621399
hard_a0.4,0,56,Forest,0,9.999999747378752e-05
hard_a0.4,0,57,Forest,0,0.0027799999807029963
hard_a0.4,0,58,Forest,0,0.0003000000142492354
hard_a0.4,0,59,Forest,0,0.11080999672412872
hard_a0.4,0,60,DenseResidential,1,0.9086199998855591
hard_a0.4,0,61,DenseResidential,1,1.0
hard_a0.4,0,62,DenseResidential,1,1.0
hard_a0.4,0,63,DenseResidential,1,0.9999499917030334
hard_a0.4,0,64,DenseResidential,1,0.9999899864196777
hard_a0.4,0,65,DenseResidential,1,0.9998999834060669
hard_a0.4,0,66,DenseResidential,1,0.999970018863678
hard_a0.4,0,67,DenseResidential,1,0.9475700259208679
hard_a0.4,0,68,DenseResidential,1,0.9081400036811829
hard_a0.4,0,69,DenseResidential,1,0.9674400091171265
hard_a0.4,0,70,DenseResidential,1,1.0
hard_a0.4,0,71,DenseResidential,1,0.9248999953269958
hard_a0.4,0,72,DenseResidential,1,0.981719970703125
hard_a0.4,0,73,DenseResidential,1,0.9999499917030334
hard_a0.4,0,74,DenseResidential,1,1.0
hard_a0.4,0,75,DenseResidential,1,0.9955999851226807
hard_a0.4,0,76,DenseResidential,1,0.9878399968147278
hard_a0.4,0,77,DenseResidential,1,0.9955800175666809
hard_a0.4,0,78,DenseResidential,1,0.9823099970817566
hard_a0.4,0,79,DenseResidential,1,1.0
hard_a0.4,0,80,DenseResidential,1,1.0
hard_a0.4,0,81,DenseResidential,1,1.0
hard_a0.4,0,82,DenseResidential,1,1.0
hard_a0.4,0,83,DenseResidential,1,1.0
hard_a0.4,0,84,DenseResidential,1,1.0
hard_a0.4,0,85,DenseResidential,1,1.0
hard_a0.4,0,86,DenseResidential,1,0.9995599985122681
hard_a0.4,0,87,DenseResidential,1,1.0
hard_a0.4,0,88,DenseResidential,1,1.0
hard_a0.4,0,89,DenseResidential,1,1.0
hard_a0.4,0,90,MediumResidential,1,0.987089991569519
hard_a0.4,0,91,MediumResidential,1,0.9998700022697449
hard_a0.4,0,92,MediumResidential,1,0.9997100234031677
hard_a0.4,0,93,MediumResidential,1,0.999970018863678
hard_a0.4,0,94,MediumResidential,1,0.9994500279426575
hard_a0.4,0,95,MediumResidential,1,0.004410000052303076
hard_a0.4,0,96,MediumResidential,1,0.23097999393939972
hard_a0.4,0,97,MediumResidential,1,0.9196400046348572
hard_a0.4,0,98,MediumResidential,1,0.6595600247383118
hard_a0.4,0,99,MediumResidential,1,0.16715000569820404
hard_a0.4,0,100,MediumResidential,1,0.08618000149726868
hard_a0.4,0,101,MediumResidential,1,0.9793599843978882
hard_a0.4,0,102,MediumResidential,1,0.9935700297355652
hard_a0.4,0,103,MediumResidential,1,0.001820000004954636
hard_a0.4,0,104,MediumResidential,1,0.08178000152111053
hard_a0.4,0,105,MediumResidential,1,0.019589999690651894
hard_a0.4,0,106,MediumResidential,1,0.9498999714851379
hard_a0.4,0,107,MediumResidential,1,0.9947500228881836
hard_a0.4,0,108,MediumResidential,1,0.9971399903297424
hard_a0.4,0,109,MediumResidential,1,0.9882599711418152
hard_a0.4,0,110,MediumResidential,1,0.9940500259399414
hard_a0.4,0,111,MediumResidential,1,0.990339994430542
hard_a0.4,0,112,MediumResidential,1,0.9825999736785889
hard_a0.4,0,113,MediumResidential,1,0.996209979057312
hard_a0.4,0,114,MediumResidential,1,0.0063299997709691525
hard_a0.4,0,115,MediumResidential,1,0.9759299755096436
hard_a0.4,0,116,MediumResidential,1,0.9287099838256836
hard_a0.4,0,117,MediumResidential,1,0.9833499789237976
hard_a0.4,0,118,MediumResidential,1,0.86913001537323
hard_a0.4,0,119,MediumResidential,1,0.891979992389679
hard_a0.4,1,0,Forest,0,1.9999999494757503e-05
hard_a0.4,1,1,Forest,0,0.01018999982625246
hard_a0.4,1,2,Forest,0,0.0
hard_a0.4,1,3,Forest,0,0.5047699809074402
hard_a0.4,1,4,Forest,0,9.999999747378752e-06
hard_a0.4,1,5,Forest,0,0.30588001012802124
hard_a0.4,1,6,Forest,0,0.0
hard_a0.4,1,7,Forest,0,0.0
hard_a0.4,1,8,Forest,0,0.051100000739097595
hard_a0.4,1,9,Forest,0,0.0746299996972084
hard_a0.4,1,10,Forest,0,0.6242499947547913
hard_a0.4,1,11,Forest,0,0.0003100000030826777
hard_a0.4,1,12,Forest,0,0.12160000205039978
hard_a0.4,1,13,Forest,0,0.9967799782752991
hard_a0.4,1,14,Forest,0,0.9988700151443481
hard_a0.4,1,15,Forest,0,2.9999999242136255e-05
hard_a0.4,1,16,Forest,0,0.0005799999926239252
hard_a0.4,1,17,Forest,0,0.018789999186992645
hard_a0.4,1,18,Forest,0,0.17648999392986298
hard_a0.4,1,19,Forest,0,9.999999747378752e-06
hard_a0.4,1,20,Forest,0,1.0
hard_a0.4,1,21,Forest,0,0.999970018863678
hard_a0.4,1,22,Forest,0,9.999999747378752e-06
hard_a0.4,1,23,Forest,0,0.8383299708366394
hard_a0.4,1,24,Forest,0,0.9999600052833557
hard_a0.4,1,25,Forest,0,0.053860001266002655
hard_a0.4,1,26,Forest,0,0.22548000514507294
hard_a0.4,1,27,Forest,0,0.0005799999926239252
hard_a0.4,1,28,Forest,0,0.6011199951171875
hard_a0.4,1,29,Forest,0,0.9994699954986572
hard_a0.4,1,30,Forest,0,0.9935100078582764
hard_a0.4,1,31,Forest,0,0.6846500039100647
hard_a0.4,1,32,Forest,0,0.9999899864196777
hard_a0.4,1,33,Forest,0,0.00019999999494757503
hard_a0.4,1,34,Forest,0,0.0019399999873712659
hard_a0.4,1,35,Forest,0,5.999999848427251e-05
hard_a0.4,1,36,Forest,0,0.9979699850082397
hard_a0.4,1,37,Forest,0,0.8856099843978882
hard_a0.4,1,38,Forest,0,0.41780999302864075
hard_a0.4,1,39,Forest,0,0.9977700114250183
hard_a0.4,1,40,Forest,0,0.9944700002670288
hard_a0.4,1,41,Forest,0,0.9999600052833557
hard_a0.4,1,42,Forest,0,0.6600099802017212
hard_a0.4,1,43,Forest,0,0.9956799745559692
hard_a0.4,1,44,Forest,0,0.001069999998435378
hard_a0.4,1,45,Forest,0,0.15800000727176666
hard_a0.4,1,46,Forest,0,0.0001900000061141327
hard_a0.4,1,47,Forest,0,0.08692000061273575
hard_a0.4,1,48,Forest,0,0.9993000030517578
hard_a0.4,1,49,Forest,0,0.9997199773788452
hard_a0.4,1,50,Forest,0,0.004259999841451645
hard_a0.4,1,51,Forest,0,0.9923400282859802
hard_a0.4,1,52,Forest,0,0.1256999969482422
hard_a0.4,1,53,Forest,0,0.8240100145339966
hard_a0.4,1,54,Forest,0,0.0
hard_a0.4,1,55,Forest,0,0.004720000084489584
hard_a0.4,1,56,Forest,0,3.9999998989515007e-05
hard_a0.4,1,57,Forest,0,0.0003000000142492354
hard_a0.4,1,58,Forest,0,0.00019999999494757503
hard_a0.4,1,59,Forest,0,0.011049999855458736
hard_a0.4,1,60,DenseResidential,1,0.948390007019043
hard_a0.4,1,61,DenseResidential,1,1.0
hard_a0.4,1,62,DenseResidential,1,1.0
hard_a0.4,1,63,DenseResidential,1,0.9999899864196777
hard_a0.4,1,64,DenseResidential,1,1.0
hard_a0.4,1,65,DenseResidential,1,0.9999799728393555
hard_a0.4,1,66,DenseResidential,1,1.0
hard_a0.4,1,67,DenseResidential,1,0.9813600182533264
hard_a0.4,1,68,DenseResidential,1,0.9750900268554688
hard_a0.4,1,69,DenseResidential,1,0.9906399846076965
hard_a0.4,1,70,DenseResidential,1,1.0
hard_a0.4,1,71,DenseResidential,1,0.9458799958229065
hard_a0.4,1,72,DenseResidential,1,0.9975000023841858
hard_a0.4,1,73,DenseResidential,1,1.0
hard_a0.4,1,74,DenseResidential,1,1.0
hard_a0.4,1,75,DenseResidential,1,0.9986199736595154
hard_a0.4,1,76,DenseResidential,1,0.9941200017929077
hard_a0.4,1,77,DenseResidential,1,0.9991199970245361
hard_a0.4,1,78,DenseResidential,1,0.9937000274658203
hard_a0.4,1,79,DenseResidential,1,1.0
hard_a0.4,1,80,DenseResidential,1,1.0
hard_a0.4,1,81,DenseResidential,1,1.0
hard_a0.4,1,82,DenseResidential,1,1.0
hard_a0.4,1,83,DenseResidential,1,1.0
hard_a0.4,1,84,DenseResidential,1,1.0
hard_a0.4,1,85,DenseResidential,1,1.0
hard_a0.4,1,86,DenseResidential,1,0.9998000264167786
hard_a0.4,1,87,DenseResidential,1,1.0
hard_a0.4,1,88,DenseResidential,1,1.0
hard_a0.4,1,89,DenseResidential,1,1.0
hard_a0.4,1,90,MediumResidential,1,0.9803799986839294
hard_a0.4,1,91,MediumResidential,1,0.9995099902153015
hard_a0.4,1,92,MediumResidential,1,0.9966599941253662
hard_a0.4,1,93,MediumResidential,1,0.9999899864196777
hard_a0.4,1,94,MediumResidential,1,0.999530017375946
hard_a0.4,1,95,MediumResidential,1,0.0006200000061653554
hard_a0.4,1,96,MediumResidential,1,0.1368899941444397
hard_a0.4,1,97,MediumResidential,1,0.8045300245285034
hard_a0.4,1,98,MediumResidential,1,0.32214000821113586
hard_a0.4,1,99,MediumResidential,1,0.049890000373125076
hard_a0.4,1,100,MediumResidential,1,0.045570001006126404
hard_a0.4,1,101,MediumResidential,1,0.9469799995422363
hard_a0.4,1,102,MediumResidential,1,0.9955800175666809
hard_a0.4,1,103,MediumResidential,1,0.0008200000156648457
hard_a0.4,1,104,MediumResidential,1,0.030700000002980232
hard_a0.4,1,105,MediumResidential,1,0.0053400001488626
hard_a0.4,1,106,MediumResidential,1,0.8571500182151794
hard_a0.4,1,107,MediumResidential,1,0.9948099851608276
hard_a0.4,1,108,MediumResidential,1,0.9963399767875671
hard_a0.4,1,109,MediumResidential,1,0.9891300201416016
hard_a0.4,1,110,MediumResidential,1,0.9936500191688538
hard_a0.4,1,111,MediumResidential,1,0.9868500232696533
hard_a0.4,1,112,MediumResidential,1,0.9608500003814697
hard_a0.4,1,113,MediumResidential,1,0.9940999746322632
hard_a0.4,1,114,MediumResidential,1,0.007819999940693378
hard_a0.4,1,115,MediumResidential,1,0.9866600036621094
hard_a0.4,1,116,MediumResidential,1,0.9480599761009216
hard_a0.4,1,117,MediumResidential,1,0.9675599932670593
hard_a0.4,1,118,MediumResidential,1,0.5260599851608276
hard_a0.4,1,119,MediumResidential,1,0.6369500160217285
hard_a0.4,2,0,Forest,0,0.0005099999834783375
hard_a0.4,2,1,Forest,0,0.721560001373291
hard_a0.4,2,2,Forest,0,0.00013000000035390258
hard_a0.4,2,3,Forest,0,0.857230007648468
hard_a0.4,2,4,Forest,0,9.999999747378752e-05
hard_a0.4,2,5,Forest,0,0.8373200297355652
hard_a0.4,2,6,Forest,0,2.9999999242136255e-05
hard_a0.4,2,7,Forest,0,0.00011999999696854502
hard_a0.4,2,8,Forest,0,0.16019000113010406
hard_a0.4,2,9,Forest,0,0.22672000527381897
hard_a0.4,2,10,Forest,0,0.8750200271606445
hard_a0.4,2,11,Forest,0,0.02353999949991703
hard_a0.4,2,12,Forest,0,0.4034700095653534
hard_a0.4,2,13,Forest,0,0.9996500015258789
hard_a0.4,2,14,Forest,0,0.9994800090789795
hard_a0.4,2,15,Forest,0,5.999999848427251e-05
hard_a0.4,2,16,Forest,0,0.00023999999393709004
hard_a0.4,2,17,Forest,0,0.005049999803304672
hard_a0.4,2,18,Forest,0,0.0007999999797903001
hard_a0.4,2,19,Forest,0,0.00031999999191612005
hard_a0.4,2,20,Forest,0,1.0
hard_a0.4,2,21,Forest,0,0.9998599886894226
hard_a0.4,2,22,Forest,0,9.999999747378752e-05
hard_a0.4,2,23,Forest,0,0.7363399863243103
hard_a0.4,2,24,Forest,0,0.9987300038337708
hard_a0.4,2,25,Forest,0,0.282039999961853
hard_a0.4,2,26,Forest,0,0.5731499791145325
hard_a0.4,2,27,Forest,0,1.9999999494757503e-05
hard_a0.4,2,28,Forest,0,0.005539999809116125
hard_a0.4,2,29,Forest,0,0.9993199706077576
hard_a0.4,2,30,Forest,0,0.9796199798583984
hard_a0.4,2,31,Forest,0,0.6613100171089172
hard_a0.4,2,32,Forest,0,0.9999799728393555
hard_a0.4,2,33,Forest,0,0.011420000344514847
hard_a0.4,2,34,Forest,0,0.029670000076293945
hard_a0.4,2,35,Forest,0,0.0006000000284984708
hard_a0.4,2,36,Forest,0,1.0
hard_a0.4,2,37,Forest,0,0.8576899766921997
hard_a0.4,2,38,Forest,0,0.9708899855613708
hard_a0.4,2,39,Forest,0,0.9995899796485901
hard_a0.4,2,40,Forest,0,0.9927300214767456
hard_a0.4,2,41,Forest,0,1.0
hard_a0.4,2,42,Forest,0,0.9717900156974792
hard_a0.4,2,43,Forest,0,0.9998599886894226
hard_a0.4,2,44,Forest,0,0.02281000092625618
hard_a0.4,2,45,Forest,0,0.9999899864196777
hard_a0.4,2,46,Forest,0,0.04270999878644943
hard_a0.4,2,47,Forest,0,0.44889000058174133
hard_a0.4,2,48,Forest,0,0.9973400235176086
hard_a0.4,2,49,Forest,0,0.9976900219917297
hard_a0.4,2,50,Forest,0,0.0016499999910593033
hard_a0.4,2,51,Forest,0,0.9883400201797485
hard_a0.4,2,52,Forest,0,0.05063999816775322
hard_a0.4,2,53,Forest,0,0.9750199913978577
hard_a0.4,2,54,Forest,0,0.0
hard_a0.4,2,55,Forest,0,0.032829999923706055
hard_a0.4,2,56,Forest,0,0.00015999999595806003
hard_a0.4,2,57,Forest,0,0.02133999951183796
hard_a0.4,2,58,Forest,0,0.0004400000034365803
hard_a0.4,2,59,Forest,0,0.1080700010061264
hard_a0.4,2,60,DenseResidential,1,0.9678800106048584
hard_a0.4,2,61,DenseResidential,1,1.0
hard_a0.4,2,62,DenseResidential,1,1.0
hard_a0.4,2,63,DenseResidential,1,1.0
hard_a0.4,2,64,DenseResidential,1,1.0
hard_a0.4,2,65,DenseResidential,1,1.0
hard_a0.4,2,66,DenseResidential,1,1.0
hard_a0.4,2,67,DenseResidential,1,0.7815300226211548
hard_a0.4,2,68,DenseResidential,1,0.8565899729728699
hard_a0.4,2,69,DenseResidential,1,0.9711099863052368
hard_a0.4,2,70,DenseResidential,1,1.0
hard_a0.4,2,71,DenseResidential,1,0.9852700233459473
hard_a0.4,2,72,DenseResidential,1,0.9431999921798706
hard_a0.4,2,73,DenseResidential,1,0.9999899864196777
hard_a0.4,2,74,DenseResidential,1,1.0
hard_a0.4,2,75,DenseResidential,1,0.9876599907875061
hard_a0.4,2,76,DenseResidential,1,0.9747099876403809
hard_a0.4,2,77,DenseResidential,1,0.9962599873542786
hard_a0.4,2,78,DenseResidential,1,0.9532099962234497
hard_a0.4,2,79,DenseResidential,1,1.0
hard_a0.4,2,80,DenseResidential,1,1.0
hard_a0.4,2,81,DenseResidential,1,1.0
hard_a0.4,2,82,DenseResidential,1,1.0
hard_a0.4,2,83,DenseResidential,1,1.0
hard_a0.4,2,84,DenseResidential,1,1.0
hard_a0.4,2,85,DenseResidential,1,1.0
hard_a0.4,2,86,DenseResidential,1,0.9998999834060669
hard_a0.4,2,87,DenseResidential,1,1.0
hard_a0.4,2,88,DenseResidential,1,1.0
hard_a0.4,2,89,DenseResidential,1,1.0
hard_a0.4,2,90,MediumResidential,1,0.9958199858665466
hard_a0.4,2,91,MediumResidential,1,1.0
hard_a0.4,2,92,MediumResidential,1,1.0
hard_a0.4,2,93,MediumResidential,1,0.9999899864196777
hard_a0.4,2,94,MediumResidential,1,0.9999499917030334
hard_a0.4,2,95,MediumResidential,1,0.02133999951183796
hard_a0.4,2,96,MediumResidential,1,0.6444200277328491
hard_a0.4,2,97,MediumResidential,1,0.9653300046920776
hard_a0.4,2,98,MediumResidential,1,0.8823599815368652
hard_a0.4,2,99,MediumResidential,1,0.500789999961853
hard_a0.4,2,100,MediumResidential,1,0.5199800133705139
hard_a0.4,2,101,MediumResidential,1,0.9875100255012512
hard_a0.4,2,102,MediumResidential,1,0.9973700046539307
hard_a0.4,2,103,MediumResidential,1,0.10894999653100967
hard_a0.4,2,104,MediumResidential,1,0.5131199955940247
hard_a0.4,2,105,MediumResidential,1,0.3315500020980835
hard_a0.4,2,106,MediumResidential,1,0.9780799746513367
hard_a0.4,2,107,MediumResidential,1,0.9975500106811523
hard_a0.4,2,108,MediumResidential,1,0.9991400241851807
hard_a0.4,2,109,MediumResidential,1,0.9952099919319153
hard_a0.4,2,110,MediumResidential,1,0.9973999857902527
hard_a0.4,2,111,MediumResidential,1,0.9938899874687195
hard_a0.4,2,112,MediumResidential,1,0.9911500215530396
hard_a0.4,2,113,MediumResidential,1,0.9976099729537964
hard_a0.4,2,114,MediumResidential,1,0.0030900000128895044
hard_a0.4,2,115,MediumResidential,1,0.9908400177955627
hard_a0.4,2,116,MediumResidential,1,0.8787599802017212
hard_a0.4,2,117,MediumResidential,1,0.9083999991416931
hard_a0.4,2,118,MediumResidential,1,0.8562800288200378
hard_a0.4,2,119,MediumResidential,1,0.9518300294876099
hard_a0.4,3,0,Forest,0,0.0
hard_a0.4,3,1,Forest,0,0.025219999253749847
hard_a0.4,3,2,Forest,0,0.0
hard_a0.4,3,3,Forest,0,0.01039000041782856
hard_a0.4,3,4,Forest,0,0.0
hard_a0.4,3,5,Forest,0,0.03308999910950661
hard_a0.4,3,6,Forest,0,0.0
hard_a0.4,3,7,Forest,0,0.0
hard_a0.4,3,8,Forest,0,0.010660000145435333
hard_a0.4,3,9,Forest,0,0.0049299998208880424
hard_a0.4,3,10,Forest,0,0.151419997215271
hard_a0.4,3,11,Forest,0,3.9999998989515007e-05
hard_a0.4,3,12,Forest,0,0.3760400116443634
hard_a0.4,3,13,Forest,0,0.9378600120544434
hard_a0.4,3,14,Forest,0,0.9873800277709961
hard_a0.4,3,15,Forest,0,0.0
hard_a0.4,3,16,Forest,0,2.9999999242136255e-05
hard_a0.4,3,17,Forest,0,0.0005699999746866524
hard_a0.4,3,18,Forest,0,0.0073899999260902405
hard_a0.4,3,19,Forest,0,0.0
hard_a0.4,3,20,Forest,0,0.9999899864196777
hard_a0.4,3,21,Forest,0,0.9999399781227112
hard_a0.4,3,22,Forest,0,0.0
hard_a0.4,3,23,Forest,0,0.922540009021759
hard_a0.4,3,24,Forest,0,0.9997400045394897
hard_a0.4,3,25,Forest,0,0.001560000004246831
hard_a0.4,3,26,Forest,0,0.010099999606609344
hard_a0.4,3,27,Forest,0,1.9999999494757503e-05
hard_a0.4,3,28,Forest,0,0.0038900000508874655
hard_a0.4,3,29,Forest,0,0.9963300228118896
hard_a0.4,3,30,Forest,0,0.9965299963951111
hard_a0.4,3,31,Forest,0,0.5463299751281738
hard_a0.4,3,32,Forest,0,0.9999899864196777
hard_a0.4,3,33,Forest,0,3.9999998989515007e-05
hard_a0.4,3,34,Forest,0,3.9999998989515007e-05
hard_a0.4,3,35,Forest,0,0.0
hard_a0.4,3,36,Forest,0,0.969760000705719
hard_a0.4,3,37,Forest,0,0.9922900199890137
hard_a0.4,3,38,Forest,0,0.9559500217437744
hard_a0.4,3,39,Forest,0,0.9942799806594849
hard_a0.4,3,40,Forest,0,0.9998300075531006
hard_a0.4,3,41,Forest,0,0.9996799826622009
hard_a0.4,3,42,Forest,0,0.9783499836921692
hard_a0.4,3,43,Forest,0,0.9990000128746033
hard_a0.4,3,44,Forest,0,0.0002099999983329326
hard_a0.4,3,45,Forest,0,0.10728000104427338
hard_a0.4,3,46,Forest,0,9.000000136438757e-05
hard_a0.4,3,47,Forest,0,0.026599999517202377
hard_a0.4,3,48,Forest,0,0.999750018119812
hard_a0.4,3,49,Forest,0,0.999530017375946
hard_a0.4,3,50,Forest,0,7.999999797903001e-05
hard_a0.4,3,51,Forest,0,0.975629985332489
hard_a0.4,3,52,Forest,0,0.0
hard_a0.4,3,53,Forest,0,0.9718899726867676
hard_a0.4,3,54,Forest,0,0.0
hard_a0.4,3,55,Forest,0,0.0003499999875202775
hard_a0.4,3,56,Forest,0,0.0
hard_a0.4,3,57,Forest,0,1.9999999494757503e-05
hard_a0.4,3,58,Forest,0,0.0
hard_a0.4,3,59,Forest,0,0.0028200000524520874
hard_a0.4,3,60,DenseResidential,1,0.005109999794512987
hard_a0.4,3,61,DenseResidential,1,1.0
hard_a0.4,3,62,DenseResidential,1,0.9999899864196777
hard_a0.4,3,63,DenseResidential,1,0.8747199773788452
hard_a0.4,3,64,DenseResidential,1,0.9771299958229065
hard_a0.4,3,65,DenseResidential,1,0.6147000193595886
hard_a0.4,3,66,DenseResidential,1,0.8671000003814697
hard_a0.4,3,67,DenseResidential,1,0.006010000128298998
hard_a0.4,3,68,DenseResidential,1,0.014059999957680702
hard_a0.4,3,69,DenseResidential,1,0.04301000013947487
hard_a0.4,3,70,DenseResidential,1,1.0
hard_a0.4,3,71,DenseResidential,1,0.006479999981820583
hard_a0.4,3,72,DenseResidential,1,0.03327000141143799
hard_a0.4,3,73,DenseResidential,1,0.9996500015258789
hard_a0.4,3,74,DenseResidential,1,1.0
hard_a0.4,3,75,DenseResidential,1,0.16866999864578247
hard_a0.4,3,76,DenseResidential,1,0.09757000207901001
hard_a0.4,3,77,DenseResidential,1,0.2550399899482727
hard_a0.4,3,78,DenseResidential,1,0.045159999281167984
hard_a0.4,3,79,DenseResidential,1,1.0
hard_a0.4,3,80,DenseResidential,1,1.0
hard_a0.4,3,81,DenseResidential,1,0.999970018863678
hard_a0.4,3,82,DenseResidential,1,0.9997599720954895
hard_a0.4,3,83,DenseResidential,1,0.9940400123596191
hard_a0.4,3,84,DenseResidential,1,0.9999499917030334
hard_a0.4,3,85,DenseResidential,1,0.9994800090789795
hard_a0.4,3,86,DenseResidential,1,0.6808900237083435
hard_a0.4,3,87,DenseResidential,1,1.0
hard_a0.4,3,88,DenseResidential,1,1.0
hard_a0.4,3,89,DenseResidential,1,1.0
hard_a0.4,3,90,MediumResidential,1,0.04089000076055527
hard_a0.4,3,91,MediumResidential,1,0.7427999973297119
hard_a0.4,3,92,MediumResidential,1,0.6231399774551392
hard_a0.4,3,93,MediumResidential,1,1.0
hard_a0.4,3,94,MediumResidential,1,0.9939699769020081
hard_a0.4,3,95,MediumResidential,1,0.00011000000085914508
hard_a0.4,3,96,MediumResidential,1,0.9460200071334839
hard_a0.4,3,97,MediumResidential,1,0.8958500027656555
hard_a0.4,3,98,MediumResidential,1,0.7717700004577637
hard_a0.4,3,99,MediumResidential,1,0.5487200021743774
hard_a0.4,3,100,MediumResidential,1,0.9858300089836121
hard_a0.4,3,101,MediumResidential,1,0.01744999922811985
hard_a0.4,3,102,MediumResidential,1,0.999970018863678
hard_a0.4,3,103,MediumResidential,1,0.344760000705719
hard_a0.4,3,104,MediumResidential,1,0.42478999495506287
hard_a0.4,3,105,MediumResidential,1,0.5789300203323364
hard_a0.4,3,106,MediumResidential,1,0.2919600009918213
hard_a0.4,3,107,MediumResidential,1,0.49955999851226807
hard_a0.4,3,108,MediumResidential,1,0.8231800198554993
hard_a0.4,3,109,MediumResidential,1,0.4344500005245209
hard_a0.4,3,110,MediumResidential,1,0.7949900031089783
hard_a0.4,3,111,MediumResidential,1,0.8460900187492371
hard_a0.4,3,112,MediumResidential,1,0.027969999238848686
hard_a0.4,3,113,MediumResidential,1,0.9303200244903564
hard_a0.4,3,114,MediumResidential,1,0.0
hard_a0.4,3,115,MediumResidential,1,0.4735899865627289
hard_a0.4,3,116,MediumResidential,1,0.02776999957859516
hard_a0.4,3,117,MediumResidential,1,0.1871899962425232
hard_a0.4,3,118,MediumResidential,1,0.012179999612271786
hard_a0.4,3,119,MediumResidential,1,0.004530000034719706
hard_a0.4,4,0,Forest,0,0.00019999999494757503
hard_a0.4,4,1,Forest,0,0.08522000163793564
hard_a0.4,4,2,Forest,0,2.9999999242136255e-05
hard_a0.4,4,3,Forest,0,0.9749699831008911
hard_a0.4,4,4,Forest,0,3.9999998989515007e-05
hard_a0.4,4,5,Forest,0,0.9544600248336792
hard_a0.4,4,6,Forest,0,1.9999999494757503e-05
hard_a0.4,4,7,Forest,0,2.9999999242136255e-05
hard_a0.4,4,8,Forest,0,0.9396299719810486
hard_a0.4,4,9,Forest,0,0.9639599919319153
hard_a0.4,4,10,Forest,0,0.9887800216674805
hard_a0.4,4,11,Forest,0,0.0007300000288523734
hard_a0.4,4,12,Forest,0,0.762470006942749
hard_a0.4,4,13,Forest,0,0.9994000196456909
hard_a0.4,4,14,Forest,0,0.9998199939727783
hard_a0.4,4,15,Forest,0,0.0002800000074785203
hard_a0.4,4,16,Forest,0,0.0028899998869746923
hard_a0.4,4,17,Forest,0,0.11140000075101852
hard_a0.4,4,18,Forest,0,0.19097000360488892
hard_a0.4,4,19,Forest,0,5.999999848427251e-05
hard_a0.4,4,20,Forest,0,1.0
hard_a0.4,4,21,Forest,0,0.9999799728393555
hard_a0.4,4,22,Forest,0,7.999999797903001e-05
hard_a0.4,4,23,Forest,0,0.9731199741363525
hard_a0.4,4,24,Forest,0,0.9999600052833557
hard_a0.4,4,25,Forest,0,0.9702500104904175
hard_a0.4,4,26,Forest,0,0.8782600164413452
hard_a0.4,4,27,Forest,0,0.010940000414848328
hard_a0.4,4,28,Forest,0,0.823170006275177
hard_a0.4,4,29,Forest,0,0.9998400211334229
hard_a0.4,4,30,Forest,0,0.9985700249671936
hard_a0.4,4,31,Forest,0,0.8684300184249878
hard_a0.4,4,32,Forest,0,0.9999899864196777
hard_a0.4,4,33,Forest,0,0.0005099999834783375
hard_a0.4,4,34,Forest,0,0.017829999327659607
hard_a0.4,4,35,Forest,0,0.0005099999834783375
hard_a0.4,4,36,Forest,0,0.9996899962425232
hard_a0.4,4,37,Forest,0,0.9402400255203247
hard_a0.4,4,38,Forest,0,0.87117999792099
hard_a0.4,4,39,Forest,0,0.9994800090789795
hard_a0.4,4,40,Forest,0,0.9960200190544128
hard_a0.4,4,41,Forest,0,1.0
hard_a0.4,4,42,Forest,0,0.838450014591217
hard_a0.4,4,43,Forest,0,0.9994000196456909
hard_a0.4,4,44,Forest,0,0.0030700000934302807
hard_a0.4,4,45,Forest,0,0.9143400192260742
hard_a0.4,4,46,Forest,0,0.002090000081807375
hard_a0.4,4,47,Forest,0,0.7846999764442444
hard_a0.4,4,48,Forest,0,0.9992600083351135
hard_a0.4,4,49,Forest,0,0.9995800256729126
hard_a0.4,4,50,Forest,0,0.022099999710917473
hard_a0.4,4,51,Forest,0,0.9997100234031677
hard_a0.4,4,52,Forest,0,0.3276599943637848
hard_a0.4,4,53,Forest,0,0.8476399779319763
hard_a0.4,4,54,Forest,0,1.9999999494757503e-05
hard_a0.4,4,55,Forest,0,0.07976000010967255
hard_a0.4,4,56,Forest,0,0.00039000000106170774
hard_a0.4,4,57,Forest,0,0.0011399999493733048
hard_a0.4,4,58,Forest,0,0.0007900000200606883
hard_a0.4,4,59,Forest,0,0.12992000579833984
hard_a0.4,4,60,DenseResidential,1,0.990149974822998
hard_a0.4,4,61,DenseResidential,1,1.0
hard_a0.4,4,62,DenseResidential,1,1.0
hard_a0.4,4,63,DenseResidential,1,1.0
hard_a0.4,4,64,DenseResidential,1,1.0
hard_a0.4,4,65,DenseResidential,1,1.0
hard_a0.4,4,66,DenseResidential,1,1.0
hard_a0.4,4,67,DenseResidential,1,0.9980300068855286
hard_a0.4,4,68,DenseResidential,1,0.9966800212860107
hard_a0.4,4,69,DenseResidential,1,0.9975699782371521
hard_a0.4,4,70,DenseResidential,1,1.0
hard_a0.4,4,71,DenseResidential,1,0.9909499883651733
hard_a0.4,4,72,DenseResidential,1,0.9995999932289124
hard_a0.4,4,73,DenseResidential,1,1.0
hard_a0.4,4,74,DenseResidential,1,1.0
hard_a0.4,4,75,DenseResidential,1,0.9998800158500671
hard_a0.4,4,76,DenseResidential,1,0.9997599720954895
hard_a0.4,4,77,DenseResidential,1,0.9998700022697449
hard_a0.4,4,78,DenseResidential,1,0.9993500113487244
hard_a0.4,4,79,DenseResidential,1,1.0
hard_a0.4,4,80,DenseResidential,1,1.0
hard_a0.4,4,81,DenseResidential,1,1.0
hard_a0.4,4,82,DenseResidential,1,1.0
hard_a0.4,4,83,DenseResidential,1,1.0
hard_a0.4,4,84,DenseResidential,1,1.0
hard_a0.4,4,85,DenseResidential,1,1.0
hard_a0.4,4,86,DenseResidential,1,0.9999799728393555
hard_a0.4,4,87,DenseResidential,1,1.0
hard_a0.4,4,88,DenseResidential,1,1.0
hard_a0.4,4,89,DenseResidential,1,1.0
hard_a0.4,4,90,MediumResidential,1,0.9965599775314331
hard_a0.4,4,91,MediumResidential,1,0.9998700022697449
hard_a0.4,4,92,MediumResidential,1,0.9990299940109253
hard_a0.4,4,93,MediumResidential,1,1.0
hard_a0.4,4,94,MediumResidential,1,0.9999899864196777
hard_a0.4,4,95,MediumResidential,1,0.005489999894052744
hard_a0.4,4,96,MediumResidential,1,0.8648200035095215
hard_a0.4,4,97,MediumResidential,1,0.9858099818229675
hard_a0.4,4,98,MediumResidential,1,0.9275100231170654
hard_a0.4,4,99,MediumResidential,1,0.5423700213432312
hard_a0.4,4,100,MediumResidential,1,0.6243100166320801
hard_a0.4,4,101,MediumResidential,1,0.9938899874687195
hard_a0.4,4,102,MediumResidential,1,0.9980599880218506
hard_a0.4,4,103,MediumResidential,1,0.12851999700069427
hard_a0.4,4,104,MediumResidential,1,0.9224100112915039
hard_a0.4,4,105,MediumResidential,1,0.6258400082588196
hard_a0.4,4,106,MediumResidential,1,0.9930499792098999
hard_a0.4,4,107,MediumResidential,1,0.9996200203895569
hard_a0.4,4,108,MediumResidential,1,0.9996600151062012
hard_a0.4,4,109,MediumResidential,1,0.9994000196456909
hard_a0.4,4,110,MediumResidential,1,0.9997100234031677
hard_a0.4,4,111,MediumResidential,1,0.9995200037956238
hard_a0.4,4,112,MediumResidential,1,0.9975500106811523
hard_a0.4,4,113,MediumResidential,1,0.9997199773788452
hard_a0.4,4,114,MediumResidential,1,0.038509998470544815
hard_a0.4,4,115,MediumResidential,1,0.9980499744415283
hard_a0.4,4,116,MediumResidential,1,0.9868800044059753
hard_a0.4,4,117,MediumResidential,1,0.9962800145149231
hard_a0.4,4,118,MediumResidential,1,0.8435999751091003
hard_a0.4,4,119,MediumResidential,1,0.9336000084877014
hard_a0.6,0,0,Forest,0,9.999999747378752e-06
hard_a0.6,0,1,Forest,0,0.11356999725103378
hard_a0.6,0,2,Forest,0,0.0
hard_a0.6,0,3,Forest,0,0.028589999303221703
hard_a0.6,0,4,Forest,0,0.0
hard_a0.6,0,5,Forest,0,0.07322999835014343
hard_a0.6,0,6,Forest,0,0.0
hard_a0.6,0,7,Forest,0,0.0
hard_a0.6,0,8,Forest,0,0.003700000001117587
hard_a0.6,0,9,Forest,0,0.005100000184029341
hard_a0.6,0,10,Forest,0,0.11998999863862991
hard_a0.6,0,11,Forest,0,0.0008299999753944576
hard_a0.6,0,12,Forest,0,0.1127299964427948
hard_a0.6,0,13,Forest,0,0.9824600219726562
hard_a0.6,0,14,Forest,0,0.9774399995803833
hard_a0.6,0,15,Forest,0,0.0
hard_a0.6,0,16,Forest,0,9.000000136438757e-05
hard_a0.6,0,17,Forest,0,0.002300000051036477
hard_a0.6,0,18,Forest,0,0.013039999641478062
hard_a0.6,0,19,Forest,0,0.0
hard_a0.6,0,20,Forest,0,0.9998499751091003
hard_a0.6,0,21,Forest,0,0.9960799813270569
hard_a0.6,0,22,Forest,0,0.0
hard_a0.6,0,23,Forest,0,0.3422600030899048
hard_a0.6,0,24,Forest,0,0.9971799850463867
hard_a0.6,0,25,Forest,0,0.0007800000021234155
hard_a0.6,0,26,Forest,0,0.029020000249147415
hard_a0.6,0,27,Forest,0,9.999999747378752e-06
hard_a0.6,0,28,Forest,0,0.050700001418590546
hard_a0.6,0,29,Forest,0,0.9880499839782715
hard_a0.6,0,30,Forest,0,0.8438500165939331
hard_a0.6,0,31,Forest,0,0.16413000226020813
hard_a0.6,0,32,Forest,0,0.9992200136184692
hard_a0.6,0,33,Forest,0,0.0003800000122282654
hard_a0.6,0,34,Forest,0,0.0007399999885819852
hard_a0.6,0,35,Forest,0,1.9999999494757503e-05
hard_a0.6,0,36,Forest,0,0.9988800287246704
hard_a0.6,0,37,Forest,0,0.44971001148223877
hard_a0.6,0,38,Forest,0,0.48058000206947327
hard_a0.6,0,39,Forest,0,0.9709200263023376
hard_a0.6,0,40,Forest,0,0.9262400269508362
hard_a0.6,0,41,Forest,0,0.9999099969863892
hard_a0.6,0,42,Forest,0,0.4977099895477295
hard_a0.6,0,43,Forest,0,0.9898599982261658
hard_a0.6,0,44,Forest,0,0.002469999948516488
hard_a0.6,0,45,Forest,0,0.7831599712371826
hard_a0.6,0,46,Forest,0,0.00044999999227002263
hard_a0.6,0,47,Forest,0,0.016200000420212746
hard_a0.6,0,48,Forest,0,0.9595699906349182
hard_a0.6,0,49,Forest,0,0.984790027141571
hard_a0.6,0,50,Forest,0,0.0003600000054575503
hard_a0.6,0,51,Forest,0,0.8483099937438965
hard_a0.6,0,52,Forest,0,0.08532000333070755
hard_a0.6,0,53,Forest,0,0.33886000514030457
hard_a0.6,0,54,Forest,0,0.0
hard_a0.6,0,55,Forest,0,0.0024399999529123306
hard_a0.6,0,56,Forest,0,9.999999747378752e-06
hard_a0.6,0,57,Forest,0,0.0006000000284984708
hard_a0.6,0,58,Forest,0,9.000000136438757e-05
hard_a0.6,0,59,Forest,0,0.02085999958217144
hard_a0.6,0,60,DenseResidential,1,0.7794600129127502
hard_a0.6,0,61,DenseResidential,1,1.0
hard_a0.6,0,62,DenseResidential,1,0.9999899864196777
hard_a0.6,0,63,DenseResidential,1,0.9998800158500671
hard_a0.6,0,64,DenseResidential,1,0.9999799728393555
hard_a0.6,0,65,DenseResidential,1,0.9997900128364563
hard_a0.6,0,66,DenseResidential,1,0.9998700022697449
hard_a0.6,0,67,DenseResidential,1,0.6535999774932861
hard_a0.6,0,68,DenseResidential,1,0.40404999256134033
hard_a0.6,0,69,DenseResidential,1,0.6931099891662598
hard_a0.6,0,70,DenseResidential,1,0.999779999256134
hard_a0.6,0,71,DenseResidential,1,0.7706699967384338
hard_a0.6,0,72,DenseResidential,1,0.8365799784660339
hard_a0.6,0,73,DenseResidential,1,0.9957900047302246
hard_a0.6,0,74,DenseResidential,1,0.9999399781227112
hard_a0.6,0,75,DenseResidential,1,0.8584100008010864
hard_a0.6,0,76,DenseResidential,1,0.5781099796295166
hard_a0.6,0,77,DenseResidential,1,0.9323800206184387
hard_a0.6,0,78,DenseResidential,1,0.6299499869346619
hard_a0.6,0,79,DenseResidential,1,1.0
hard_a0.6,0,80,DenseResidential,1,1.0
hard_a0.6,0,81,DenseResidential,1,0.9999799728393555
hard_a0.6,0,82,DenseResidential,1,1.0
hard_a0.6,0,83,DenseResidential,1,0.9999899864196777
hard_a0.6,0,84,DenseResidential,1,1.0
hard_a0.6,0,85,DenseResidential,1,0.9999399781227112
hard_a0.6,0,86,DenseResidential,1,0.9969900250434875
hard_a0.6,0,87,DenseResidential,1,1.0
hard_a0.6,0,88,DenseResidential,1,1.0
hard_a0.6,0,89,DenseResidential,1,1.0
hard_a0.6,0,90,MediumResidential,1,0.9354699850082397
hard_a0.6,0,91,MediumResidential,1,0.9995499849319458
hard_a0.6,0,92,MediumResidential,1,0.999180018901825
hard_a0.6,0,93,MediumResidential,1,0.999239981174469
hard_a0.6,0,94,MediumResidential,1,0.9430999755859375
hard_a0.6,0,95,MediumResidential,1,0.0005699999746866524
hard_a0.6,0,96,MediumResidential,1,0.06492000073194504
hard_a0.6,0,97,MediumResidential,1,0.6442499756813049
hard_a0.6,0,98,MediumResidential,1,0.3833700120449066
hard_a0.6,0,99,MediumResidential,1,0.07785999774932861
hard_a0.6,0,100,MediumResidential,1,0.025359999388456345
hard_a0.6,0,101,MediumResidential,1,0.8955000042915344
hard_a0.6,0,102,MediumResidential,1,0.9485999941825867
hard_a0.6,0,103,MediumResidential,1,0.0003499999875202775
hard_a0.6,0,104,MediumResidential,1,0.007199999876320362
hard_a0.6,0,105,MediumResidential,1,0.0025100000202655792
hard_a0.6,0,106,MediumResidential,1,0.7206100225448608
hard_a0.6,0,107,MediumResidential,1,0.9335899949073792
hard_a0.6,0,108,MediumResidential,1,0.9716299772262573
hard_a0.6,0,109,MediumResidential,1,0.8286600112915039
hard_a0.6,0,110,MediumResidential,1,0.9021300077438354
hard_a0.6,0,111,MediumResidential,1,0.8511199951171875
hard_a0.6,0,112,MediumResidential,1,0.9210299849510193
hard_a0.6,0,113,MediumResidential,1,0.9301300048828125
hard_a0.6,0,114,MediumResidential,1,0.0011599999852478504
hard_a0.6,0,115,MediumResidential,1,0.8775399923324585
hard_a0.6,0,116,MediumResidential,1,0.6237000226974487
hard_a0.6,0,117,MediumResidential,1,0.9327399730682373
hard_a0.6,0,118,MediumResidential,1,0.6785799860954285
hard_a0.6,0,119,MediumResidential,1,0.5553699731826782
hard_a0.6,1,0,Forest,0,0.001120000029914081
hard_a0.6,1,1,Forest,0,0.7189499735832214
hard_a0.6,1,2,Forest,0,9.999999747378752e-05
hard_a0.6,1,3,Forest,0,0.959879994392395
hard_a0.6,1,4,Forest,0,0.00015999999595806003
hard_a0.6,1,5,Forest,0,0.963379979133606
hard_a0.6,1,6,Forest,0,5.999999848427251e-05
hard_a0.6,1,7,Forest,0,0.00013000000035390258
hard_a0.6,1,8,Forest,0,0.7963299751281738
hard_a0.6,1,9,Forest,0,0.7722200155258179
hard_a0.6,1,10,Forest,0,0.9594399929046631
hard_a0.6,1,11,Forest,0,0.01996999979019165
hard_a0.6,1,12,Forest,0,0.815559983253479
hard_a0.6,1,13,Forest,0,0.9994800090789795
hard_a0.6,1,14,Forest,0,0.999779999256134
hard_a0.6,1,15,Forest,0,0.00018000000272877514
hard_a0.6,1,16,Forest,0,0.0032999999821186066
hard_a0.6,1,17,Forest,0,0.09581000357866287
hard_a0.6,1,18,Forest,0,0.10262999683618546
hard_a0.6,1,19,Forest,0,0.000539999979082495
hard_a0.6,1,20,Forest,0,0.9999799728393555
hard_a0.6,1,21,Forest,0,0.9997299909591675
hard_a0.6,1,22,Forest,0,0.0002300000051036477
hard_a0.6,1,23,Forest,0,0.9325699806213379
hard_a0.6,1,24,Forest,0,0.999019980430603
hard_a0.6,1,25,Forest,0,0.8329600095748901
hard_a0.6,1,26,Forest,0,0.9362999796867371
hard_a0.6,1,27,Forest,0,0.010689999908208847
hard_a0.6,1,28,Forest,0,0.28275999426841736
hard_a0.6,1,29,Forest,0,0.9973300099372864
hard_a0.6,1,30,Forest,0,0.9941099882125854
hard_a0.6,1,31,Forest,0,0.5249999761581421
hard_a0.6,1,32,Forest,0,0.999779999256134
hard_a0.6,1,33,Forest,0,0.011680000461637974
hard_a0.6,1,34,Forest,0,0.048569999635219574
hard_a0.6,1,35,Forest,0,0.0014100000262260437
hard_a0.6,1,36,Forest,0,0.9993699789047241
hard_a0.6,1,37,Forest,0,0.8471199870109558
hard_a0.6,1,38,Forest,0,0.6238600015640259
hard_a0.6,1,39,Forest,0,0.97434002161026
hard_a0.6,1,40,Forest,0,0.9189299941062927
hard_a0.6,1,41,Forest,0,0.9997699856758118
hard_a0.6,1,42,Forest,0,0.6041799783706665
hard_a0.6,1,43,Forest,0,0.9760400056838989
hard_a0.6,1,44,Forest,0,0.05863000079989433
hard_a0.6,1,45,Forest,0,0.6609299778938293
hard_a0.6,1,46,Forest,0,0.003289999905973673
hard_a0.6,1,47,Forest,0,0.8818399906158447
hard_a0.6,1,48,Forest,0,0.9693599939346313
hard_a0.6,1,49,Forest,0,0.9909700155258179
hard_a0.6,1,50,Forest,0,0.023229999467730522
hard_a0.6,1,51,Forest,0,0.9962000250816345
hard_a0.6,1,52,Forest,0,0.13457000255584717
hard_a0.6,1,53,Forest,0,0.6002600193023682
hard_a0.6,1,54,Forest,0,9.999999747378752e-06
hard_a0.6,1,55,Forest,0,0.24921000003814697
hard_a0.6,1,56,Forest,0,0.0005799999926239252
hard_a0.6,1,57,Forest,0,0.014750000089406967
hard_a0.6,1,58,Forest,0,0.0018899999558925629
hard_a0.6,1,59,Forest,0,0.4673199951648712
hard_a0.6,1,60,DenseResidential,1,0.9671900272369385
hard_a0.6,1,61,DenseResidential,1,1.0
hard_a0.6,1,62,DenseResidential,1,1.0
hard_a0.6,1,63,DenseResidential,1,0.9999899864196777
hard_a0.6,1,64,DenseResidential,1,1.0
hard_a0.6,1,65,DenseResidential,1,0.9999899864196777
hard_a0.6,1,66,DenseResidential,1,1.0
hard_a0.6,1,67,DenseResidential,1,0.9722399711608887
hard_a0.6,1,68,DenseResidential,1,0.9648799896240234
hard_a0.6,1,69,DenseResidential,1,0.9863499999046326
hard_a0.6,1,70,DenseResidential,1,1.0
hard_a0.6,1,71,DenseResidential,1,0.9799500107765198
hard_a0.6,1,72,DenseResidential,1,0.9881299734115601
hard_a0.6,1,73,DenseResidential,1,1.0
hard_a0.6,1,74,DenseResidential,1,1.0
hard_a0.6,1,75,DenseResidential,1,0.992929995059967
hard_a0.6,1,76,DenseResidential,1,0.9842900037765503
hard_a0.6,1,77,DenseResidential,1,0.9969800114631653
hard_a0.6,1,78,DenseResidential,1,0.9792900085449219
hard_a0.6,1,79,DenseResidential,1,1.0
hard_a0.6,1,80,DenseResidential,1,1.0
hard_a0.6,1,81,DenseResidential,1,1.0
hard_a0.6,1,82,DenseResidential,1,1.0
hard_a0.6,1,83,DenseResidential,1,1.0
hard_a0.6,1,84,DenseResidential,1,1.0
hard_a0.6,1,85,DenseResidential,1,1.0
hard_a0.6,1,86,DenseResidential,1,0.9998599886894226
hard_a0.6,1,87,DenseResidential,1,1.0
hard_a0.6,1,88,DenseResidential,1,1.0
hard_a0.6,1,89,DenseResidential,1,1.0
hard_a0.6,1,90,MediumResidential,1,0.9981899857521057
hard_a0.6,1,91,MediumResidential,1,0.9999899864196777
hard_a0.6,1,92,MediumResidential,1,0.9999799728393555
hard_a0.6,1,93,MediumResidential,1,0.9999899864196777
hard_a0.6,1,94,MediumResidential,1,0.9998300075531006
hard_a0.6,1,95,MediumResidential,1,0.07800000160932541
hard_a0.6,1,96,MediumResidential,1,0.8452200293540955
hard_a0.6,1,97,MediumResidential,1,0.9853600263595581
hard_a0.6,1,98,MediumResidential,1,0.9652699828147888
hard_a0.6,1,99,MediumResidential,1,0.860729992389679
hard_a0.6,1,100,MediumResidential,1,0.6306899785995483
hard_a0.6,1,101,MediumResidential,1,0.9944999814033508
hard_a0.6,1,102,MediumResidential,1,0.999210000038147
hard_a0.6,1,103,MediumResidential,1,0.2274799942970276
hard_a0.6,1,104,MediumResidential,1,0.7790899872779846
hard_a0.6,1,105,MediumResidential,1,0.557699978351593
hard_a0.6,1,106,MediumResidential,1,0.9779700040817261
hard_a0.6,1,107,MediumResidential,1,0.9986699819564819
hard_a0.6,1,108,MediumResidential,1,0.9989699721336365
hard_a0.6,1,109,MediumResidential,1,0.9976800084114075
hard_a0.6,1,110,MediumResidential,1,0.9985100030899048
hard_a0.6,1,111,MediumResidential,1,0.996749997138977
hard_a0.6,1,112,MediumResidential,1,0.9964799880981445
hard_a0.6,1,113,MediumResidential,1,0.9971399903297424
hard_a0.6,1,114,MediumResidential,1,0.017349999397993088
hard_a0.6,1,115,MediumResidential,1,0.9919800162315369
hard_a0.6,1,116,MediumResidential,1,0.9691900014877319
hard_a0.6,1,117,MediumResidential,1,0.975820004940033
hard_a0.6,1,118,MediumResidential,1,0.9767699837684631
hard_a0.6,1,119,MediumResidential,1,0.9842100143432617
hard_a0.6,2,0,Forest,0,9.000000136438757e-05
hard_a0.6,2,1,Forest,0,0.4464299976825714
hard_a0.6,2,2,Forest,0,9.999999747378752e-06
hard_a0.6,2,3,Forest,0,0.6739500164985657
hard_a0.6,2,4,Forest,0,2.9999999242136255e-05
hard_a0.6,2,5,Forest,0,0.7277699708938599
hard_a0.6,2,6,Forest,0,9.999999747378752e-06
hard_a0.6,2,7,Forest,0,1.9999999494757503e-05
hard_a0.6,2,8,Forest,0,0.04230999946594238
hard_a0.6,2,9,Forest,0,0.04977000132203102
hard_a0.6,2,10,Forest,0,0.7582499980926514
hard_a0.6,2,11,Forest,0,0.006120000034570694
hard_a0.6,2,12,Forest,0,0.33112001419067383
hard_a0.6,2,13,Forest,0,0.9995599985122681
hard_a0.6,2,14,Forest,0,0.9988700151443481
hard_a0.6,2,15,Forest,0,2.9999999242136255e-05
hard_a0.6,2,16,Forest,0,0.0003100000030826777
hard_a0.6,2,17,Forest,0,0.004619999788701534
hard_a0.6,2,18,Forest,0,0.0014600000577047467
hard_a0.6,2,19,Forest,0,4.999999873689376e-05
hard_a0.6,2,20,Forest,0,1.0
hard_a0.6,2,21,Forest,0,0.9999399781227112
hard_a0.6,2,22,Forest,0,1.9999999494757503e-05
hard_a0.6,2,23,Forest,0,0.47925999760627747
hard_a0.6,2,24,Forest,0,0.9986100196838379
hard_a0.6,2,25,Forest,0,0.10638999938964844
hard_a0.6,2,26,Forest,0,0.43213000893592834
hard_a0.6,2,27,Forest,0,2.9999999242136255e-05
hard_a0.6,2,28,Forest,0,0.010590000078082085
hard_a0.6,2,29,Forest,0,0.9994400143623352
hard_a0.6,2,30,Forest,0,0.9813100099563599
hard_a0.6,2,31,Forest,0,0.6342999935150146
hard_a0.6,2,32,Forest,0,0.9999899864196777
hard_a0.6,2,33,Forest,0,0.003109999932348728
hard_a0.6,2,34,Forest,0,0.008709999732673168
hard_a0.6,2,35,Forest,0,0.00033000000985339284
hard_a0.6,2,36,Forest,0,0.9999899864196777
hard_a0.6,2,37,Forest,0,0.7698400020599365
hard_a0.6,2,38,Forest,0,0.8929600119590759
hard_a0.6,2,39,Forest,0,0.999530017375946
hard_a0.6,2,40,Forest,0,0.9644500017166138
hard_a0.6,2,41,Forest,0,1.0
hard_a0.6,2,42,Forest,0,0.9018399715423584
hard_a0.6,2,43,Forest,0,0.9993199706077576
hard_a0.6,2,44,Forest,0,0.010739999823272228
hard_a0.6,2,45,Forest,0,0.9992799758911133
hard_a0.6,2,46,Forest,0,0.004370000213384628
hard_a0.6,2,47,Forest,0,0.2553800046443939
hard_a0.6,2,48,Forest,0,0.996150016784668
hard_a0.6,2,49,Forest,0,0.9975200295448303
hard_a0.6,2,50,Forest,0,0.0020000000949949026
hard_a0.6,2,51,Forest,0,0.9829400181770325
hard_a0.6,2,52,Forest,0,0.0715700015425682
hard_a0.6,2,53,Forest,0,0.9007400274276733
hard_a0.6,2,54,Forest,0,0.0
hard_a0.6,2,55,Forest,0,0.017669999971985817
hard_a0.6,2,56,Forest,0,0.00013000000035390258
hard_a0.6,2,57,Forest,0,0.004399999976158142
hard_a0.6,2,58,Forest,0,0.0002899999963119626
hard_a0.6,2,59,Forest,0,0.05764999985694885
hard_a0.6,2,60,DenseResidential,1,0.8596299886703491
hard_a0.6,2,61,DenseResidential,1,1.0
hard_a0.6,2,62,DenseResidential,1,1.0
hard_a0.6,2,63,DenseResidential,1,0.9999899864196777
hard_a0.6,2,64,DenseResidential,1,1.0
hard_a0.6,2,65,DenseResidential,1,0.9999600052833557
hard_a0.6,2,66,DenseResidential,1,0.9999899864196777
hard_a0.6,2,67,DenseResidential,1,0.42392998933792114
hard_a0.6,2,68,DenseResidential,1,0.6747199892997742
hard_a0.6,2,69,DenseResidential,1,0.9121800065040588
hard_a0.6,2,70,DenseResidential,1,1.0
hard_a0.6,2,71,DenseResidential,1,0.9128699898719788
hard_a0.6,2,72,DenseResidential,1,0.8179399967193604
hard_a0.6,2,73,DenseResidential,1,0.9999899864196777
hard_a0.6,2,74,DenseResidential,1,1.0
hard_a0.6,2,75,DenseResidential,1,0.9701799750328064
hard_a0.6,2,76,DenseResidential,1,0.9538400173187256
hard_a0.6,2,77,DenseResidential,1,0.9851899743080139
hard_a0.6,2,78,DenseResidential,1,0.866919994354248
hard_a0.6,2,79,DenseResidential,1,1.0
hard_a0.6,2,80,DenseResidential,1,1.0
hard_a0.6,2,81,DenseResidential,1,1.0
hard_a0.6,2,82,DenseResidential,1,1.0
hard_a0.6,2,83,DenseResidential,1,1.0
hard_a0.6,2,84,DenseResidential,1,1.0
hard_a0.6,2,85,DenseResidential,1,1.0
hard_a0.6,2,86,DenseResidential,1,0.9991599917411804
hard_a0.6,2,87,DenseResidential,1,1.0
hard_a0.6,2,88,DenseResidential,1,1.0
hard_a0.6,2,89,DenseResidential,1,1.0
hard_a0.6,2,90,MediumResidential,1,0.9664300084114075
hard_a0.6,2,91,MediumResidential,1,0.9999799728393555
hard_a0.6,2,92,MediumResidential,1,0.9998800158500671
hard_a0.6,2,93,MediumResidential,1,0.9999899864196777
hard_a0.6,2,94,MediumResidential,1,0.9997599720954895
hard_a0.6,2,95,MediumResidential,1,0.0073899999260902405
hard_a0.6,2,96,MediumResidential,1,0.1883399933576584
hard_a0.6,2,97,MediumResidential,1,0.8824800252914429
hard_a0.6,2,98,MediumResidential,1,0.7082399725914001
hard_a0.6,2,99,MediumResidential,1,0.21119999885559082
hard_a0.6,2,100,MediumResidential,1,0.012769999913871288
hard_a0.6,2,101,MediumResidential,1,0.8981000185012817
hard_a0.6,2,102,MediumResidential,1,0.9943199753761292
hard_a0.6,2,103,MediumResidential,1,0.0007999999797903001
hard_a0.6,2,104,MediumResidential,1,0.023280000314116478
hard_a0.6,2,105,MediumResidential,1,0.004650000017136335
hard_a0.6,2,106,MediumResidential,1,0.9401100277900696
hard_a0.6,2,107,MediumResidential,1,0.9881600141525269
hard_a0.6,2,108,MediumResidential,1,0.9952600002288818
hard_a0.6,2,109,MediumResidential,1,0.9793400168418884
hard_a0.6,2,110,MediumResidential,1,0.9895200133323669
hard_a0.6,2,111,MediumResidential,1,0.9778199791908264
hard_a0.6,2,112,MediumResidential,1,0.9541400074958801
hard_a0.6,2,113,MediumResidential,1,0.9896699786186218
hard_a0.6,2,114,MediumResidential,1,0.001820000004954636
hard_a0.6,2,115,MediumResidential,1,0.9777399897575378
hard_a0.6,2,116,MediumResidential,1,0.8067700266838074
hard_a0.6,2,117,MediumResidential,1,0.8416200280189514
hard_a0.6,2,118,MediumResidential,1,0.6569499969482422
hard_a0.6,2,119,MediumResidential,1,0.7132999897003174
hard_a0.6,3,0,Forest,0,0.0
hard_a0.6,3,1,Forest,0,0.18783000111579895
hard_a0.6,3,2,Forest,0,0.0
hard_a0.6,3,3,Forest,0,0.23794999718666077
hard_a0.6,3,4,Forest,0,0.0
hard_a0.6,3,5,Forest,0,0.47780001163482666
hard_a0.6,3,6,Forest,0,0.0
hard_a0.6,3,7,Forest,0,0.0
hard_a0.6,3,8,Forest,0,0.035920001566410065
hard_a0.6,3,9,Forest,0,0.011180000379681587
hard_a0.6,3,10,Forest,0,0.6079199910163879
hard_a0.6,3,11,Forest,0,0.00011999999696854502
hard_a0.6,3,12,Forest,0,0.7055799961090088
hard_a0.6,3,13,Forest,0,0.981190025806427
hard_a0.6,3,14,Forest,0,0.9941700100898743
hard_a0.6,3,15,Forest,0,9.999999747378752e-06
hard_a0.6,3,16,Forest,0,2.9999999242136255e-05
hard_a0.6,3,17,Forest,0,0.0003800000122282654
hard_a0.6,3,18,Forest,0,0.0009699999936856329
hard_a0.6,3,19,Forest,0,0.0
hard_a0.6,3,20,Forest,0,0.9997400045394897
hard_a0.6,3,21,Forest,0,0.9994099736213684
hard_a0.6,3,22,Forest,0,0.0
hard_a0.6,3,23,Forest,0,0.8565300107002258
hard_a0.6,3,24,Forest,0,0.9985700249671936
hard_a0.6,3,25,Forest,0,0.08609999716281891
hard_a0.6,3,26,Forest,0,0.11251000314950943
hard_a0.6,3,27,Forest,0,9.999999747378752e-06
hard_a0.6,3,28,Forest,0,0.0005000000237487257
hard_a0.6,3,29,Forest,0,0.987500011920929
hard_a0.6,3,30,Forest,0,0.9853000044822693
hard_a0.6,3,31,Forest,0,0.03387000039219856
hard_a0.6,3,32,Forest,0,0.9998900294303894
hard_a0.6,3,33,Forest,0,0.00013000000035390258
hard_a0.6,3,34,Forest,0,9.999999747378752e-05
hard_a0.6,3,35,Forest,0,9.999999747378752e-06
hard_a0.6,3,36,Forest,0,0.8851699829101562
hard_a0.6,3,37,Forest,0,0.9876800179481506
hard_a0.6,3,38,Forest,0,0.8670499920845032
hard_a0.6,3,39,Forest,0,0.9661099910736084
hard_a0.6,3,40,Forest,0,0.9991499781608582
hard_a0.6,3,41,Forest,0,0.9953299760818481
hard_a0.6,3,42,Forest,0,0.9493600130081177
hard_a0.6,3,43,Forest,0,0.9930199980735779
hard_a0.6,3,44,Forest,0,0.0005499999970197678
hard_a0.6,3,45,Forest,0,0.0020099999383091927
hard_a0.6,3,46,Forest,0,0.00016999999934341758
hard_a0.6,3,47,Forest,0,0.22678999602794647
hard_a0.6,3,48,Forest,0,0.9972800016403198
hard_a0.6,3,49,Forest,0,0.9947999715805054
hard_a0.6,3,50,Forest,0,4.999999873689376e-05
hard_a0.6,3,51,Forest,0,0.9866499900817871
hard_a0.6,3,52,Forest,0,0.0
hard_a0.6,3,53,Forest,0,0.9218400120735168
hard_a0.6,3,54,Forest,0,0.0
hard_a0.6,3,55,Forest,0,0.0008399999933317304
hard_a0.6,3,56,Forest,0,0.0
hard_a0.6,3,57,Forest,0,7.000000186963007e-05
hard_a0.6,3,58,Forest,0,0.0
hard_a0.6,3,59,Forest,0,0.012450000271201134
hard_a0.6,3,60,DenseResidential,1,0.0013599999947473407
hard_a0.6,3,61,DenseResidential,1,1.0
hard_a0.6,3,62,DenseResidential,1,0.9995999932289124
hard_a0.6,3,63,DenseResidential,1,0.7567300200462341
hard_a0.6,3,64,DenseResidential,1,0.9306399822235107
hard_a0.6,3,65,DenseResidential,1,0.5795599818229675
hard_a0.6,3,66,DenseResidential,1,0.858269989490509
hard_a0.6,3,67,DenseResidential,1,0.0034099998883903027
hard_a0.6,3,68,DenseResidential,1,0.015410000458359718
hard_a0.6,3,69,DenseResidential,1,0.045079998672008514
hard_a0.6,3,70,DenseResidential,1,0.9998700022697449
hard_a0.6,3,71,DenseResidential,1,0.0032599999103695154
hard_a0.6,3,72,DenseResidential,1,0.023840000852942467
hard_a0.6,3,73,DenseResidential,1,0.9978600144386292
hard_a0.6,3,74,DenseResidential,1,0.999970018863678
hard_a0.6,3,75,DenseResidential,1,0.3322399854660034
hard_a0.6,3,76,DenseResidential,1,0.3286899924278259
hard_a0.6,3,77,DenseResidential,1,0.4070099890232086
hard_a0.6,3,78,DenseResidential,1,0.0646200031042099
hard_a0.6,3,79,DenseResidential,1,0.9999899864196777
hard_a0.6,3,80,DenseResidential,1,0.9999899864196777
hard_a0.6,3,81,DenseResidential,1,0.9996899962425232
hard_a0.6,3,82,DenseResidential,1,0.999530017375946
hard_a0.6,3,83,DenseResidential,1,0.9957799911499023
hard_a0.6,3,84,DenseResidential,1,0.9997199773788452
hard_a0.6,3,85,DenseResidential,1,0.9973400235176086
hard_a0.6,3,86,DenseResidential,1,0.8345100283622742
hard_a0.6,3,87,DenseResidential,1,1.0
hard_a0.6,3,88,DenseResidential,1,1.0
hard_a0.6,3,89,DenseResidential,1,0.9999499917030334
hard_a0.6,3,90,MediumResidential,1,0.10794000327587128
hard_a0.6,3,91,MediumResidential,1,0.898639976978302
hard_a0.6,3,92,MediumResidential,1,0.8429999947547913
hard_a0.6,3,93,MediumResidential,1,0.9999899864196777
hard_a0.6,3,94,MediumResidential,1,0.9862899780273438
hard_a0.6,3,95,MediumResidential,1,0.0008099999977275729
hard_a0.6,3,96,MediumResidential,1,0.9537500143051147
hard_a0.6,3,97,MediumResidential,1,0.9756100177764893
hard_a0.6,3,98,MediumResidential,1,0.9539399743080139
hard_a0.6,3,99,MediumResidential,1,0.86080002784729
hard_a0.6,3,100,MediumResidential,1,0.8736400008201599
hard_a0.6,3,101,MediumResidential,1,0.03548000007867813
hard_a0.6,3,102,MediumResidential,1,0.995140016078949
hard_a0.6,3,103,MediumResidential,1,0.4320499897003174
hard_a0.6,3,104,MediumResidential,1,0.7144399881362915
hard_a0.6,3,105,MediumResidential,1,0.6613199710845947
hard_a0.6,3,106,MediumResidential,1,0.5730299949645996
hard_a0.6,3,107,MediumResidential,1,0.8133100271224976
hard_a0.6,3,108,MediumResidential,1,0.9506800174713135
hard_a0.6,3,109,MediumResidential,1,0.8022000193595886
hard_a0.6,3,110,MediumResidential,1,0.9667800068855286
hard_a0.6,3,111,MediumResidential,1,0.958840012550354
hard_a0.6,3,112,MediumResidential,1,0.0899600014090538
hard_a0.6,3,113,MediumResidential,1,0.9812300205230713
hard_a0.6,3,114,MediumResidential,1,0.0
hard_a0.6,3,115,MediumResidential,1,0.2580600082874298
hard_a0.6,3,116,MediumResidential,1,0.013570000417530537
hard_a0.6,3,117,MediumResidential,1,0.16500000655651093
hard_a0.6,3,118,MediumResidential,1,0.033240001648664474
hard_a0.6,3,119,MediumResidential,1,0.016030000522732735
hard_a0.6,4,0,Forest,0,0.0
hard_a0.6,4,1,Forest,0,0.005630000028759241
hard_a0.6,4,2,Forest,0,0.0
hard_a0.6,4,3,Forest,0,0.36691999435424805
hard_a0.6,4,4,Forest,0,0.0
hard_a0.6,4,5,Forest,0,0.32613998651504517
hard_a0.6,4,6,Forest,0,0.0
hard_a0.6,4,7,Forest,0,0.0
hard_a0.6,4,8,Forest,0,0.7164099812507629
hard_a0.6,4,9,Forest,0,0.8604199886322021
hard_a0.6,4,10,Forest,0,0.8788300156593323
hard_a0.6,4,11,Forest,0,4.999999873689376e-05
hard_a0.6,4,12,Forest,0,0.3142400085926056
hard_a0.6,4,13,Forest,0,0.9968500137329102
hard_a0.6,4,14,Forest,0,0.9995599985122681
hard_a0.6,4,15,Forest,0,1.9999999494757503e-05
hard_a0.6,4,16,Forest,0,0.0001900000061141327
hard_a0.6,4,17,Forest,0,0.008960000239312649
hard_a0.6,4,18,Forest,0,0.5717499852180481
hard_a0.6,4,19,Forest,0,0.0
hard_a0.6,4,20,Forest,0,1.0
hard_a0.6,4,21,Forest,0,0.9999600052833557
hard_a0.6,4,22,Forest,0,0.0
hard_a0.6,4,23,Forest,0,0.9797899723052979
hard_a0.6,4,24,Forest,0,0.9999899864196777
hard_a0.6,4,25,Forest,0,0.44119998812675476
hard_a0.6,4,26,Forest,0,0.08930999785661697
hard_a0.6,4,27,Forest,0,0.0016299999551847577
hard_a0.6,4,28,Forest,0,0.9140499830245972
hard_a0.6,4,29,Forest,0,0.9998400211334229
hard_a0.6,4,30,Forest,0,0.9980400204658508
hard_a0.6,4,31,Forest,0,0.9660800099372864
hard_a0.6,4,32,Forest,0,1.0
hard_a0.6,4,33,Forest,0,2.9999999242136255e-05
hard_a0.6,4,34,Forest,0,0.0003000000142492354
hard_a0.6,4,35,Forest,0,9.999999747378752e-06
hard_a0.6,4,36,Forest,0,0.9994699954986572
hard_a0.6,4,37,Forest,0,0.9503700137138367
hard_a0.6,4,38,Forest,0,0.8362600207328796
hard_a0.6,4,39,Forest,0,0.9996399879455566
hard_a0.6,4,40,Forest,0,0.9982600212097168
hard_a0.6,4,41,Forest,0,1.0
hard_a0.6,4,42,Forest,0,0.9503399729728699
hard_a0.6,4,43,Forest,0,0.9993799924850464
hard_a0.6,4,44,Forest,0,0.0002300000051036477
hard_a0.6,4,45,Forest,0,0.8902400135993958
hard_a0.6,4,46,Forest,0,0.0003000000142492354
hard_a0.6,4,47,Forest,0,0.15400999784469604
hard_a0.6,4,48,Forest,0,0.9999899864196777
hard_a0.6,4,49,Forest,0,0.9999799728393555
hard_a0.6,4,50,Forest,0,0.001230000052601099
hard_a0.6,4,51,Forest,0,0.9988399744033813
hard_a0.6,4,52,Forest,0,0.010370000265538692
hard_a0.6,4,53,Forest,0,0.898419976234436
hard_a0.6,4,54,Forest,0,0.0
hard_a0.6,4,55,Forest,0,0.0016700000269338489
hard_a0.6,4,56,Forest,0,9.999999747378752e-06
hard_a0.6,4,57,Forest,0,5.999999848427251e-05
hard_a0.6,4,58,Forest,0,1.9999999494757503e-05
hard_a0.6,4,59,Forest,0,0.005450000055134296
hard_a0.6,4,60,DenseResidential,1,0.891480028629303
hard_a0.6,4,61,DenseResidential,1,1.0
hard_a0.6,4,62,DenseResidential,1,1.0
hard_a0.6,4,63,DenseResidential,1,1.0
hard_a0.6,4,64,DenseResidential,1,1.0
hard_a0.6,4,65,DenseResidential,1,0.9999799728393555
hard_a0.6,4,66,DenseResidential,1,1.0
hard_a0.6,4,67,DenseResidential,1,0.9848600029945374
hard_a0.6,4,68,DenseResidential,1,0.9663599729537964
hard_a0.6,4,69,DenseResidential,1,0.9762300252914429
hard_a0.6,4,70,DenseResidential,1,1.0
hard_a0.6,4,71,DenseResidential,1,0.8337100148200989
hard_a0.6,4,72,DenseResidential,1,0.9976699948310852
hard_a0.6,4,73,DenseResidential,1,1.0
hard_a0.6,4,74,DenseResidential,1,1.0
hard_a0.6,4,75,DenseResidential,1,0.9992499947547913
hard_a0.6,4,76,DenseResidential,1,0.9989699721336365
hard_a0.6,4,77,DenseResidential,1,0.9991400241851807
hard_a0.6,4,78,DenseResidential,1,0.9956300258636475
hard_a0.6,4,79,DenseResidential,1,1.0
hard_a0.6,4,80,DenseResidential,1,1.0
hard_a0.6,4,81,DenseResidential,1,1.0
hard_a0.6,4,82,DenseResidential,1,1.0
hard_a0.6,4,83,DenseResidential,1,1.0
hard_a0.6,4,84,DenseResidential,1,1.0
hard_a0.6,4,85,DenseResidential,1,1.0
hard_a0.6,4,86,DenseResidential,1,0.9998599886894226
hard_a0.6,4,87,DenseResidential,1,1.0
hard_a0.6,4,88,DenseResidential,1,1.0
hard_a0.6,4,89,DenseResidential,1,1.0
hard_a0.6,4,90,MediumResidential,1,0.8983500003814697
hard_a0.6,4,91,MediumResidential,1,0.9989200234413147
hard_a0.6,4,92,MediumResidential,1,0.9958000183105469
hard_a0.6,4,93,MediumResidential,1,1.0
hard_a0.6,4,94,MediumResidential,1,0.9999600052833557
hard_a0.6,4,95,MediumResidential,1,7.000000186963007e-05
hard_a0.6,4,96,MediumResidential,1,0.7201700210571289
hard_a0.6,4,97,MediumResidential,1,0.9045600295066833
hard_a0.6,4,98,MediumResidential,1,0.5679799914360046
hard_a0.6,4,99,MediumResidential,1,0.15986000001430511
hard_a0.6,4,100,MediumResidential,1,0.6194800138473511
hard_a0.6,4,101,MediumResidential,1,0.8258399963378906
hard_a0.6,4,102,MediumResidential,1,0.99795001745224
hard_a0.6,4,103,MediumResidential,1,0.08179999887943268
hard_a0.6,4,104,MediumResidential,1,0.7283400297164917
hard_a0.6,4,105,MediumResidential,1,0.41383999586105347
hard_a0.6,4,106,MediumResidential,1,0.9441900253295898
hard_a0.6,4,107,MediumResidential,1,0.9968000054359436
hard_a0.6,4,108,MediumResidential,1,0.9975799918174744
hard_a0.6,4,109,MediumResidential,1,0.9930700063705444
hard_a0.6,4,110,MediumResidential,1,0.9973000288009644
hard_a0.6,4,111,MediumResidential,1,0.9963799715042114
hard_a0.6,4,112,MediumResidential,1,0.9476199746131897
hard_a0.6,4,113,MediumResidential,1,0.9987900257110596
hard_a0.6,4,114,MediumResidential,1,0.001290000043809414
hard_a0.6,4,115,MediumResidential,1,0.9887099862098694
hard_a0.6,4,116,MediumResidential,1,0.9118300080299377
hard_a0.6,4,117,MediumResidential,1,0.980650007724762
hard_a0.6,4,118,MediumResidential,1,0.0990699976682663
hard_a0.6,4,119,MediumResidential,1,0.10113999992609024
hard_a0.6,5,0,Forest,0,4.999999873689376e-05
hard_a0.6,5,1,Forest,0,0.035190001130104065
hard_a0.6,5,2,Forest,0,9.999999747378752e-06
hard_a0.6,5,3,Forest,0,0.5490400195121765
hard_a0.6,5,4,Forest,0,9.999999747378752e-06
hard_a0.6,5,5,Forest,0,0.3231300115585327
hard_a0.6,5,6,Forest,0,0.0
hard_a0.6,5,7,Forest,0,9.999999747378752e-06
hard_a0.6,5,8,Forest,0,0.17781999707221985
hard_a0.6,5,9,Forest,0,0.41477999091148376
hard_a0.6,5,10,Forest,0,0.8153799772262573
hard_a0.6,5,11,Forest,0,0.0006000000284984708
hard_a0.6,5,12,Forest,0,0.06694000214338303
hard_a0.6,5,13,Forest,0,0.9836999773979187
hard_a0.6,5,14,Forest,0,0.9933099746704102
hard_a0.6,5,15,Forest,0,1.9999999494757503e-05
hard_a0.6,5,16,Forest,0,0.0006799999973736703
hard_a0.6,5,17,Forest,0,0.023399999365210533
hard_a0.6,5,18,Forest,0,0.8210999965667725
hard_a0.6,5,19,Forest,0,2.9999999242136255e-05
hard_a0.6,5,20,Forest,0,1.0
hard_a0.6,5,21,Forest,0,1.0
hard_a0.6,5,22,Forest,0,9.999999747378752e-06
hard_a0.6,5,23,Forest,0,0.9095199704170227
hard_a0.6,5,24,Forest,0,0.9998900294303894
hard_a0.6,5,25,Forest,0,0.14076000452041626
hard_a0.6,5,26,Forest,0,0.2931300103664398
hard_a0.6,5,27,Forest,0,0.004699999932199717
hard_a0.6,5,28,Forest,0,0.9361400008201599
hard_a0.6,5,29,Forest,0,0.9998700022697449
hard_a0.6,5,30,Forest,0,0.9952700138092041
hard_a0.6,5,31,Forest,0,0.9995499849319458
hard_a0.6,5,32,Forest,0,1.0
hard_a0.6,5,33,Forest,0,0.0002899999963119626
hard_a0.6,5,34,Forest,0,0.004089999943971634
hard_a0.6,5,35,Forest,0,0.00011999999696854502
hard_a0.6,5,36,Forest,0,0.9989200234413147
hard_a0.6,5,37,Forest,0,0.7224900126457214
hard_a0.6,5,38,Forest,0,0.5958399772644043
hard_a0.6,5,39,Forest,0,0.9991400241851807
hard_a0.6,5,40,Forest,0,0.9984800219535828
hard_a0.6,5,41,Forest,0,0.9999899864196777
hard_a0.6,5,42,Forest,0,0.5422099828720093
hard_a0.6,5,43,Forest,0,0.9983999729156494
hard_a0.6,5,44,Forest,0,0.0015300000086426735
hard_a0.6,5,45,Forest,0,0.9938899874687195
hard_a0.6,5,46,Forest,0,0.0024999999441206455
hard_a0.6,5,47,Forest,0,0.08154000341892242
hard_a0.6,5,48,Forest,0,0.9999799728393555
hard_a0.6,5,49,Forest,0,0.9999899864196777
hard_a0.6,5,50,Forest,0,0.010639999993145466
hard_a0.6,5,51,Forest,0,0.9770600199699402
hard_a0.6,5,52,Forest,0,0.5999600291252136
hard_a0.6,5,53,Forest,0,0.6964300274848938
hard_a0.6,5,54,Forest,0,0.0
hard_a0.6,5,55,Forest,0,0.011610000394284725
hard_a0.6,5,56,Forest,0,0.00014000000373926014
hard_a0.6,5,57,Forest,0,0.0005200000014156103
hard_a0.6,5,58,Forest,0,0.00033000000985339284
hard_a0.6,5,59,Forest,0,0.01590000092983246
hard_a0.6,5,60,DenseResidential,1,0.9406099915504456
hard_a0.6,5,61,DenseResidential,1,1.0
hard_a0.6,5,62,DenseResidential,1,1.0
hard_a0.6,5,63,DenseResidential,1,0.9999799728393555
hard_a0.6,5,64,DenseResidential,1,1.0
hard_a0.6,5,65,DenseResidential,1,0.9999200105667114
hard_a0.6,5,66,DenseResidential,1,0.9999799728393555
hard_a0.6,5,67,DenseResidential,1,0.9622300267219543
hard_a0.6,5,68,DenseResidential,1,0.9389600157737732
hard_a0.6,5,69,DenseResidential,1,0.9773100018501282
hard_a0.6,5,70,DenseResidential,1,1.0
hard_a0.6,5,71,DenseResidential,1,0.9370099902153015
hard_a0.6,5,72,DenseResidential,1,0.9877200126647949
hard_a0.6,5,73,DenseResidential,1,1.0
hard_a0.6,5,74,DenseResidential,1,1.0
hard_a0.6,5,75,DenseResidential,1,0.9941999912261963
hard_a0.6,5,76,DenseResidential,1,0.9909800291061401
hard_a0.6,5,77,DenseResidential,1,0.995140016078949
hard_a0.6,5,78,DenseResidential,1,0.9863700270652771
hard_a0.6,5,79,DenseResidential,1,1.0
hard_a0.6,5,80,DenseResidential,1,1.0
hard_a0.6,5,81,DenseResidential,1,1.0
hard_a0.6,5,82,DenseResidential,1,1.0
hard_a0.6,5,83,DenseResidential,1,1.0
hard_a0.6,5,84,DenseResidential,1,1.0
hard_a0.6,5,85,DenseResidential,1,1.0
hard_a0.6,5,86,DenseResidential,1,0.999019980430603
hard_a0.6,5,87,DenseResidential,1,1.0
hard_a0.6,5,88,DenseResidential,1,1.0
hard_a0.6,5,89,DenseResidential,1,1.0
hard_a0.6,5,90,MediumResidential,1,0.9591400027275085
hard_a0.6,5,91,MediumResidential,1,0.9995200037956238
hard_a0.6,5,92,MediumResidential,1,0.9988700151443481
hard_a0.6,5,93,MediumResidential,1,1.0
hard_a0.6,5,94,MediumResidential,1,0.9998999834060669
hard_a0.6,5,95,MediumResidential,1,0.001970000099390745
hard_a0.6,5,96,MediumResidential,1,0.14199000597000122
hard_a0.6,5,97,MediumResidential,1,0.6268600225448608
hard_a0.6,5,98,MediumResidential,1,0.22709999978542328
hard_a0.6,5,99,MediumResidential,1,0.039340000599622726
hard_a0.6,5,100,MediumResidential,1,0.12987999618053436
hard_a0.6,5,101,MediumResidential,1,0.9178100228309631
hard_a0.6,5,102,MediumResidential,1,0.9998900294303894
hard_a0.6,5,103,MediumResidential,1,0.0026400000788271427
hard_a0.6,5,104,MediumResidential,1,0.06448999792337418
hard_a0.6,5,105,MediumResidential,1,0.017419999465346336
hard_a0.6,5,106,MediumResidential,1,0.8772900104522705
hard_a0.6,5,107,MediumResidential,1,0.9818900227546692
hard_a0.6,5,108,MediumResidential,1,0.9893800020217896
hard_a0.6,5,109,MediumResidential,1,0.9624900221824646
hard_a0.6,5,110,MediumResidential,1,0.9809399843215942
hard_a0.6,5,111,MediumResidential,1,0.9491099715232849
hard_a0.6,5,112,MediumResidential,1,0.9418500065803528
hard_a0.6,5,113,MediumResidential,1,0.9764400124549866
hard_a0.6,5,114,MediumResidential,1,0.04179999977350235
hard_a0.6,5,115,MediumResidential,1,0.9930499792098999
hard_a0.6,5,116,MediumResidential,1,0.9613000154495239
hard_a0.6,5,117,MediumResidential,1,0.9598900079727173
hard_a0.6,5,118,MediumResidential,1,0.5321300029754639
hard_a0.6,5,119,MediumResidential,1,0.8206300139427185
hard_a0.6,6,0,Forest,0,0.012280000373721123
hard_a0.6,6,1,Forest,0,0.9870200157165527
hard_a0.6,6,2,Forest,0,0.0015699999639764428
hard_a0.6,6,3,Forest,0,0.959659993648529
hard_a0.6,6,4,Forest,0,0.0013699999544769526
hard_a0.6,6,5,Forest,0,0.979669988155365
hard_a0.6,6,6,Forest,0,0.0004900000058114529
hard_a0.6,6,7,Forest,0,0.0017600000137463212
hard_a0.6,6,8,Forest,0,0.17883999645709991
hard_a0.6,6,9,Forest,0,0.21042999625205994
hard_a0.6,6,10,Forest,0,0.9180999994277954
hard_a0.6,6,11,Forest,0,0.34887000918388367
hard_a0.6,6,12,Forest,0,0.9127399921417236
hard_a0.6,6,13,Forest,0,0.9998800158500671
hard_a0.6,6,14,Forest,0,0.9997299909591675
hard_a0.6,6,15,Forest,0,0.001979999942705035
hard_a0.6,6,16,Forest,0,0.024469999596476555
hard_a0.6,6,17,Forest,0,0.18393999338150024
hard_a0.6,6,18,Forest,0,0.011459999717772007
hard_a0.6,6,19,Forest,0,0.008609999902546406
hard_a0.6,6,20,Forest,0,1.0
hard_a0.6,6,21,Forest,0,0.9999499917030334
hard_a0.6,6,22,Forest,0,0.0033400000538676977
hard_a0.6,6,23,Forest,0,0.5965099930763245
hard_a0.6,6,24,Forest,0,0.9993299841880798
hard_a0.6,6,25,Forest,0,0.6305999755859375
hard_a0.6,6,26,Forest,0,0.9247999787330627
hard_a0.6,6,27,Forest,0,0.0003699999942909926
hard_a0.6,6,28,Forest,0,0.03376999869942665
hard_a0.6,6,29,Forest,0,0.9983000159263611
hard_a0.6,6,30,Forest,0,0.9735199809074402
hard_a0.6,6,31,Forest,0,0.49305999279022217
hard_a0.6,6,32,Forest,0,0.999970018863678
hard_a0.6,6,33,Forest,0,0.19497999548912048
hard_a0.6,6,34,Forest,0,0.2890799939632416
hard_a0.6,6,35,Forest,0,0.01964000053703785
hard_a0.6,6,36,Forest,0,1.0
hard_a0.6,6,37,Forest,0,0.9711400270462036
hard_a0.6,6,38,Forest,0,0.998740017414093
hard_a0.6,6,39,Forest,0,0.9999499917030334
hard_a0.6,6,40,Forest,0,0.9886199831962585
hard_a0.6,6,41,Forest,0,1.0
hard_a0.6,6,42,Forest,0,0.9807299971580505
hard_a0.6,6,43,Forest,0,0.999970018863678
hard_a0.6,6,44,Forest,0,0.38725998997688293
hard_a0.6,6,45,Forest,0,1.0
hard_a0.6,6,46,Forest,0,0.7097399830818176
hard_a0.6,6,47,Forest,0,0.9087499976158142
hard_a0.6,6,48,Forest,0,0.9985399842262268
hard_a0.6,6,49,Forest,0,0.9983199834823608
hard_a0.6,6,50,Forest,0,0.03996000066399574
hard_a0.6,6,51,Forest,0,0.9963799715042114
hard_a0.6,6,52,Forest,0,0.6260600090026855
hard_a0.6,6,53,Forest,0,0.9936000108718872
hard_a0.6,6,54,Forest,0,0.0007600000244565308
hard_a0.6,6,55,Forest,0,0.6005499958992004
hard_a0.6,6,56,Forest,0,0.013129999861121178
hard_a0.6,6,57,Forest,0,0.25202998518943787
hard_a0.6,6,58,Forest,0,0.03092999942600727
hard_a0.6,6,59,Forest,0,0.7739199995994568
hard_a0.6,6,60,DenseResidential,1,0.9884300231933594
hard_a0.6,6,61,DenseResidential,1,1.0
hard_a0.6,6,62,DenseResidential,1,1.0
hard_a0.6,6,63,DenseResidential,1,0.9999899864196777
hard_a0.6,6,64,DenseResidential,1,1.0
hard_a0.6,6,65,DenseResidential,1,0.9999799728393555
hard_a0.6,6,66,DenseResidential,1,0.9999899864196777
hard_a0.6,6,67,DenseResidential,1,0.8727700114250183
hard_a0.6,6,68,DenseResidential,1,0.9076799750328064
hard_a0.6,6,69,DenseResidential,1,0.9805099964141846
hard_a0.6,6,70,DenseResidential,1,0.9999799728393555
hard_a0.6,6,71,DenseResidential,1,0.9947400093078613
hard_a0.6,6,72,DenseResidential,1,0.9538499712944031
hard_a0.6,6,73,DenseResidential,1,0.9999399781227112
hard_a0.6,6,74,DenseResidential,1,1.0
hard_a0.6,6,75,DenseResidential,1,0.9912999868392944
hard_a0.6,6,76,DenseResidential,1,0.9698399901390076
hard_a0.6,6,77,DenseResidential,1,0.9945999979972839
hard_a0.6,6,78,DenseResidential,1,0.9557200074195862
hard_a0.6,6,79,DenseResidential,1,1.0
hard_a0.6,6,80,DenseResidential,1,1.0
hard_a0.6,6,81,DenseResidential,1,1.0
hard_a0.6,6,82,DenseResidential,1,1.0
hard_a0.6,6,83,DenseResidential,1,1.0
hard_a0.6,6,84,DenseResidential,1,1.0
hard_a0.6,6,85,DenseResidential,1,1.0
hard_a0.6,6,86,DenseResidential,1,0.9998499751091003
hard_a0.6,6,87,DenseResidential,1,1.0
hard_a0.6,6,88,DenseResidential,1,1.0
hard_a0.6,6,89,DenseResidential,1,1.0
hard_a0.6,6,90,MediumResidential,1,0.9975900053977966
hard_a0.6,6,91,MediumResidential,1,1.0
hard_a0.6,6,92,MediumResidential,1,1.0
hard_a0.6,6,93,MediumResidential,1,0.9999799728393555
hard_a0.6,6,94,MediumResidential,1,0.998960018157959
hard_a0.6,6,95,MediumResidential,1,0.4085899889469147
hard_a0.6,6,96,MediumResidential,1,0.6033300161361694
hard_a0.6,6,97,MediumResidential,1,0.9908699989318848
hard_a0.6,6,98,MediumResidential,1,0.981220006942749
hard_a0.6,6,99,MediumResidential,1,0.8974000215530396
hard_a0.6,6,100,MediumResidential,1,0.014919999986886978
hard_a0.6,6,101,MediumResidential,1,0.9929999709129333
hard_a0.6,6,102,MediumResidential,1,0.9775800108909607
hard_a0.6,6,103,MediumResidential,1,0.005630000028759241
hard_a0.6,6,104,MediumResidential,1,0.16927999258041382
hard_a0.6,6,105,MediumResidential,1,0.0301900003105402
hard_a0.6,6,106,MediumResidential,1,0.9931600093841553
hard_a0.6,6,107,MediumResidential,1,0.9980000257492065
hard_a0.6,6,108,MediumResidential,1,0.9993900060653687
hard_a0.6,6,109,MediumResidential,1,0.9977899789810181
hard_a0.6,6,110,MediumResidential,1,0.9990599751472473
hard_a0.6,6,111,MediumResidential,1,0.9953699707984924
hard_a0.6,6,112,MediumResidential,1,0.9965900182723999
hard_a0.6,6,113,MediumResidential,1,0.995199978351593
hard_a0.6,6,114,MediumResidential,1,0.10868000239133835
hard_a0.6,6,115,MediumResidential,1,0.9938399791717529
hard_a0.6,6,116,MediumResidential,1,0.9645299911499023
hard_a0.6,6,117,MediumResidential,1,0.9630200266838074
hard_a0.6,6,118,MediumResidential,1,0.988510012626648
hard_a0.6,6,119,MediumResidential,1,0.9948700070381165
hard_a0.6,7,0,Forest,0,1.9999999494757503e-05
hard_a0.6,7,1,Forest,0,0.05493000149726868
hard_a0.6,7,2,Forest,0,0.0
hard_a0.6,7,3,Forest,0,0.1774500012397766
hard_a0.6,7,4,Forest,0,0.0
hard_a0.6,7,5,Forest,0,0.17173999547958374
hard_a0.6,7,6,Forest,0,0.0
hard_a0.6,7,7,Forest,0,0.0
hard_a0.6,7,8,Forest,0,0.12997999787330627
hard_a0.6,7,9,Forest,0,0.2248300015926361
hard_a0.6,7,10,Forest,0,0.8558400273323059
hard_a0.6,7,11,Forest,0,0.0006099999882280827
hard_a0.6,7,12,Forest,0,0.8039299845695496
hard_a0.6,7,13,Forest,0,0.9955700039863586
hard_a0.6,7,14,Forest,0,0.9996600151062012
hard_a0.6,7,15,Forest,0,7.000000186963007e-05
hard_a0.6,7,16,Forest,0,0.0007900000200606883
hard_a0.6,7,17,Forest,0,0.03465000167489052
hard_a0.6,7,18,Forest,0,0.0333699993789196
hard_a0.6,7,19,Forest,0,0.0
hard_a0.6,7,20,Forest,0,1.0
hard_a0.6,7,21,Forest,0,0.999970018863678
hard_a0.6,7,22,Forest,0,0.0
hard_a0.6,7,23,Forest,0,0.9678500294685364
hard_a0.6,7,24,Forest,0,0.9999300241470337
hard_a0.6,7,25,Forest,0,0.05868000164628029
hard_a0.6,7,26,Forest,0,0.20534999668598175
hard_a0.6,7,27,Forest,0,0.0006099999882280827
hard_a0.6,7,28,Forest,0,0.6143199801445007
hard_a0.6,7,29,Forest,0,0.9992300271987915
hard_a0.6,7,30,Forest,0,0.9973199963569641
hard_a0.6,7,31,Forest,0,0.8187500238418579
hard_a0.6,7,32,Forest,0,0.9999899864196777
hard_a0.6,7,33,Forest,0,0.0006300000241026282
hard_a0.6,7,34,Forest,0,0.005760000087320805
hard_a0.6,7,35,Forest,0,0.00013000000035390258
hard_a0.6,7,36,Forest,0,0.9937300086021423
hard_a0.6,7,37,Forest,0,0.993149995803833
hard_a0.6,7,38,Forest,0,0.9300600290298462
hard_a0.6,7,39,Forest,0,0.998740017414093
hard_a0.6,7,40,Forest,0,0.9716500043869019
hard_a0.6,7,41,Forest,0,0.999970018863678
hard_a0.6,7,42,Forest,0,0.8826500177383423
hard_a0.6,7,43,Forest,0,0.9995899796485901
hard_a0.6,7,44,Forest,0,0.002749999985098839
hard_a0.6,7,45,Forest,0,0.9333999752998352
hard_a0.6,7,46,Forest,0,0.0012499999720603228
hard_a0.6,7,47,Forest,0,0.43362000584602356
hard_a0.6,7,48,Forest,0,0.9994300007820129
hard_a0.6,7,49,Forest,0,0.9995999932289124
hard_a0.6,7,50,Forest,0,0.007329999934881926
hard_a0.6,7,51,Forest,0,0.9795799851417542
hard_a0.6,7,52,Forest,0,0.008799999952316284
hard_a0.6,7,53,Forest,0,0.8661900162696838
hard_a0.6,7,54,Forest,0,0.0
hard_a0.6,7,55,Forest,0,0.011300000362098217
hard_a0.6,7,56,Forest,0,4.999999873689376e-05
hard_a0.6,7,57,Forest,0,0.0007399999885819852
hard_a0.6,7,58,Forest,0,0.00016999999934341758
hard_a0.6,7,59,Forest,0,0.042479999363422394
hard_a0.6,7,60,DenseResidential,1,0.9159600138664246
hard_a0.6,7,61,DenseResidential,1,1.0
hard_a0.6,7,62,DenseResidential,1,1.0
hard_a0.6,7,63,DenseResidential,1,1.0
hard_a0.6,7,64,DenseResidential,1,1.0
hard_a0.6,7,65,DenseResidential,1,0.999970018863678
hard_a0.6,7,66,DenseResidential,1,0.9999899864196777
hard_a0.6,7,67,DenseResidential,1,0.9620199799537659
hard_a0.6,7,68,DenseResidential,1,0.9580600261688232
hard_a0.6,7,69,DenseResidential,1,0.9866399765014648
hard_a0.6,7,70,DenseResidential,1,1.0
hard_a0.6,7,71,DenseResidential,1,0.942550003528595
hard_a0.6,7,72,DenseResidential,1,0.9895399808883667
hard_a0.6,7,73,DenseResidential,1,1.0
hard_a0.6,7,74,DenseResidential,1,1.0
hard_a0.6,7,75,DenseResidential,1,0.9940400123596191
hard_a0.6,7,76,DenseResidential,1,0.9820600152015686
hard_a0.6,7,77,DenseResidential,1,0.9965199828147888
hard_a0.6,7,78,DenseResidential,1,0.9855499863624573
hard_a0.6,7,79,DenseResidential,1,1.0
hard_a0.6,7,80,DenseResidential,1,1.0
hard_a0.6,7,81,DenseResidential,1,1.0
hard_a0.6,7,82,DenseResidential,1,1.0
hard_a0.6,7,83,DenseResidential,1,1.0
hard_a0.6,7,84,DenseResidential,1,1.0
hard_a0.6,7,85,DenseResidential,1,1.0
hard_a0.6,7,86,DenseResidential,1,0.9998400211334229
hard_a0.6,7,87,DenseResidential,1,1.0
hard_a0.6,7,88,DenseResidential,1,1.0
hard_a0.6,7,89,DenseResidential,1,1.0
hard_a0.6,7,90,MediumResidential,1,0.8506699800491333
hard_a0.6,7,91,MediumResidential,1,0.9929400086402893
hard_a0.6,7,92,MediumResidential,1,0.9874200224876404
hard_a0.6,7,93,MediumResidential,1,1.0
hard_a0.6,7,94,MediumResidential,1,0.999809980392456
hard_a0.6,7,95,MediumResidential,1,0.00215000007301569
hard_a0.6,7,96,MediumResidential,1,0.9602299928665161
hard_a0.6,7,97,MediumResidential,1,0.9518899917602539
hard_a0.6,7,98,MediumResidential,1,0.847790002822876
hard_a0.6,7,99,MediumResidential,1,0.7928100228309631
hard_a0.6,7,100,MediumResidential,1,0.900409996509552
hard_a0.6,7,101,MediumResidential,1,0.6825299859046936
hard_a0.6,7,102,MediumResidential,1,0.9988700151443481
hard_a0.6,7,103,MediumResidential,1,0.2499600052833557
hard_a0.6,7,104,MediumResidential,1,0.6498600244522095
hard_a0.6,7,105,MediumResidential,1,0.5049600005149841
hard_a0.6,7,106,MediumResidential,1,0.9831699728965759
hard_a0.6,7,107,MediumResidential,1,0.9904900193214417
hard_a0.6,7,108,MediumResidential,1,0.9958400130271912
hard_a0.6,7,109,MediumResidential,1,0.9784700274467468
hard_a0.6,7,110,MediumResidential,1,0.988860011100769
hard_a0.6,7,111,MediumResidential,1,0.9879999756813049
hard_a0.6,7,112,MediumResidential,1,0.9065499901771545
hard_a0.6,7,113,MediumResidential,1,0.9955800175666809
hard_a0.6,7,114,MediumResidential,1,0.011119999922811985
hard_a0.6,7,115,MediumResidential,1,0.9964699745178223
hard_a0.6,7,116,MediumResidential,1,0.9144700169563293
hard_a0.6,7,117,MediumResidential,1,0.9899399876594543
hard_a0.6,7,118,MediumResidential,1,0.5210400223731995
hard_a0.6,7,119,MediumResidential,1,0.39030998945236206
hard_a0.6,8,0,Forest,0,1.9999999494757503e-05
hard_a0.6,8,1,Forest,0,0.02549000084400177
hard_a0.6,8,2,Forest,0,0.0
hard_a0.6,8,3,Forest,0,0.1909399926662445
hard_a0.6,8,4,Forest,0,9.999999747378752e-06
hard_a0.6,8,5,Forest,0,0.3500100076198578
hard_a0.6,8,6,Forest,0,0.0
hard_a0.6,8,7,Forest,0,0.0
hard_a0.6,8,8,Forest,0,0.06757000088691711
hard_a0.6,8,9,Forest,0,0.06617999821901321
hard_a0.6,8,10,Forest,0,0.4914799928665161
hard_a0.6,8,11,Forest,0,0.00039000000106170774
hard_a0.6,8,12,Forest,0,0.7467300295829773
hard_a0.6,8,13,Forest,0,0.9955899715423584
hard_a0.6,8,14,Forest,0,0.9970700144767761
hard_a0.6,8,15,Forest,0,7.000000186963007e-05
hard_a0.6,8,16,Forest,0,0.0010999999940395355
hard_a0.6,8,17,Forest,0,0.022269999608397484
hard_a0.6,8,18,Forest,0,0.04400999844074249
hard_a0.6,8,19,Forest,0,9.999999747378752e-06
hard_a0.6,8,20,Forest,0,0.9999499917030334
hard_a0.6,8,21,Forest,0,0.9957799911499023
hard_a0.6,8,22,Forest,0,9.999999747378752e-06
hard_a0.6,8,23,Forest,0,0.528659999370575
hard_a0.6,8,24,Forest,0,0.999809980392456
hard_a0.6,8,25,Forest,0,0.11740999668836594
hard_a0.6,8,26,Forest,0,0.1466200053691864
hard_a0.6,8,27,Forest,0,0.0007099999929778278
hard_a0.6,8,28,Forest,0,0.04461999982595444
hard_a0.6,8,29,Forest,0,0.9615200161933899
hard_a0.6,8,30,Forest,0,0.9454299807548523
hard_a0.6,8,31,Forest,0,0.12425000220537186
hard_a0.6,8,32,Forest,0,0.9996399879455566
hard_a0.6,8,33,Forest,0,0.0002699999895412475
hard_a0.6,8,34,Forest,0,0.0014100000262260437
hard_a0.6,8,35,Forest,0,0.0001500000071246177
hard_a0.6,8,36,Forest,0,0.999970018863678
hard_a0.6,8,37,Forest,0,0.997219979763031
hard_a0.6,8,38,Forest,0,0.9881799817085266
hard_a0.6,8,39,Forest,0,0.9998999834060669
hard_a0.6,8,40,Forest,0,0.959309995174408
hard_a0.6,8,41,Forest,0,1.0
hard_a0.6,8,42,Forest,0,0.9750699996948242
hard_a0.6,8,43,Forest,0,0.9999600052833557
hard_a0.6,8,44,Forest,0,0.0015300000086426735
hard_a0.6,8,45,Forest,0,0.9826700091362
hard_a0.6,8,46,Forest,0,0.0020600000862032175
hard_a0.6,8,47,Forest,0,0.29322999715805054
hard_a0.6,8,48,Forest,0,0.9956600069999695
hard_a0.6,8,49,Forest,0,0.995710015296936
hard_a0.6,8,50,Forest,0,0.006969999987632036
hard_a0.6,8,51,Forest,0,0.9751999974250793
hard_a0.6,8,52,Forest,0,0.03548000007867813
hard_a0.6,8,53,Forest,0,0.993179976940155
hard_a0.6,8,54,Forest,0,0.0
hard_a0.6,8,55,Forest,0,0.008940000087022781
hard_a0.6,8,56,Forest,0,9.999999747378752e-05
hard_a0.6,8,57,Forest,0,0.0003800000122282654
hard_a0.6,8,58,Forest,0,0.00019999999494757503
hard_a0.6,8,59,Forest,0,0.01744999922811985
hard_a0.6,8,60,DenseResidential,1,0.4265899956226349
hard_a0.6,8,61,DenseResidential,1,1.0
hard_a0.6,8,62,DenseResidential,1,0.9999899864196777
hard_a0.6,8,63,DenseResidential,1,0.9992899894714355
hard_a0.6,8,64,DenseResidential,1,0.9996700286865234
hard_a0.6,8,65,DenseResidential,1,0.9973199963569641
hard_a0.6,8,66,DenseResidential,1,0.9991099834442139
hard_a0.6,8,67,DenseResidential,1,0.42298001050949097
hard_a0.6,8,68,DenseResidential,1,0.3207300007343292
hard_a0.6,8,69,DenseResidential,1,0.4750699996948242
hard_a0.6,8,70,DenseResidential,1,0.9988800287246704
hard_a0.6,8,71,DenseResidential,1,0.4165099859237671
hard_a0.6,8,72,DenseResidential,1,0.5738000273704529
hard_a0.6,8,73,DenseResidential,1,0.9850599765777588
hard_a0.6,8,74,DenseResidential,1,0.9997400045394897
hard_a0.6,8,75,DenseResidential,1,0.7561500072479248
hard_a0.6,8,76,DenseResidential,1,0.5600100159645081
hard_a0.6,8,77,DenseResidential,1,0.7641000151634216
hard_a0.6,8,78,DenseResidential,1,0.4923099875450134
hard_a0.6,8,79,DenseResidential,1,1.0
hard_a0.6,8,80,DenseResidential,1,1.0
hard_a0.6,8,81,DenseResidential,1,0.9999200105667114
hard_a0.6,8,82,DenseResidential,1,0.9999899864196777
hard_a0.6,8,83,DenseResidential,1,0.9999600052833557
hard_a0.6,8,84,DenseResidential,1,1.0
hard_a0.6,8,85,DenseResidential,1,0.9999600052833557
hard_a0.6,8,86,DenseResidential,1,0.9907600283622742
hard_a0.6,8,87,DenseResidential,1,1.0
hard_a0.6,8,88,DenseResidential,1,1.0
hard_a0.6,8,89,DenseResidential,1,1.0
hard_a0.6,8,90,MediumResidential,1,0.5307700037956238
hard_a0.6,8,91,MediumResidential,1,0.9972100257873535
hard_a0.6,8,92,MediumResidential,1,0.9980800151824951
hard_a0.6,8,93,MediumResidential,1,0.9993600249290466
hard_a0.6,8,94,MediumResidential,1,0.9352999925613403
hard_a0.6,8,95,MediumResidential,1,0.0009599999757483602
hard_a0.6,8,96,MediumResidential,1,0.7729300260543823
hard_a0.6,8,97,MediumResidential,1,0.8942899703979492
hard_a0.6,8,98,MediumResidential,1,0.8262699842453003
hard_a0.6,8,99,MediumResidential,1,0.6181600093841553
hard_a0.6,8,100,MediumResidential,1,0.20784999430179596
hard_a0.6,8,101,MediumResidential,1,0.43647998571395874
hard_a0.6,8,102,MediumResidential,1,0.8497800230979919
hard_a0.6,8,103,MediumResidential,1,0.08618000149726868
hard_a0.6,8,104,MediumResidential,1,0.29857999086380005
hard_a0.6,8,105,MediumResidential,1,0.20201000571250916
hard_a0.6,8,106,MediumResidential,1,0.733739972114563
hard_a0.6,8,107,MediumResidential,1,0.9073100090026855
hard_a0.6,8,108,MediumResidential,1,0.9340800046920776
hard_a0.6,8,109,MediumResidential,1,0.8285999894142151
hard_a0.6,8,110,MediumResidential,1,0.9338799715042114
hard_a0.6,8,111,MediumResidential,1,0.8893200159072876
hard_a0.6,8,112,MediumResidential,1,0.6482899785041809
hard_a0.6,8,113,MediumResidential,1,0.8921899795532227
hard_a0.6,8,114,MediumResidential,1,0.0020200000144541264
hard_a0.6,8,115,MediumResidential,1,0.8882799744606018
hard_a0.6,8,116,MediumResidential,1,0.5414999723434448
hard_a0.6,8,117,MediumResidential,1,0.775879979133606
hard_a0.6,8,118,MediumResidential,1,0.1382800042629242
hard_a0.6,8,119,MediumResidential,1,0.18706999719142914
hard_a0.6,9,0,Forest,0,0.0002899999963119626
hard_a0.6,9,1,Forest,0,0.8272600173950195
hard_a0.6,9,2,Forest,0,4.999999873689376e-05
hard_a0.6,9,3,Forest,0,0.9531599879264832
hard_a0.6,9,4,Forest,0,9.999999747378752e-05
hard_a0.6,9,5,Forest,0,0.9517599940299988
hard_a0.6,9,6,Forest,0,3.9999998989515007e-05
hard_a0.6,9,7,Forest,0,7.999999797903001e-05
hard_a0.6,9,8,Forest,0,0.8810700178146362
hard_a0.6,9,9,Forest,0,0.9559100270271301
hard_a0.6,9,10,Forest,0,0.9911999702453613
hard_a0.6,9,11,Forest,0,0.004240000154823065
hard_a0.6,9,12,Forest,0,0.8254500031471252
hard_a0.6,9,13,Forest,0,0.9999300241470337
hard_a0.6,9,14,Forest,0,0.9999099969863892
hard_a0.6,9,15,Forest,0,9.999999747378752e-05
hard_a0.6,9,16,Forest,0,0.0006000000284984708
hard_a0.6,9,17,Forest,0,0.03311000019311905
hard_a0.6,9,18,Forest,0,0.6578599810600281
hard_a0.6,9,19,Forest,0,9.000000136438757e-05
hard_a0.6,9,20,Forest,0,1.0
hard_a0.6,9,21,Forest,0,0.9999899864196777
hard_a0.6,9,22,Forest,0,9.999999747378752e-05
hard_a0.6,9,23,Forest,0,0.9871000051498413
hard_a0.6,9,24,Forest,0,0.9999799728393555
hard_a0.6,9,25,Forest,0,0.6909800171852112
hard_a0.6,9,26,Forest,0,0.8371599912643433
hard_a0.6,9,27,Forest,0,0.00343999988399446
hard_a0.6,9,28,Forest,0,0.9653199911117554
hard_a0.6,9,29,Forest,0,0.9999499917030334
hard_a0.6,9,30,Forest,0,0.9992200136184692
hard_a0.6,9,31,Forest,0,0.9937300086021423
hard_a0.6,9,32,Forest,0,1.0
hard_a0.6,9,33,Forest,0,0.003280000062659383
hard_a0.6,9,34,Forest,0,0.029910000041127205
hard_a0.6,9,35,Forest,0,0.0002800000074785203
hard_a0.6,9,36,Forest,0,0.9999399781227112
hard_a0.6,9,37,Forest,0,0.9881500005722046
hard_a0.6,9,38,Forest,0,0.9475100040435791
hard_a0.6,9,39,Forest,0,0.9998499751091003
hard_a0.6,9,40,Forest,0,0.9993900060653687
hard_a0.6,9,41,Forest,0,1.0
hard_a0.6,9,42,Forest,0,0.958899974822998
hard_a0.6,9,43,Forest,0,0.9998599886894226
hard_a0.6,9,44,Forest,0,0.01436999998986721
hard_a0.6,9,45,Forest,0,0.8894699811935425
hard_a0.6,9,46,Forest,0,0.002259999979287386
hard_a0.6,9,47,Forest,0,0.6119199991226196
hard_a0.6,9,48,Forest,0,0.9998300075531006
hard_a0.6,9,49,Forest,0,0.9999200105667114
hard_a0.6,9,50,Forest,0,0.008059999905526638
hard_a0.6,9,51,Forest,0,0.9994099736213684
hard_a0.6,9,52,Forest,0,0.24730999767780304
hard_a0.6,9,53,Forest,0,0.9426400065422058
hard_a0.6,9,54,Forest,0,0.0
hard_a0.6,9,55,Forest,0,0.06544999778270721
hard_a0.6,9,56,Forest,0,7.999999797903001e-05
hard_a0.6,9,57,Forest,0,0.007710000034421682
hard_a0.6,9,58,Forest,0,0.00041000000783242285
hard_a0.6,9,59,Forest,0,0.38106998801231384
hard_a0.6,9,60,DenseResidential,1,0.9971699714660645
hard_a0.6,9,61,DenseResidential,1,1.0
hard_a0.6,9,62,DenseResidential,1,1.0
hard_a0.6,9,63,DenseResidential,1,1.0
hard_a0.6,9,64,DenseResidential,1,1.0
hard_a0.6,9,65,DenseResidential,1,1.0
hard_a0.6,9,66,DenseResidential,1,1.0
hard_a0.6,9,67,DenseResidential,1,0.9983999729156494
hard_a0.6,9,68,DenseResidential,1,0.9956499934196472
hard_a0.6,9,69,DenseResidential,1,0.9975299835205078
hard_a0.6,9,70,DenseResidential,1,1.0
hard_a0.6,9,71,DenseResidential,1,0.994920015335083
hard_a0.6,9,72,DenseResidential,1,0.9996399879455566
hard_a0.6,9,73,DenseResidential,1,1.0
hard_a0.6,9,74,DenseResidential,1,1.0
hard_a0.6,9,75,DenseResidential,1,0.9999099969863892
hard_a0.6,9,76,DenseResidential,1,0.9998300075531006
hard_a0.6,9,77,DenseResidential,1,0.9999200105667114
hard_a0.6,9,78,DenseResidential,1,0.9993600249290466
hard_a0.6,9,79,DenseResidential,1,1.0
hard_a0.6,9,80,DenseResidential,1,1.0
hard_a0.6,9,81,DenseResidential,1,1.0
hard_a0.6,9,82,DenseResidential,1,1.0
hard_a0.6,9,83,DenseResidential,1,1.0
hard_a0.6,9,84,DenseResidential,1,1.0
hard_a0.6,9,85,DenseResidential,1,1.0
hard_a0.6,9,86,DenseResidential,1,0.9999899864196777
hard_a0.6,9,87,DenseResidential,1,1.0
hard_a0.6,9,88,DenseResidential,1,1.0
hard_a0.6,9,89,DenseResidential,1,1.0
hard_a0.6,9,90,MediumResidential,1,0.9984300136566162
hard_a0.6,9,91,MediumResidential,1,0.9999899864196777
hard_a0.6,9,92,MediumResidential,1,0.9999799728393555
hard_a0.6,9,93,MediumResidential,1,1.0
hard_a0.6,9,94,MediumResidential,1,0.9999799728393555
hard_a0.6,9,95,MediumResidential,1,0.014379999600350857
hard_a0.6,9,96,MediumResidential,1,0.8253099918365479
hard_a0.6,9,97,MediumResidential,1,0.9964600205421448
hard_a0.6,9,98,MediumResidential,1,0.9778800010681152
hard_a0.6,9,99,MediumResidential,1,0.7732200026512146
hard_a0.6,9,100,MediumResidential,1,0.8769299983978271
hard_a0.6,9,101,MediumResidential,1,0.9970999956130981
hard_a0.6,9,102,MediumResidential,1,0.9998199939727783
hard_a0.6,9,103,MediumResidential,1,0.058970000594854355
hard_a0.6,9,104,MediumResidential,1,0.8116300106048584
hard_a0.6,9,105,MediumResidential,1,0.48339998722076416
hard_a0.6,9,106,MediumResidential,1,0.998420000076294
hard_a0.6,9,107,MediumResidential,1,0.9997599720954895
hard_a0.6,9,108,MediumResidential,1,0.9998900294303894
hard_a0.6,9,109,MediumResidential,1,0.9994699954986572
hard_a0.6,9,110,MediumResidential,1,0.9998499751091003
hard_a0.6,9,111,MediumResidential,1,0.9996899962425232
hard_a0.6,9,112,MediumResidential,1,0.9991700053215027
hard_a0.6,9,113,MediumResidential,1,0.9998700022697449
hard_a0.6,9,114,MediumResidential,1,0.035760000348091125
hard_a0.6,9,115,MediumResidential,1,0.9992799758911133
hard_a0.6,9,116,MediumResidential,1,0.9945899844169617
hard_a0.6,9,117,MediumResidential,1,0.9987800121307373
hard_a0.6,9,118,MediumResidential,1,0.9710699915885925
hard_a0.6,9,119,MediumResidential,1,0.9777299761772156
hard_a0.8,0,0,Forest,0,0.0
hard_a0.8,0,1,Forest,0,0.00795000046491623
hard_a0.8,0,2,Forest,0,0.0
hard_a0.8,0,3,Forest,0,0.005059999879449606
hard_a0.8,0,4,Forest,0,0.0
hard_a0.8,0,5,Forest,0,0.012319999746978283
hard_a0.8,0,6,Forest,0,0.0
hard_a0.8,0,7,Forest,0,0.0
hard_a0.8,0,8,Forest,0,0.005739999935030937
hard_a0.8,0,9,Forest,0,0.00795000046491623
hard_a0.8,0,10,Forest,0,0.08231999725103378
hard_a0.8,0,11,Forest,0,0.00011999999696854502
hard_a0.8,0,12,Forest,0,0.02271999977529049
hard_a0.8,0,13,Forest,0,0.8659999966621399
hard_a0.8,0,14,Forest,0,0.9379199743270874
hard_a0.8,0,15,Forest,0,0.0
hard_a0.8,0,16,Forest,0,9.999999747378752e-06
hard_a0.8,0,17,Forest,0,0.00026000000070780516
hard_a0.8,0,18,Forest,0,0.03327000141143799
hard_a0.8,0,19,Forest,0,0.0
hard_a0.8,0,20,Forest,0,0.9997199773788452
hard_a0.8,0,21,Forest,0,0.9974600076675415
hard_a0.8,0,22,Forest,0,0.0
hard_a0.8,0,23,Forest,0,0.350739985704422
hard_a0.8,0,24,Forest,0,0.9970399737358093
hard_a0.8,0,25,Forest,0,0.0005499999970197678
hard_a0.8,0,26,Forest,0,0.0029200001154094934
hard_a0.8,0,27,Forest,0,2.9999999242136255e-05
hard_a0.8,0,28,Forest,0,0.02996000088751316
hard_a0.8,0,29,Forest,0,0.9839100241661072
hard_a0.8,0,30,Forest,0,0.8802000284194946
hard_a0.8,0,31,Forest,0,0.48816001415252686
hard_a0.8,0,32,Forest,0,0.9993699789047241
hard_a0.8,0,33,Forest,0,5.999999848427251e-05
hard_a0.8,0,34,Forest,0,1.9999999494757503e-05
hard_a0.8,0,35,Forest,0,0.0
hard_a0.8,0,36,Forest,0,0.998740017414093
hard_a0.8,0,37,Forest,0,0.5415899753570557
hard_a0.8,0,38,Forest,0,0.6591600179672241
hard_a0.8,0,39,Forest,0,0.9688199758529663
hard_a0.8,0,40,Forest,0,0.9820299744606018
hard_a0.8,0,41,Forest,0,0.9999200105667114
hard_a0.8,0,42,Forest,0,0.711430013179779
hard_a0.8,0,43,Forest,0,0.9953399896621704
hard_a0.8,0,44,Forest,0,0.00018000000272877514
hard_a0.8,0,45,Forest,0,0.8980900049209595
hard_a0.8,0,46,Forest,0,0.0004299999854993075
hard_a0.8,0,47,Forest,0,0.003120000008493662
hard_a0.8,0,48,Forest,0,0.964739978313446
hard_a0.8,0,49,Forest,0,0.9866399765014648
hard_a0.8,0,50,Forest,0,3.9999998989515007e-05
hard_a0.8,0,51,Forest,0,0.8179500102996826
hard_a0.8,0,52,Forest,0,0.000539999979082495
hard_a0.8,0,53,Forest,0,0.6307899951934814
hard_a0.8,0,54,Forest,0,0.0
hard_a0.8,0,55,Forest,0,0.00015999999595806003
hard_a0.8,0,56,Forest,0,0.0
hard_a0.8,0,57,Forest,0,9.000000136438757e-05
hard_a0.8,0,58,Forest,0,0.0
hard_a0.8,0,59,Forest,0,0.001290000043809414
hard_a0.8,0,60,DenseResidential,1,0.05593999847769737
hard_a0.8,0,61,DenseResidential,1,1.0
hard_a0.8,0,62,DenseResidential,1,0.9999899864196777
hard_a0.8,0,63,DenseResidential,1,0.9984999895095825
hard_a0.8,0,64,DenseResidential,1,0.9998400211334229
hard_a0.8,0,65,DenseResidential,1,0.9958500266075134
hard_a0.8,0,66,DenseResidential,1,0.9987999796867371
hard_a0.8,0,67,DenseResidential,1,0.060419999063014984
hard_a0.8,0,68,DenseResidential,1,0.05011000111699104
hard_a0.8,0,69,DenseResidential,1,0.14650000631809235
hard_a0.8,0,70,DenseResidential,1,0.9999600052833557
hard_a0.8,0,71,DenseResidential,1,0.07384999841451645
hard_a0.8,0,72,DenseResidential,1,0.34477999806404114
hard_a0.8,0,73,DenseResidential,1,0.9990000128746033
hard_a0.8,0,74,DenseResidential,1,0.9999799728393555
hard_a0.8,0,75,DenseResidential,1,0.807699978351593
hard_a0.8,0,76,DenseResidential,1,0.5937700271606445
hard_a0.8,0,77,DenseResidential,1,0.7943099737167358
hard_a0.8,0,78,DenseResidential,1,0.3314400017261505
hard_a0.8,0,79,DenseResidential,1,1.0
hard_a0.8,0,80,DenseResidential,1,1.0
hard_a0.8,0,81,DenseResidential,1,0.9999799728393555
hard_a0.8,0,82,DenseResidential,1,0.9999899864196777
hard_a0.8,0,83,DenseResidential,1,0.9999300241470337
hard_a0.8,0,84,DenseResidential,1,1.0
hard_a0.8,0,85,DenseResidential,1,0.9999300241470337
hard_a0.8,0,86,DenseResidential,1,0.983240008354187
hard_a0.8,0,87,DenseResidential,1,1.0
hard_a0.8,0,88,DenseResidential,1,1.0
hard_a0.8,0,89,DenseResidential,1,1.0
hard_a0.8,0,90,MediumResidential,1,0.3331199884414673
hard_a0.8,0,91,MediumResidential,1,0.9987099766731262
hard_a0.8,0,92,MediumResidential,1,0.9976900219917297
hard_a0.8,0,93,MediumResidential,1,0.9998800158500671
hard_a0.8,0,94,MediumResidential,1,0.9780899882316589
hard_a0.8,0,95,MediumResidential,1,1.9999999494757503e-05
hard_a0.8,0,96,MediumResidential,1,0.04391000047326088
hard_a0.8,0,97,MediumResidential,1,0.3480300009250641
hard_a0.8,0,98,MediumResidential,1,0.0888499990105629
hard_a0.8,0,99,MediumResidential,1,0.015110000036656857
hard_a0.8,0,100,MediumResidential,1,0.02070000022649765
hard_a0.8,0,101,MediumResidential,1,0.30131998658180237
hard_a0.8,0,102,MediumResidential,1,0.9791399836540222
hard_a0.8,0,103,MediumResidential,1,0.00023999999393709004
hard_a0.8,0,104,MediumResidential,1,0.003800000064074993
hard_a0.8,0,105,MediumResidential,1,0.0013200000394135714
hard_a0.8,0,106,MediumResidential,1,0.32572999596595764
hard_a0.8,0,107,MediumResidential,1,0.8347799777984619
hard_a0.8,0,108,MediumResidential,1,0.9133999943733215
hard_a0.8,0,109,MediumResidential,1,0.6261399984359741
hard_a0.8,0,110,MediumResidential,1,0.8056100010871887
hard_a0.8,0,111,MediumResidential,1,0.7002099752426147
hard_a0.8,0,112,MediumResidential,1,0.2930299937725067
hard_a0.8,0,113,MediumResidential,1,0.9140499830245972
hard_a0.8,0,114,MediumResidential,1,1.9999999494757503e-05
hard_a0.8,0,115,MediumResidential,1,0.6092000007629395
hard_a0.8,0,116,MediumResidential,1,0.18612000346183777
hard_a0.8,0,117,MediumResidential,1,0.5780699849128723
hard_a0.8,0,118,MediumResidential,1,0.03482000157237053
hard_a0.8,0,119,MediumResidential,1,0.02582000009715557
hard_a0.8,1,0,Forest,0,1.9999999494757503e-05
hard_a0.8,1,1,Forest,0,0.011549999937415123
hard_a0.8,1,2,Forest,0,0.0
hard_a0.8,1,3,Forest,0,0.3786199986934662
hard_a0.8,1,4,Forest,0,9.999999747378752e-06
hard_a0.8,1,5,Forest,0,0.25957000255584717
hard_a0.8,1,6,Forest,0,0.0
hard_a0.8,1,7,Forest,0,9.999999747378752e-06
hard_a0.8,1,8,Forest,0,0.2620899975299835
hard_a0.8,1,9,Forest,0,0.41990000009536743
hard_a0.8,1,10,Forest,0,0.7567600011825562
hard_a0.8,1,11,Forest,0,0.00039000000106170774
hard_a0.8,1,12,Forest,0,0.14395999908447266
hard_a0.8,1,13,Forest,0,0.9993199706077576
hard_a0.8,1,14,Forest,0,0.999750018119812
hard_a0.8,1,15,Forest,0,1.9999999494757503e-05
hard_a0.8,1,16,Forest,0,0.00039000000106170774
hard_a0.8,1,17,Forest,0,0.019750000908970833
hard_a0.8,1,18,Forest,0,0.25957000255584717
hard_a0.8,1,19,Forest,0,0.0
hard_a0.8,1,20,Forest,0,1.0
hard_a0.8,1,21,Forest,0,0.9999899864196777
hard_a0.8,1,22,Forest,0,0.0
hard_a0.8,1,23,Forest,0,0.9481499791145325
hard_a0.8,1,24,Forest,0,0.9999899864196777
hard_a0.8,1,25,Forest,0,0.11992999911308289
hard_a0.8,1,26,Forest,0,0.1890300065279007
hard_a0.8,1,27,Forest,0,0.0018599999602884054
hard_a0.8,1,28,Forest,0,0.7308700084686279
hard_a0.8,1,29,Forest,0,0.999750018119812
hard_a0.8,1,30,Forest,0,0.994189977645874
hard_a0.8,1,31,Forest,0,0.7348399758338928
hard_a0.8,1,32,Forest,0,1.0
hard_a0.8,1,33,Forest,0,0.00022000000171829015
hard_a0.8,1,34,Forest,0,0.0008800000068731606
hard_a0.8,1,35,Forest,0,1.9999999494757503e-05
hard_a0.8,1,36,Forest,0,0.999970018863678
hard_a0.8,1,37,Forest,0,0.9188699722290039
hard_a0.8,1,38,Forest,0,0.6350700259208679
hard_a0.8,1,39,Forest,0,0.9998499751091003
hard_a0.8,1,40,Forest,0,0.9984099864959717
hard_a0.8,1,41,Forest,0,1.0
hard_a0.8,1,42,Forest,0,0.8246399760246277
hard_a0.8,1,43,Forest,0,0.9996100068092346
hard_a0.8,1,44,Forest,0,0.0013099999632686377
hard_a0.8,1,45,Forest,0,0.9669600129127502
hard_a0.8,1,46,Forest,0,0.0010300000431016088
hard_a0.8,1,47,Forest,0,0.10367999970912933
hard_a0.8,1,48,Forest,0,0.9999600052833557
hard_a0.8,1,49,Forest,0,0.9999799728393555
hard_a0.8,1,50,Forest,0,0.002090000081807375
hard_a0.8,1,51,Forest,0,0.993690013885498
hard_a0.8,1,52,Forest,0,0.4004000127315521
hard_a0.8,1,53,Forest,0,0.9327899813652039
hard_a0.8,1,54,Forest,0,0.0
hard_a0.8,1,55,Forest,0,0.0034799999557435513
hard_a0.8,1,56,Forest,0,9.999999747378752e-06
hard_a0.8,1,57,Forest,0,0.00039999998989515007
hard_a0.8,1,58,Forest,0,0.00013000000035390258
hard_a0.8,1,59,Forest,0,0.008190000429749489
hard_a0.8,1,60,DenseResidential,1,0.9856699705123901
hard_a0.8,1,61,DenseResidential,1,1.0
hard_a0.8,1,62,DenseResidential,1,1.0
hard_a0.8,1,63,DenseResidential,1,1.0
hard_a0.8,1,64,DenseResidential,1,1.0
hard_a0.8,1,65,DenseResidential,1,1.0
hard_a0.8,1,66,DenseResidential,1,1.0
hard_a0.8,1,67,DenseResidential,1,0.9845100045204163
hard_a0.8,1,68,DenseResidential,1,0.9769399762153625
hard_a0.8,1,69,DenseResidential,1,0.9945700168609619
hard_a0.8,1,70,DenseResidential,1,1.0
hard_a0.8,1,71,DenseResidential,1,0.987820029258728
hard_a0.8,1,72,DenseResidential,1,0.9987000226974487
hard_a0.8,1,73,DenseResidential,1,1.0
hard_a0.8,1,74,DenseResidential,1,1.0
hard_a0.8,1,75,DenseResidential,1,0.9990699887275696
hard_a0.8,1,76,DenseResidential,1,0.9953500032424927
hard_a0.8,1,77,DenseResidential,1,0.9995899796485901
hard_a0.8,1,78,DenseResidential,1,0.993179976940155
hard_a0.8,1,79,DenseResidential,1,1.0
hard_a0.8,1,80,DenseResidential,1,1.0
hard_a0.8,1,81,DenseResidential,1,1.0
hard_a0.8,1,82,DenseResidential,1,1.0
hard_a0.8,1,83,DenseResidential,1,1.0
hard_a0.8,1,84,DenseResidential,1,1.0
hard_a0.8,1,85,DenseResidential,1,1.0
hard_a0.8,1,86,DenseResidential,1,0.9999600052833557
hard_a0.8,1,87,DenseResidential,1,1.0
hard_a0.8,1,88,DenseResidential,1,1.0
hard_a0.8,1,89,DenseResidential,1,1.0
hard_a0.8,1,90,MediumResidential,1,0.9908400177955627
hard_a0.8,1,91,MediumResidential,1,0.9999799728393555
hard_a0.8,1,92,MediumResidential,1,0.9999200105667114
hard_a0.8,1,93,MediumResidential,1,1.0
hard_a0.8,1,94,MediumResidential,1,0.9997400045394897
hard_a0.8,1,95,MediumResidential,1,0.00026000000070780516
hard_a0.8,1,96,MediumResidential,1,0.15906000137329102
hard_a0.8,1,97,MediumResidential,1,0.7856000065803528
hard_a0.8,1,98,MediumResidential,1,0.19438999891281128
hard_a0.8,1,99,MediumResidential,1,0.05023999884724617
hard_a0.8,1,100,MediumResidential,1,0.056770000606775284
hard_a0.8,1,101,MediumResidential,1,0.9607300162315369
hard_a0.8,1,102,MediumResidential,1,0.9966099858283997
hard_a0.8,1,103,MediumResidential,1,0.002259999979287386
hard_a0.8,1,104,MediumResidential,1,0.04879000037908554
hard_a0.8,1,105,MediumResidential,1,0.01205000001937151
hard_a0.8,1,106,MediumResidential,1,0.8938800096511841
hard_a0.8,1,107,MediumResidential,1,0.9963899850845337
hard_a0.8,1,108,MediumResidential,1,0.9980999827384949
hard_a0.8,1,109,MediumResidential,1,0.9924799799919128
hard_a0.8,1,110,MediumResidential,1,0.9933300018310547
hard_a0.8,1,111,MediumResidential,1,0.9846500158309937
hard_a0.8,1,112,MediumResidential,1,0.969980001449585
hard_a0.8,1,113,MediumResidential,1,0.9922099709510803
hard_a0.8,1,114,MediumResidential,1,0.0076500000432133675
hard_a0.8,1,115,MediumResidential,1,0.9959200024604797
hard_a0.8,1,116,MediumResidential,1,0.9747599959373474
hard_a0.8,1,117,MediumResidential,1,0.9829699993133545
hard_a0.8,1,118,MediumResidential,1,0.5834900140762329
hard_a0.8,1,119,MediumResidential,1,0.585129976272583
hard_a0.8,2,0,Forest,0,5.999999848427251e-05
hard_a0.8,2,1,Forest,0,0.12292999774217606
hard_a0.8,2,2,Forest,0,9.999999747378752e-06
hard_a0.8,2,3,Forest,0,0.8174800276756287
hard_a0.8,2,4,Forest,0,1.9999999494757503e-05
hard_a0.8,2,5,Forest,0,0.8179799914360046
hard_a0.8,2,6,Forest,0,9.999999747378752e-06
hard_a0.8,2,7,Forest,0,9.999999747378752e-06
hard_a0.8,2,8,Forest,0,0.633870005607605
hard_a0.8,2,9,Forest,0,0.7052599787712097
hard_a0.8,2,10,Forest,0,0.9171500205993652
hard_a0.8,2,11,Forest,0,0.0013200000394135714
hard_a0.8,2,12,Forest,0,0.5875099897384644
hard_a0.8,2,13,Forest,0,0.9991700053215027
hard_a0.8,2,14,Forest,0,0.9991999864578247
hard_a0.8,2,15,Forest,0,7.000000186963007e-05
hard_a0.8,2,16,Forest,0,0.0002699999895412475
hard_a0.8,2,17,Forest,0,0.005669999867677689
hard_a0.8,2,18,Forest,0,0.0072200000286102295
hard_a0.8,2,19,Forest,0,1.9999999494757503e-05
hard_a0.8,2,20,Forest,0,1.0
hard_a0.8,2,21,Forest,0,0.9999099969863892
hard_a0.8,2,22,Forest,0,9.999999747378752e-06
hard_a0.8,2,23,Forest,0,0.9553800225257874
hard_a0.8,2,24,Forest,0,0.9997299909591675
hard_a0.8,2,25,Forest,0,0.6936500072479248
hard_a0.8,2,26,Forest,0,0.5303300023078918
hard_a0.8,2,27,Forest,0,0.00023999999393709004
hard_a0.8,2,28,Forest,0,0.03149000182747841
hard_a0.8,2,29,Forest,0,0.9991400241851807
hard_a0.8,2,30,Forest,0,0.9903299808502197
hard_a0.8,2,31,Forest,0,0.30274999141693115
hard_a0.8,2,32,Forest,0,0.9999899864196777
hard_a0.8,2,33,Forest,0,0.0008099999977275729
hard_a0.8,2,34,Forest,0,0.005919999908655882
hard_a0.8,2,35,Forest,0,0.00018000000272877514
hard_a0.8,2,36,Forest,0,0.9999499917030334
hard_a0.8,2,37,Forest,0,0.9684600234031677
hard_a0.8,2,38,Forest,0,0.7261300086975098
hard_a0.8,2,39,Forest,0,0.9998300075531006
hard_a0.8,2,40,Forest,0,0.9938499927520752
hard_a0.8,2,41,Forest,0,1.0
hard_a0.8,2,42,Forest,0,0.9581599831581116
hard_a0.8,2,43,Forest,0,0.9994199872016907
hard_a0.8,2,44,Forest,0,0.002469999948516488
hard_a0.8,2,45,Forest,0,0.7172300219535828
hard_a0.8,2,46,Forest,0,0.00044999999227002263
hard_a0.8,2,47,Forest,0,0.42941999435424805
hard_a0.8,2,48,Forest,0,0.9993199706077576
hard_a0.8,2,49,Forest,0,0.9991499781608582
hard_a0.8,2,50,Forest,0,0.0011699999449774623
hard_a0.8,2,51,Forest,0,0.9881700277328491
hard_a0.8,2,52,Forest,0,0.0008800000068731606
hard_a0.8,2,53,Forest,0,0.953279972076416
hard_a0.8,2,54,Forest,0,0.0
hard_a0.8,2,55,Forest,0,0.015990000218153
hard_a0.8,2,56,Forest,0,5.999999848427251e-05
hard_a0.8,2,57,Forest,0,0.001180000021122396
hard_a0.8,2,58,Forest,0,0.00011999999696854502
hard_a0.8,2,59,Forest,0,0.035599999129772186
hard_a0.8,2,60,DenseResidential,1,0.7648000121116638
hard_a0.8,2,61,DenseResidential,1,1.0
hard_a0.8,2,62,DenseResidential,1,1.0
hard_a0.8,2,63,DenseResidential,1,0.9999899864196777
hard_a0.8,2,64,DenseResidential,1,1.0
hard_a0.8,2,65,DenseResidential,1,0.9999600052833557
hard_a0.8,2,66,DenseResidential,1,0.9999899864196777
hard_a0.8,2,67,DenseResidential,1,0.4657300114631653
hard_a0.8,2,68,DenseResidential,1,0.696370005607605
hard_a0.8,2,69,DenseResidential,1,0.8530600070953369
hard_a0.8,2,70,DenseResidential,1,1.0
hard_a0.8,2,71,DenseResidential,1,0.8105599880218506
hard_a0.8,2,72,DenseResidential,1,0.8523799777030945
hard_a0.8,2,73,DenseResidential,1,0.9999899864196777
hard_a0.8,2,74,DenseResidential,1,1.0
hard_a0.8,2,75,DenseResidential,1,0.9689300060272217
hard_a0.8,2,76,DenseResidential,1,0.9586899876594543
hard_a0.8,2,77,DenseResidential,1,0.9858199954032898
hard_a0.8,2,78,DenseResidential,1,0.8961499929428101
hard_a0.8,2,79,DenseResidential,1,1.0
hard_a0.8,2,80,DenseResidential,1,1.0
hard_a0.8,2,81,DenseResidential,1,1.0
hard_a0.8,2,82,DenseResidential,1,1.0
hard_a0.8,2,83,DenseResidential,1,1.0
hard_a0.8,2,84,DenseResidential,1,1.0
hard_a0.8,2,85,DenseResidential,1,1.0
hard_a0.8,2,86,DenseResidential,1,0.9985700249671936
hard_a0.8,2,87,DenseResidential,1,1.0
hard_a0.8,2,88,DenseResidential,1,1.0
hard_a0.8,2,89,DenseResidential,1,1.0
hard_a0.8,2,90,MediumResidential,1,0.8927599787712097
hard_a0.8,2,91,MediumResidential,1,0.9998800158500671
hard_a0.8,2,92,MediumResidential,1,0.9991499781608582
hard_a0.8,2,93,MediumResidential,1,0.9999899864196777
hard_a0.8,2,94,MediumResidential,1,0.999530017375946
hard_a0.8,2,95,MediumResidential,1,0.0026100000832229853
hard_a0.8,2,96,MediumResidential,1,0.8558200001716614
hard_a0.8,2,97,MediumResidential,1,0.9465699791908264
hard_a0.8,2,98,MediumResidential,1,0.8024899959564209
hard_a0.8,2,99,MediumResidential,1,0.4751099944114685
hard_a0.8,2,100,MediumResidential,1,0.9282000064849854
hard_a0.8,2,101,MediumResidential,1,0.6699900031089783
hard_a0.8,2,102,MediumResidential,1,0.9914100170135498
hard_a0.8,2,103,MediumResidential,1,0.686959981918335
hard_a0.8,2,104,MediumResidential,1,0.8655800223350525
hard_a0.8,2,105,MediumResidential,1,0.8261100053787231
hard_a0.8,2,106,MediumResidential,1,0.9418699741363525
hard_a0.8,2,107,MediumResidential,1,0.9842299818992615
hard_a0.8,2,108,MediumResidential,1,0.9933300018310547
hard_a0.8,2,109,MediumResidential,1,0.9753100275993347
hard_a0.8,2,110,MediumResidential,1,0.9863399863243103
hard_a0.8,2,111,MediumResidential,1,0.9797599911689758
hard_a0.8,2,112,MediumResidential,1,0.896049976348877
hard_a0.8,2,113,MediumResidential,1,0.9922099709510803
hard_a0.8,2,114,MediumResidential,1,0.0006099999882280827
hard_a0.8,2,115,MediumResidential,1,0.9718999862670898
hard_a0.8,2,116,MediumResidential,1,0.5994700193405151
hard_a0.8,2,117,MediumResidential,1,0.7412999868392944
hard_a0.8,2,118,MediumResidential,1,0.32203999161720276
hard_a0.8,2,119,MediumResidential,1,0.37220001220703125
hard_a0.8,3,0,Forest,0,9.999999747378752e-06
hard_a0.8,3,1,Forest,0,0.3070499897003174
hard_a0.8,3,2,Forest,0,0.0
hard_a0.8,3,3,Forest,0,0.33765000104904175
hard_a0.8,3,4,Forest,0,0.0
hard_a0.8,3,5,Forest,0,0.447299987077713
hard_a0.8,3,6,Forest,0,0.0
hard_a0.8,3,7,Forest,0,0.0
hard_a0.8,3,8,Forest,0,0.03432999923825264
hard_a0.8,3,9,Forest,0,0.024630000814795494
hard_a0.8,3,10,Forest,0,0.6737300157546997
hard_a0.8,3,11,Forest,0,0.0010400000028312206
hard_a0.8,3,12,Forest,0,0.4444200098514557
hard_a0.8,3,13,Forest,0,0.9791499972343445
hard_a0.8,3,14,Forest,0,0.9955599904060364
hard_a0.8,3,15,Forest,0,9.999999747378752e-06
hard_a0.8,3,16,Forest,0,7.999999797903001e-05
hard_a0.8,3,17,Forest,0,0.0009899999713525176
hard_a0.8,3,18,Forest,0,0.007569999899715185
hard_a0.8,3,19,Forest,0,0.0
hard_a0.8,3,20,Forest,0,0.9999899864196777
hard_a0.8,3,21,Forest,0,0.9998300075531006
hard_a0.8,3,22,Forest,0,0.0
hard_a0.8,3,23,Forest,0,0.8877500295639038
hard_a0.8,3,24,Forest,0,0.9987000226974487
hard_a0.8,3,25,Forest,0,0.05119999870657921
hard_a0.8,3,26,Forest,0,0.12306000292301178
hard_a0.8,3,27,Forest,0,2.9999999242136255e-05
hard_a0.8,3,28,Forest,0,0.03117999993264675
hard_a0.8,3,29,Forest,0,0.9966899752616882
hard_a0.8,3,30,Forest,0,0.9902200102806091
hard_a0.8,3,31,Forest,0,0.7204200029373169
hard_a0.8,3,32,Forest,0,0.9999799728393555
hard_a0.8,3,33,Forest,0,0.000910000002477318
hard_a0.8,3,34,Forest,0,0.0009200000204145908
hard_a0.8,3,35,Forest,0,5.999999848427251e-05
hard_a0.8,3,36,Forest,0,0.9711199998855591
hard_a0.8,3,37,Forest,0,0.9576699733734131
hard_a0.8,3,38,Forest,0,0.8657699823379517
hard_a0.8,3,39,Forest,0,0.9786400198936462
hard_a0.8,3,40,Forest,0,0.9996299743652344
hard_a0.8,3,41,Forest,0,0.9992300271987915
hard_a0.8,3,42,Forest,0,0.9287800192832947
hard_a0.8,3,43,Forest,0,0.9958999752998352
hard_a0.8,3,44,Forest,0,0.002199999988079071
hard_a0.8,3,45,Forest,0,0.16418999433517456
hard_a0.8,3,46,Forest,0,0.0016499999910593033
hard_a0.8,3,47,Forest,0,0.13533000648021698
hard_a0.8,3,48,Forest,0,0.9991300106048584
hard_a0.8,3,49,Forest,0,0.9991899728775024
hard_a0.8,3,50,Forest,0,0.00023999999393709004
hard_a0.8,3,51,Forest,0,0.9762099981307983
hard_a0.8,3,52,Forest,0,1.9999999494757503e-05
hard_a0.8,3,53,Forest,0,0.8776100277900696
hard_a0.8,3,54,Forest,0,0.0
hard_a0.8,3,55,Forest,0,0.0026000000070780516
hard_a0.8,3,56,Forest,0,9.999999747378752e-06
hard_a0.8,3,57,Forest,0,0.0007200000109151006
hard_a0.8,3,58,Forest,0,2.9999999242136255e-05
hard_a0.8,3,59,Forest,0,0.02160000056028366
hard_a0.8,3,60,DenseResidential,1,0.06796000152826309
hard_a0.8,3,61,DenseResidential,1,1.0
hard_a0.8,3,62,DenseResidential,1,1.0
hard_a0.8,3,63,DenseResidential,1,0.9972100257873535
hard_a0.8,3,64,DenseResidential,1,0.9995599985122681
hard_a0.8,3,65,DenseResidential,1,0.9879099726676941
hard_a0.8,3,66,DenseResidential,1,0.9970399737358093
hard_a0.8,3,67,DenseResidential,1,0.14827999472618103
hard_a0.8,3,68,DenseResidential,1,0.2547599971294403
hard_a0.8,3,69,DenseResidential,1,0.6176199913024902
hard_a0.8,3,70,DenseResidential,1,1.0
hard_a0.8,3,71,DenseResidential,1,0.12030000239610672
hard_a0.8,3,72,DenseResidential,1,0.5260499715805054
hard_a0.8,3,73,DenseResidential,1,0.9999600052833557
hard_a0.8,3,74,DenseResidential,1,1.0
hard_a0.8,3,75,DenseResidential,1,0.9283000230789185
hard_a0.8,3,76,DenseResidential,1,0.852869987487793
hard_a0.8,3,77,DenseResidential,1,0.9418100118637085
hard_a0.8,3,78,DenseResidential,1,0.6213600039482117
hard_a0.8,3,79,DenseResidential,1,1.0
hard_a0.8,3,80,DenseResidential,1,1.0
hard_a0.8,3,81,DenseResidential,1,1.0
hard_a0.8,3,82,DenseResidential,1,1.0
hard_a0.8,3,83,DenseResidential,1,0.9999099969863892
hard_a0.8,3,84,DenseResidential,1,1.0
hard_a0.8,3,85,DenseResidential,1,0.9999899864196777
hard_a0.8,3,86,DenseResidential,1,0.9894899725914001
hard_a0.8,3,87,DenseResidential,1,1.0
hard_a0.8,3,88,DenseResidential,1,1.0
hard_a0.8,3,89,DenseResidential,1,1.0
hard_a0.8,3,90,MediumResidential,1,0.728659987449646
hard_a0.8,3,91,MediumResidential,1,0.9945899844169617
hard_a0.8,3,92,MediumResidential,1,0.9851899743080139
hard_a0.8,3,93,MediumResidential,1,1.0
hard_a0.8,3,94,MediumResidential,1,0.9990500211715698
hard_a0.8,3,95,MediumResidential,1,0.002529999939724803
hard_a0.8,3,96,MediumResidential,1,0.8737000226974487
hard_a0.8,3,97,MediumResidential,1,0.9474300146102905
hard_a0.8,3,98,MediumResidential,1,0.8832399845123291
hard_a0.8,3,99,MediumResidential,1,0.6754800081253052
hard_a0.8,3,100,MediumResidential,1,0.8612899780273438
hard_a0.8,3,101,MediumResidential,1,0.4546999931335449
hard_a0.8,3,102,MediumResidential,1,0.9999099969863892
hard_a0.8,3,103,MediumResidential,1,0.14148999750614166
hard_a0.8,3,104,MediumResidential,1,0.4077000021934509
hard_a0.8,3,105,MediumResidential,1,0.31960999965667725
hard_a0.8,3,106,MediumResidential,1,0.7263299822807312
hard_a0.8,3,107,MediumResidential,1,0.9630900025367737
hard_a0.8,3,108,MediumResidential,1,0.9869599938392639
hard_a0.8,3,109,MediumResidential,1,0.9502000212669373
hard_a0.8,3,110,MediumResidential,1,0.9847300052642822
hard_a0.8,3,111,MediumResidential,1,0.9747599959373474
hard_a0.8,3,112,MediumResidential,1,0.578249990940094
hard_a0.8,3,113,MediumResidential,1,0.9909800291061401
hard_a0.8,3,114,MediumResidential,1,4.999999873689376e-05
hard_a0.8,3,115,MediumResidential,1,0.8250399827957153
hard_a0.8,3,116,MediumResidential,1,0.26357001066207886
hard_a0.8,3,117,MediumResidential,1,0.5613700151443481
hard_a0.8,3,118,MediumResidential,1,0.21492999792099
hard_a0.8,3,119,MediumResidential,1,0.23357999324798584
hard_a0.8,4,0,Forest,0,3.9999998989515007e-05
hard_a0.8,4,1,Forest,0,0.04676000028848648
hard_a0.8,4,2,Forest,0,9.999999747378752e-06
hard_a0.8,4,3,Forest,0,0.8658199906349182
hard_a0.8,4,4,Forest,0,9.999999747378752e-06
hard_a0.8,4,5,Forest,0,0.8361300230026245
hard_a0.8,4,6,Forest,0,9.999999747378752e-06
hard_a0.8,4,7,Forest,0,9.999999747378752e-06
hard_a0.8,4,8,Forest,0,0.9220100045204163
hard_a0.8,4,9,Forest,0,0.9711800217628479
hard_a0.8,4,10,Forest,0,0.9744399785995483
hard_a0.8,4,11,Forest,0,0.00041000000783242285
hard_a0.8,4,12,Forest,0,0.5848299860954285
hard_a0.8,4,13,Forest,0,0.9990299940109253
hard_a0.8,4,14,Forest,0,0.9997900128364563
hard_a0.8,4,15,Forest,0,3.9999998989515007e-05
hard_a0.8,4,16,Forest,0,0.0003499999875202775
hard_a0.8,4,17,Forest,0,0.0203000009059906
hard_a0.8,4,18,Forest,0,0.5891600251197815
hard_a0.8,4,19,Forest,0,0.0
hard_a0.8,4,20,Forest,0,1.0
hard_a0.8,4,21,Forest,0,0.9999399781227112
hard_a0.8,4,22,Forest,0,9.999999747378752e-06
hard_a0.8,4,23,Forest,0,0.9718599915504456
hard_a0.8,4,24,Forest,0,0.9999899864196777
hard_a0.8,4,25,Forest,0,0.965690016746521
hard_a0.8,4,26,Forest,0,0.41677001118659973
hard_a0.8,4,27,Forest,0,0.0024300001095980406
hard_a0.8,4,28,Forest,0,0.967710018157959
hard_a0.8,4,29,Forest,0,0.9998999834060669
hard_a0.8,4,30,Forest,0,0.9989399909973145
hard_a0.8,4,31,Forest,0,0.9878399968147278
hard_a0.8,4,32,Forest,0,0.9999899864196777
hard_a0.8,4,33,Forest,0,0.00031999999191612005
hard_a0.8,4,34,Forest,0,0.0019099999917671084
hard_a0.8,4,35,Forest,0,3.9999998989515007e-05
hard_a0.8,4,36,Forest,0,0.9993799924850464
hard_a0.8,4,37,Forest,0,0.9509999752044678
hard_a0.8,4,38,Forest,0,0.7722100019454956
hard_a0.8,4,39,Forest,0,0.9996200203895569
hard_a0.8,4,40,Forest,0,0.9984700083732605
hard_a0.8,4,41,Forest,0,1.0
hard_a0.8,4,42,Forest,0,0.9218400120735168
hard_a0.8,4,43,Forest,0,0.9992799758911133
hard_a0.8,4,44,Forest,0,0.0014400000218302011
hard_a0.8,4,45,Forest,0,0.710129976272583
hard_a0.8,4,46,Forest,0,0.0005799999926239252
hard_a0.8,4,47,Forest,0,0.5631200075149536
hard_a0.8,4,48,Forest,0,0.9999899864196777
hard_a0.8,4,49,Forest,0,0.9999799728393555
hard_a0.8,4,50,Forest,0,0.00215000007301569
hard_a0.8,4,51,Forest,0,0.9994900226593018
hard_a0.8,4,52,Forest,0,0.02151999995112419
hard_a0.8,4,53,Forest,0,0.8893600106239319
hard_a0.8,4,54,Forest,0,0.0
hard_a0.8,4,55,Forest,0,0.007470000069588423
hard_a0.8,4,56,Forest,0,1.9999999494757503e-05
hard_a0.8,4,57,Forest,0,0.0006399999838322401
hard_a0.8,4,58,Forest,0,9.000000136438757e-05
hard_a0.8,4,59,Forest,0,0.026559999212622643
hard_a0.8,4,60,DenseResidential,1,0.9821900129318237
hard_a0.8,4,61,DenseResidential,1,1.0
hard_a0.8,4,62,DenseResidential,1,1.0
hard_a0.8,4,63,DenseResidential,1,1.0
hard_a0.8,4,64,DenseResidential,1,1.0
hard_a0.8,4,65,DenseResidential,1,1.0
hard_a0.8,4,66,DenseResidential,1,1.0
hard_a0.8,4,67,DenseResidential,1,0.9970700144767761
hard_a0.8,4,68,DenseResidential,1,0.9910500049591064
hard_a0.8,4,69,DenseResidential,1,0.9953299760818481
hard_a0.8,4,70,DenseResidential,1,1.0
hard_a0.8,4,71,DenseResidential,1,0.9693700075149536
hard_a0.8,4,72,DenseResidential,1,0.9995599985122681
hard_a0.8,4,73,DenseResidential,1,1.0
hard_a0.8,4,74,DenseResidential,1,1.0
hard_a0.8,4,75,DenseResidential,1,0.9997599720954895
hard_a0.8,4,76,DenseResidential,1,0.9996600151062012
hard_a0.8,4,77,DenseResidential,1,0.9998000264167786
hard_a0.8,4,78,DenseResidential,1,0.9986699819564819
hard_a0.8,4,79,DenseResidential,1,1.0
hard_a0.8,4,80,DenseResidential,1,1.0
hard_a0.8,4,81,DenseResidential,1,1.0
hard_a0.8,4,82,DenseResidential,1,1.0
hard_a0.8,4,83,DenseResidential,1,1.0
hard_a0.8,4,84,DenseResidential,1,1.0
hard_a0.8,4,85,DenseResidential,1,1.0
hard_a0.8,4,86,DenseResidential,1,0.9999600052833557
hard_a0.8,4,87,DenseResidential,1,1.0
hard_a0.8,4,88,DenseResidential,1,1.0
hard_a0.8,4,89,DenseResidential,1,1.0
hard_a0.8,4,90,MediumResidential,1,0.9855800271034241
hard_a0.8,4,91,MediumResidential,1,0.9997100234031677
hard_a0.8,4,92,MediumResidential,1,0.9988899827003479
hard_a0.8,4,93,MediumResidential,1,1.0
hard_a0.8,4,94,MediumResidential,1,0.9999899864196777
hard_a0.8,4,95,MediumResidential,1,0.0005600000149570405
hard_a0.8,4,96,MediumResidential,1,0.8025500178337097
hard_a0.8,4,97,MediumResidential,1,0.9740800261497498
hard_a0.8,4,98,MediumResidential,1,0.8753299713134766
hard_a0.8,4,99,MediumResidential,1,0.45684999227523804
hard_a0.8,4,100,MediumResidential,1,0.8197399973869324
hard_a0.8,4,101,MediumResidential,1,0.9728999733924866
hard_a0.8,4,102,MediumResidential,1,0.9993399977684021
hard_a0.8,4,103,MediumResidential,1,0.39348000288009644
hard_a0.8,4,104,MediumResidential,1,0.9710100293159485
hard_a0.8,4,105,MediumResidential,1,0.8677899837493896
hard_a0.8,4,106,MediumResidential,1,0.9846400022506714
hard_a0.8,4,107,MediumResidential,1,0.9990599751472473
hard_a0.8,4,108,MediumResidential,1,0.999180018901825
hard_a0.8,4,109,MediumResidential,1,0.9980199933052063
hard_a0.8,4,110,MediumResidential,1,0.9993500113487244
hard_a0.8,4,111,MediumResidential,1,0.9987300038337708
hard_a0.8,4,112,MediumResidential,1,0.9908000230789185
hard_a0.8,4,113,MediumResidential,1,0.9994800090789795
hard_a0.8,4,114,MediumResidential,1,0.005030000116676092
hard_a0.8,4,115,MediumResidential,1,0.9959800243377686
hard_a0.8,4,116,MediumResidential,1,0.9718000292778015
hard_a0.8,4,117,MediumResidential,1,0.9923400282859802
hard_a0.8,4,118,MediumResidential,1,0.46797001361846924
hard_a0.8,4,119,MediumResidential,1,0.5642499923706055
hard_a1.0,0,0,Forest,0,3.9999998989515007e-05
hard_a1.0,0,1,Forest,0,0.264849990606308
hard_a1.0,0,2,Forest,0,2.9999999242136255e-05
hard_a1.0,0,3,Forest,0,0.050999999046325684
hard_a1.0,0,4,Forest,0,9.999999747378752e-06
hard_a1.0,0,5,Forest,0,0.18523000180721283
hard_a1.0,0,6,Forest,0,9.999999747378752e-06
hard_a1.0,0,7,Forest,0,1.9999999494757503e-05
hard_a1.0,0,8,Forest,0,0.1953900009393692
hard_a1.0,0,9,Forest,0,0.2060299962759018
hard_a1.0,0,10,Forest,0,0.6204699873924255
hard_a1.0,0,11,Forest,0,0.0045900000259280205
hard_a1.0,0,12,Forest,0,0.40981999039649963
hard_a1.0,0,13,Forest,0,0.9670799970626831
hard_a1.0,0,14,Forest,0,0.985759973526001
hard_a1.0,0,15,Forest,0,9.999999747378752e-06
hard_a1.0,0,16,Forest,0,0.0002800000074785203
hard_a1.0,0,17,Forest,0,0.004670000169426203
hard_a1.0,0,18,Forest,0,0.20553000271320343
hard_a1.0,0,19,Forest,0,0.0
hard_a1.0,0,20,Forest,0,0.9999600052833557
hard_a1.0,0,21,Forest,0,0.9998900294303894
hard_a1.0,0,22,Forest,0,0.0
hard_a1.0,0,23,Forest,0,0.9033700227737427
hard_a1.0,0,24,Forest,0,0.9992899894714355
hard_a1.0,0,25,Forest,0,0.022830000147223473
hard_a1.0,0,26,Forest,0,0.054329998791217804
hard_a1.0,0,27,Forest,0,0.0005000000237487257
hard_a1.0,0,28,Forest,0,0.08357000350952148
hard_a1.0,0,29,Forest,0,0.9986299872398376
hard_a1.0,0,30,Forest,0,0.9910500049591064
hard_a1.0,0,31,Forest,0,0.9861000180244446
hard_a1.0,0,32,Forest,0,0.9999600052833557
hard_a1.0,0,33,Forest,0,0.002850000048056245
hard_a1.0,0,34,Forest,0,0.000590000010561198
hard_a1.0,0,35,Forest,0,4.999999873689376e-05
hard_a1.0,0,36,Forest,0,0.999750018119812
hard_a1.0,0,37,Forest,0,0.9027199745178223
hard_a1.0,0,38,Forest,0,0.9756699800491333
hard_a1.0,0,39,Forest,0,0.9967799782752991
hard_a1.0,0,40,Forest,0,0.9978100061416626
hard_a1.0,0,41,Forest,0,0.9999799728393555
hard_a1.0,0,42,Forest,0,0.9583500027656555
hard_a1.0,0,43,Forest,0,0.9993500113487244
hard_a1.0,0,44,Forest,0,0.00687999976798892
hard_a1.0,0,45,Forest,0,0.9920399785041809
hard_a1.0,0,46,Forest,0,0.02741999924182892
hard_a1.0,0,47,Forest,0,0.09408000111579895
hard_a1.0,0,48,Forest,0,0.9991700053215027
hard_a1.0,0,49,Forest,0,0.9996700286865234
hard_a1.0,0,50,Forest,0,0.001129999989643693
hard_a1.0,0,51,Forest,0,0.9632800221443176
hard_a1.0,0,52,Forest,0,0.008320000022649765
hard_a1.0,0,53,Forest,0,0.9343799948692322
hard_a1.0,0,54,Forest,0,0.0
hard_a1.0,0,55,Forest,0,0.0038399999029934406
hard_a1.0,0,56,Forest,0,9.999999747378752e-06
hard_a1.0,0,57,Forest,0,0.003379999892786145
hard_a1.0,0,58,Forest,0,9.000000136438757e-05
hard_a1.0,0,59,Forest,0,0.03249000012874603
hard_a1.0,0,60,DenseResidential,1,0.11761999875307083
hard_a1.0,0,61,DenseResidential,1,1.0
hard_a1.0,0,62,DenseResidential,1,0.9999899864196777
hard_a1.0,0,63,DenseResidential,1,0.9941200017929077
hard_a1.0,0,64,DenseResidential,1,0.9990900158882141
hard_a1.0,0,65,DenseResidential,1,0.976419985294342
hard_a1.0,0,66,DenseResidential,1,0.9901000261306763
hard_a1.0,0,67,DenseResidential,1,0.09412000328302383
hard_a1.0,0,68,DenseResidential,1,0.10801000148057938
hard_a1.0,0,69,DenseResidential,1,0.2691600024700165
hard_a1.0,0,70,DenseResidential,1,0.9999899864196777
hard_a1.0,0,71,DenseResidential,1,0.20997999608516693
hard_a1.0,0,72,DenseResidential,1,0.2980000078678131
hard_a1.0,0,73,DenseResidential,1,0.9998300075531006
hard_a1.0,0,74,DenseResidential,1,1.0
hard_a1.0,0,75,DenseResidential,1,0.8301100134849548
hard_a1.0,0,76,DenseResidential,1,0.580269992351532
hard_a1.0,0,77,DenseResidential,1,0.784820020198822
hard_a1.0,0,78,DenseResidential,1,0.383109986782074
hard_a1.0,0,79,DenseResidential,1,1.0
hard_a1.0,0,80,DenseResidential,1,1.0
hard_a1.0,0,81,DenseResidential,1,0.9999799728393555
hard_a1.0,0,82,DenseResidential,1,0.9999799728393555
hard_a1.0,0,83,DenseResidential,1,0.999530017375946
hard_a1.0,0,84,DenseResidential,1,0.9999899864196777
hard_a1.0,0,85,DenseResidential,1,0.9998300075531006
hard_a1.0,0,86,DenseResidential,1,0.9770399928092957
hard_a1.0,0,87,DenseResidential,1,1.0
hard_a1.0,0,88,DenseResidential,1,1.0
hard_a1.0,0,89,DenseResidential,1,1.0
hard_a1.0,0,90,MediumResidential,1,0.3801099956035614
hard_a1.0,0,91,MediumResidential,1,0.9927899837493896
hard_a1.0,0,92,MediumResidential,1,0.994700014591217
hard_a1.0,0,93,MediumResidential,1,0.9999799728393555
hard_a1.0,0,94,MediumResidential,1,0.9920700192451477
hard_a1.0,0,95,MediumResidential,1,0.0011099999537691474
hard_a1.0,0,96,MediumResidential,1,0.5201299786567688
hard_a1.0,0,97,MediumResidential,1,0.8172799944877625
hard_a1.0,0,98,MediumResidential,1,0.7347999811172485
hard_a1.0,0,99,MediumResidential,1,0.4058299958705902
hard_a1.0,0,100,MediumResidential,1,0.3947100043296814
hard_a1.0,0,101,MediumResidential,1,0.2989499866962433
hard_a1.0,0,102,MediumResidential,1,0.9999600052833557
hard_a1.0,0,103,MediumResidential,1,0.010209999978542328
hard_a1.0,0,104,MediumResidential,1,0.12901000678539276
hard_a1.0,0,105,MediumResidential,1,0.04814000055193901
hard_a1.0,0,106,MediumResidential,1,0.7311099767684937
hard_a1.0,0,107,MediumResidential,1,0.8644199967384338
hard_a1.0,0,108,MediumResidential,1,0.9284399747848511
hard_a1.0,0,109,MediumResidential,1,0.7377700209617615
hard_a1.0,0,110,MediumResidential,1,0.8811299800872803
hard_a1.0,0,111,MediumResidential,1,0.8583199977874756
hard_a1.0,0,112,MediumResidential,1,0.40474000573158264
hard_a1.0,0,113,MediumResidential,1,0.9460999965667725
hard_a1.0,0,114,MediumResidential,1,0.0002500000118743628
hard_a1.0,0,115,MediumResidential,1,0.8822600245475769
hard_a1.0,0,116,MediumResidential,1,0.45023998618125916
hard_a1.0,0,117,MediumResidential,1,0.8057600259780884
hard_a1.0,0,118,MediumResidential,1,0.2008499950170517
hard_a1.0,0,119,MediumResidential,1,0.10328000038862228
hard_a1.0,1,0,Forest,0,0.00018000000272877514
hard_a1.0,1,1,Forest,0,0.2138800024986267
hard_a1.0,1,2,Forest,0,2.9999999242136255e-05
hard_a1.0,1,3,Forest,0,0.9212899804115295
hard_a1.0,1,4,Forest,0,7.000000186963007e-05
hard_a1.0,1,5,Forest,0,0.8156200051307678
hard_a1.0,1,6,Forest,0,1.9999999494757503e-05
hard_a1.0,1,7,Forest,0,4.999999873689376e-05
hard_a1.0,1,8,Forest,0,0.67603999376297
hard_a1.0,1,9,Forest,0,0.8742499947547913
hard_a1.0,1,10,Forest,0,0.891700029373169
hard_a1.0,1,11,Forest,0,0.002319999970495701
hard_a1.0,1,12,Forest,0,0.5383399724960327
hard_a1.0,1,13,Forest,0,0.9999200105667114
hard_a1.0,1,14,Forest,0,0.9999499917030334
hard_a1.0,1,15,Forest,0,0.0001900000061141327
hard_a1.0,1,16,Forest,0,0.003909999970346689
hard_a1.0,1,17,Forest,0,0.37672001123428345
hard_a1.0,1,18,Forest,0,0.9256899952888489
hard_a1.0,1,19,Forest,0,4.999999873689376e-05
hard_a1.0,1,20,Forest,0,1.0
hard_a1.0,1,21,Forest,0,1.0
hard_a1.0,1,22,Forest,0,5.999999848427251e-05
hard_a1.0,1,23,Forest,0,0.9860600233078003
hard_a1.0,1,24,Forest,0,1.0
hard_a1.0,1,25,Forest,0,0.2513999938964844
hard_a1.0,1,26,Forest,0,0.8873800039291382
hard_a1.0,1,27,Forest,0,0.04529000073671341
hard_a1.0,1,28,Forest,0,0.9990000128746033
hard_a1.0,1,29,Forest,0,0.999970018863678
hard_a1.0,1,30,Forest,0,0.9977700114250183
hard_a1.0,1,31,Forest,0,0.99822998046875
hard_a1.0,1,32,Forest,0,1.0
hard_a1.0,1,33,Forest,0,0.0012499999720603228
hard_a1.0,1,34,Forest,0,0.03460000082850456
hard_a1.0,1,35,Forest,0,0.00033000000985339284
hard_a1.0,1,36,Forest,0,0.9999799728393555
hard_a1.0,1,37,Forest,0,0.9385899901390076
hard_a1.0,1,38,Forest,0,0.5677899718284607
hard_a1.0,1,39,Forest,0,0.9999200105667114
hard_a1.0,1,40,Forest,0,0.9994300007820129
hard_a1.0,1,41,Forest,0,1.0
hard_a1.0,1,42,Forest,0,0.8105800151824951
hard_a1.0,1,43,Forest,0,0.9993600249290466
hard_a1.0,1,44,Forest,0,0.008840000256896019
hard_a1.0,1,45,Forest,0,0.9911199808120728
hard_a1.0,1,46,Forest,0,0.0017999999690800905
hard_a1.0,1,47,Forest,0,0.579259991645813
hard_a1.0,1,48,Forest,0,1.0
hard_a1.0,1,49,Forest,0,1.0
hard_a1.0,1,50,Forest,0,0.10664000362157822
hard_a1.0,1,51,Forest,0,0.9944000244140625
hard_a1.0,1,52,Forest,0,0.9778100252151489
hard_a1.0,1,53,Forest,0,0.8749799728393555
hard_a1.0,1,54,Forest,0,9.999999747378752e-06
hard_a1.0,1,55,Forest,0,0.09330999851226807
hard_a1.0,1,56,Forest,0,0.0003100000030826777
hard_a1.0,1,57,Forest,0,0.002400000113993883
hard_a1.0,1,58,Forest,0,0.001339999958872795
hard_a1.0,1,59,Forest,0,0.15306000411510468
hard_a1.0,1,60,DenseResidential,1,0.9999799728393555
hard_a1.0,1,61,DenseResidential,1,1.0
hard_a1.0,1,62,DenseResidential,1,1.0
hard_a1.0,1,63,DenseResidential,1,1.0
hard_a1.0,1,64,DenseResidential,1,1.0
hard_a1.0,1,65,DenseResidential,1,1.0
hard_a1.0,1,66,DenseResidential,1,1.0
hard_a1.0,1,67,DenseResidential,1,0.9999799728393555
hard_a1.0,1,68,DenseResidential,1,0.9998499751091003
hard_a1.0,1,69,DenseResidential,1,0.9999600052833557
hard_a1.0,1,70,DenseResidential,1,1.0
hard_a1.0,1,71,DenseResidential,1,0.9999600052833557
hard_a1.0,1,72,DenseResidential,1,1.0
hard_a1.0,1,73,DenseResidential,1,1.0
hard_a1.0,1,74,DenseResidential,1,1.0
hard_a1.0,1,75,DenseResidential,1,0.9999200105667114
hard_a1.0,1,76,DenseResidential,1,0.9995200037956238
hard_a1.0,1,77,DenseResidential,1,0.9999899864196777
hard_a1.0,1,78,DenseResidential,1,0.9998400211334229
hard_a1.0,1,79,DenseResidential,1,1.0
hard_a1.0,1,80,DenseResidential,1,1.0
hard_a1.0,1,81,DenseResidential,1,1.0
hard_a1.0,1,82,DenseResidential,1,1.0
hard_a1.0,1,83,DenseResidential,1,1.0
hard_a1.0,1,84,DenseResidential,1,1.0
hard_a1.0,1,85,DenseResidential,1,1.0
hard_a1.0,1,86,DenseResidential,1,1.0
hard_a1.0,1,87,DenseResidential,1,1.0
hard_a1.0,1,88,DenseResidential,1,1.0
hard_a1.0,1,89,DenseResidential,1,1.0
hard_a1.0,1,90,MediumResidential,1,0.9999200105667114
hard_a1.0,1,91,MediumResidential,1,1.0
hard_a1.0,1,92,MediumResidential,1,1.0
hard_a1.0,1,93,MediumResidential,1,1.0
hard_a1.0,1,94,MediumResidential,1,0.9998900294303894
hard_a1.0,1,95,MediumResidential,1,0.003700000001117587
hard_a1.0,1,96,MediumResidential,1,0.268559992313385
hard_a1.0,1,97,MediumResidential,1,0.8821200132369995
hard_a1.0,1,98,MediumResidential,1,0.509660005569458
hard_a1.0,1,99,MediumResidential,1,0.16593000292778015
hard_a1.0,1,100,MediumResidential,1,0.18095999956130981
hard_a1.0,1,101,MediumResidential,1,0.9995999932289124
hard_a1.0,1,102,MediumResidential,1,0.9980300068855286
hard_a1.0,1,103,MediumResidential,1,0.013740000315010548
hard_a1.0,1,104,MediumResidential,1,0.1467200070619583
hard_a1.0,1,105,MediumResidential,1,0.06375999748706818
hard_a1.0,1,106,MediumResidential,1,0.9927099943161011
hard_a1.0,1,107,MediumResidential,1,0.9997599720954895
hard_a1.0,1,108,MediumResidential,1,0.9998499751091003
hard_a1.0,1,109,MediumResidential,1,0.9994400143623352
hard_a1.0,1,110,MediumResidential,1,0.9987499713897705
hard_a1.0,1,111,MediumResidential,1,0.9950000047683716
hard_a1.0,1,112,MediumResidential,1,0.9996899962425232
hard_a1.0,1,113,MediumResidential,1,0.9961900115013123
hard_a1.0,1,114,MediumResidential,1,0.42921000719070435
hard_a1.0,1,115,MediumResidential,1,0.9998000264167786
hard_a1.0,1,116,MediumResidential,1,0.9983299970626831
hard_a1.0,1,117,MediumResidential,1,0.999210000038147
hard_a1.0,1,118,MediumResidential,1,0.9880599975585938
hard_a1.0,1,119,MediumResidential,1,0.9912999868392944
hard_a1.0,2,0,Forest,0,0.0036299999337643385
hard_a1.0,2,1,Forest,0,0.7085800170898438
hard_a1.0,2,2,Forest,0,0.0009800000116229057
hard_a1.0,2,3,Forest,0,0.9855700135231018
hard_a1.0,2,4,Forest,0,0.0021899999119341373
hard_a1.0,2,5,Forest,0,0.987030029296875
hard_a1.0,2,6,Forest,0,0.0006500000017695129
hard_a1.0,2,7,Forest,0,0.0016499999910593033
hard_a1.0,2,8,Forest,0,0.8946099877357483
hard_a1.0,2,9,Forest,0,0.9010000228881836
hard_a1.0,2,10,Forest,0,0.9807000160217285
hard_a1.0,2,11,Forest,0,0.038600001484155655
hard_a1.0,2,12,Forest,0,0.952489972114563
hard_a1.0,2,13,Forest,0,0.9998499751091003
hard_a1.0,2,14,Forest,0,0.9995700120925903
hard_a1.0,2,15,Forest,0,0.0008399999933317304
hard_a1.0,2,16,Forest,0,0.012600000016391277
hard_a1.0,2,17,Forest,0,0.3153400123119354
hard_a1.0,2,18,Forest,0,0.25176000595092773
hard_a1.0,2,19,Forest,0,0.0016299999551847577
hard_a1.0,2,20,Forest,0,1.0
hard_a1.0,2,21,Forest,0,0.9998800158500671
hard_a1.0,2,22,Forest,0,0.0016899999463930726
hard_a1.0,2,23,Forest,0,0.960919976234436
hard_a1.0,2,24,Forest,0,0.9995700120925903
hard_a1.0,2,25,Forest,0,0.9271299839019775
hard_a1.0,2,26,Forest,0,0.9592800140380859
hard_a1.0,2,27,Forest,0,0.018470000475645065
hard_a1.0,2,28,Forest,0,0.8331300020217896
hard_a1.0,2,29,Forest,0,0.9995200037956238
hard_a1.0,2,30,Forest,0,0.9960200190544128
hard_a1.0,2,31,Forest,0,0.8825399875640869
hard_a1.0,2,32,Forest,0,0.9999799728393555
hard_a1.0,2,33,Forest,0,0.01769999973475933
hard_a1.0,2,34,Forest,0,0.11210999637842178
hard_a1.0,2,35,Forest,0,0.005890000145882368
hard_a1.0,2,36,Forest,0,0.9999899864196777
hard_a1.0,2,37,Forest,0,0.9404799938201904
hard_a1.0,2,38,Forest,0,0.9166399836540222
hard_a1.0,2,39,Forest,0,0.9991999864578247
hard_a1.0,2,40,Forest,0,0.7716699838638306
hard_a1.0,2,41,Forest,0,1.0
hard_a1.0,2,42,Forest,0,0.8588299751281738
hard_a1.0,2,43,Forest,0,0.9982900023460388
hard_a1.0,2,44,Forest,0,0.08004000037908554
hard_a1.0,2,45,Forest,0,0.9999399781227112
hard_a1.0,2,46,Forest,0,0.11123999953269958
hard_a1.0,2,47,Forest,0,0.9489700198173523
hard_a1.0,2,48,Forest,0,0.9981600046157837
hard_a1.0,2,49,Forest,0,0.9992799758911133
hard_a1.0,2,50,Forest,0,0.14277000725269318
hard_a1.0,2,51,Forest,0,0.9979599714279175
hard_a1.0,2,52,Forest,0,0.9856500029563904
hard_a1.0,2,53,Forest,0,0.9061400294303894
hard_a1.0,2,54,Forest,0,0.00016999999934341758
hard_a1.0,2,55,Forest,0,0.44793999195098877
hard_a1.0,2,56,Forest,0,0.004040000028908253
hard_a1.0,2,57,Forest,0,0.027060000225901604
hard_a1.0,2,58,Forest,0,0.01169000007212162
hard_a1.0,2,59,Forest,0,0.4668700098991394
hard_a1.0,2,60,DenseResidential,1,0.9981899857521057
hard_a1.0,2,61,DenseResidential,1,1.0
hard_a1.0,2,62,DenseResidential,1,1.0
hard_a1.0,2,63,DenseResidential,1,1.0
hard_a1.0,2,64,DenseResidential,1,1.0
hard_a1.0,2,65,DenseResidential,1,1.0
hard_a1.0,2,66,DenseResidential,1,1.0
hard_a1.0,2,67,DenseResidential,1,0.9894599914550781
hard_a1.0,2,68,DenseResidential,1,0.9873800277709961
hard_a1.0,2,69,DenseResidential,1,0.9940500259399414
hard_a1.0,2,70,DenseResidential,1,0.9999600052833557
hard_a1.0,2,71,DenseResidential,1,0.9963799715042114
hard_a1.0,2,72,DenseResidential,1,0.9963600039482117
hard_a1.0,2,73,DenseResidential,1,0.9998900294303894
hard_a1.0,2,74,DenseResidential,1,0.9999899864196777
hard_a1.0,2,75,DenseResidential,1,0.9971799850463867
hard_a1.0,2,76,DenseResidential,1,0.9944900274276733
hard_a1.0,2,77,DenseResidential,1,0.9983299970626831
hard_a1.0,2,78,DenseResidential,1,0.9921900033950806
hard_a1.0,2,79,DenseResidential,1,1.0
hard_a1.0,2,80,DenseResidential,1,1.0
hard_a1.0,2,81,DenseResidential,1,1.0
hard_a1.0,2,82,DenseResidential,1,1.0
hard_a1.0,2,83,DenseResidential,1,1.0
hard_a1.0,2,84,DenseResidential,1,1.0
hard_a1.0,2,85,DenseResidential,1,1.0
hard_a1.0,2,86,DenseResidential,1,0.9997299909591675
hard_a1.0,2,87,DenseResidential,1,1.0
hard_a1.0,2,88,DenseResidential,1,1.0
hard_a1.0,2,89,DenseResidential,1,1.0
hard_a1.0,2,90,MediumResidential,1,0.997219979763031
hard_a1.0,2,91,MediumResidential,1,0.9999899864196777
hard_a1.0,2,92,MediumResidential,1,0.9999399781227112
hard_a1.0,2,93,MediumResidential,1,0.9998999834060669
hard_a1.0,2,94,MediumResidential,1,0.9990100264549255
hard_a1.0,2,95,MediumResidential,1,0.04847000166773796
hard_a1.0,2,96,MediumResidential,1,0.8856199979782104
hard_a1.0,2,97,MediumResidential,1,0.988319993019104
hard_a1.0,2,98,MediumResidential,1,0.9789199829101562
hard_a1.0,2,99,MediumResidential,1,0.8226500153541565
hard_a1.0,2,100,MediumResidential,1,0.7743300199508667
hard_a1.0,2,101,MediumResidential,1,0.9938099980354309
hard_a1.0,2,102,MediumResidential,1,0.9880899786949158
hard_a1.0,2,103,MediumResidential,1,0.6044099926948547
hard_a1.0,2,104,MediumResidential,1,0.9045500159263611
hard_a1.0,2,105,MediumResidential,1,0.8233699798583984
hard_a1.0,2,106,MediumResidential,1,0.9859899878501892
hard_a1.0,2,107,MediumResidential,1,0.9951599836349487
hard_a1.0,2,108,MediumResidential,1,0.9977800250053406
hard_a1.0,2,109,MediumResidential,1,0.9943900108337402
hard_a1.0,2,110,MediumResidential,1,0.9955899715423584
hard_a1.0,2,111,MediumResidential,1,0.9927999973297119
hard_a1.0,2,112,MediumResidential,1,0.9943400025367737
hard_a1.0,2,113,MediumResidential,1,0.9940900206565857
hard_a1.0,2,114,MediumResidential,1,0.21303999423980713
hard_a1.0,2,115,MediumResidential,1,0.9936500191688538
hard_a1.0,2,116,MediumResidential,1,0.966729998588562
hard_a1.0,2,117,MediumResidential,1,0.9574000239372253
hard_a1.0,2,118,MediumResidential,1,0.9750699996948242
hard_a1.0,2,119,MediumResidential,1,0.9819200038909912
hard_a1.0,3,0,Forest,0,0.0
hard_a1.0,3,1,Forest,0,0.07565999776124954
hard_a1.0,3,2,Forest,0,0.0
hard_a1.0,3,3,Forest,0,0.12178999930620193
hard_a1.0,3,4,Forest,0,0.0
hard_a1.0,3,5,Forest,0,0.3122999966144562
hard_a1.0,3,6,Forest,0,0.0
hard_a1.0,3,7,Forest,0,0.0
hard_a1.0,3,8,Forest,0,0.05559000000357628
hard_a1.0,3,9,Forest,0,0.03170999884605408
hard_a1.0,3,10,Forest,0,0.5003799796104431
hard_a1.0,3,11,Forest,0,0.00011000000085914508
hard_a1.0,3,12,Forest,0,0.3303599953651428
hard_a1.0,3,13,Forest,0,0.9399499893188477
hard_a1.0,3,14,Forest,0,0.9859099984169006
hard_a1.0,3,15,Forest,0,0.0
hard_a1.0,3,16,Forest,0,9.999999747378752e-06
hard_a1.0,3,17,Forest,0,0.00016999999934341758
hard_a1.0,3,18,Forest,0,0.021409999579191208
hard_a1.0,3,19,Forest,0,0.0
hard_a1.0,3,20,Forest,0,0.9999799728393555
hard_a1.0,3,21,Forest,0,0.999809980392456
hard_a1.0,3,22,Forest,0,0.0
hard_a1.0,3,23,Forest,0,0.9368100166320801
hard_a1.0,3,24,Forest,0,0.9991099834442139
hard_a1.0,3,25,Forest,0,0.04747999832034111
hard_a1.0,3,26,Forest,0,0.028149999678134918
hard_a1.0,3,27,Forest,0,1.9999999494757503e-05
hard_a1.0,3,28,Forest,0,0.009970000013709068
hard_a1.0,3,29,Forest,0,0.996749997138977
hard_a1.0,3,30,Forest,0,0.991129994392395
hard_a1.0,3,31,Forest,0,0.9156799912452698
hard_a1.0,3,32,Forest,0,0.9999899864196777
hard_a1.0,3,33,Forest,0,0.00011999999696854502
hard_a1.0,3,34,Forest,0,0.00011000000085914508
hard_a1.0,3,35,Forest,0,9.999999747378752e-06
hard_a1.0,3,36,Forest,0,0.9111700057983398
hard_a1.0,3,37,Forest,0,0.9736300110816956
hard_a1.0,3,38,Forest,0,0.9014899730682373
hard_a1.0,3,39,Forest,0,0.9872900247573853
hard_a1.0,3,40,Forest,0,0.9998900294303894
hard_a1.0,3,41,Forest,0,0.9991000294685364
hard_a1.0,3,42,Forest,0,0.9578700065612793
hard_a1.0,3,43,Forest,0,0.9976500272750854
hard_a1.0,3,44,Forest,0,0.0002800000074785203
hard_a1.0,3,45,Forest,0,0.004220000002533197
hard_a1.0,3,46,Forest,0,0.00018000000272877514
hard_a1.0,3,47,Forest,0,0.05741000175476074
hard_a1.0,3,48,Forest,0,0.9999300241470337
hard_a1.0,3,49,Forest,0,0.9998800158500671
hard_a1.0,3,50,Forest,0,1.9999999494757503e-05
hard_a1.0,3,51,Forest,0,0.9793000221252441
hard_a1.0,3,52,Forest,0,0.0
hard_a1.0,3,53,Forest,0,0.9108800292015076
hard_a1.0,3,54,Forest,0,0.0
hard_a1.0,3,55,Forest,0,0.0003499999875202775
hard_a1.0,3,56,Forest,0,0.0
hard_a1.0,3,57,Forest,0,9.999999747378752e-05
hard_a1.0,3,58,Forest,0,0.0
hard_a1.0,3,59,Forest,0,0.004509999882429838
hard_a1.0,3,60,DenseResidential,1,0.0017000000225380063
hard_a1.0,3,61,DenseResidential,1,1.0
hard_a1.0,3,62,DenseResidential,1,0.9999799728393555
hard_a1.0,3,63,DenseResidential,1,0.8005200028419495
hard_a1.0,3,64,DenseResidential,1,0.9605299830436707
hard_a1.0,3,65,DenseResidential,1,0.4570299983024597
hard_a1.0,3,66,DenseResidential,1,0.7996399998664856
hard_a1.0,3,67,DenseResidential,1,0.0027099999133497477
hard_a1.0,3,68,DenseResidential,1,0.01759999990463257
hard_a1.0,3,69,DenseResidential,1,0.06369999796152115
hard_a1.0,3,70,DenseResidential,1,0.9999899864196777
hard_a1.0,3,71,DenseResidential,1,0.0036100000143051147
hard_a1.0,3,72,DenseResidential,1,0.02273000031709671
hard_a1.0,3,73,DenseResidential,1,0.999750018119812
hard_a1.0,3,74,DenseResidential,1,1.0
hard_a1.0,3,75,DenseResidential,1,0.42574000358581543
hard_a1.0,3,76,DenseResidential,1,0.3321300148963928
hard_a1.0,3,77,DenseResidential,1,0.4706999957561493
hard_a1.0,3,78,DenseResidential,1,0.07090000063180923
hard_a1.0,3,79,DenseResidential,1,1.0
hard_a1.0,3,80,DenseResidential,1,1.0
hard_a1.0,3,81,DenseResidential,1,0.999970018863678
hard_a1.0,3,82,DenseResidential,1,0.9998400211334229
hard_a1.0,3,83,DenseResidential,1,0.9929800033569336
hard_a1.0,3,84,DenseResidential,1,0.9999399781227112
hard_a1.0,3,85,DenseResidential,1,0.9993199706077576
hard_a1.0,3,86,DenseResidential,1,0.7859699726104736
hard_a1.0,3,87,DenseResidential,1,1.0
hard_a1.0,3,88,DenseResidential,1,1.0
hard_a1.0,3,89,DenseResidential,1,1.0
hard_a1.0,3,90,MediumResidential,1,0.10453999787569046
hard_a1.0,3,91,MediumResidential,1,0.8334699869155884
hard_a1.0,3,92,MediumResidential,1,0.6190900206565857
hard_a1.0,3,93,MediumResidential,1,1.0
hard_a1.0,3,94,MediumResidential,1,0.9983100295066833
hard_a1.0,3,95,MediumResidential,1,0.00044999999227002263
hard_a1.0,3,96,MediumResidential,1,0.8907600045204163
hard_a1.0,3,97,MediumResidential,1,0.9530500173568726
hard_a1.0,3,98,MediumResidential,1,0.8889399766921997
hard_a1.0,3,99,MediumResidential,1,0.5448700189590454
hard_a1.0,3,100,MediumResidential,1,0.9273999929428101
hard_a1.0,3,101,MediumResidential,1,0.03531999886035919
hard_a1.0,3,102,MediumResidential,1,0.9999899864196777
hard_a1.0,3,103,MediumResidential,1,0.33601999282836914
hard_a1.0,3,104,MediumResidential,1,0.7960100173950195
hard_a1.0,3,105,MediumResidential,1,0.7115100026130676
hard_a1.0,3,106,MediumResidential,1,0.39932000637054443
hard_a1.0,3,107,MediumResidential,1,0.7210800051689148
hard_a1.0,3,108,MediumResidential,1,0.9232800006866455
hard_a1.0,3,109,MediumResidential,1,0.7096199989318848
hard_a1.0,3,110,MediumResidential,1,0.9314600229263306
hard_a1.0,3,111,MediumResidential,1,0.9429100155830383
hard_a1.0,3,112,MediumResidential,1,0.06622999906539917
hard_a1.0,3,113,MediumResidential,1,0.9824699759483337
hard_a1.0,3,114,MediumResidential,1,0.0
hard_a1.0,3,115,MediumResidential,1,0.3934299945831299
hard_a1.0,3,116,MediumResidential,1,0.03150000050663948
hard_a1.0,3,117,MediumResidential,1,0.17191000282764435
hard_a1.0,3,118,MediumResidential,1,0.016690000891685486
hard_a1.0,3,119,MediumResidential,1,0.011970000341534615
hard_a1.0,4,0,Forest,0,9.000000136438757e-05
hard_a1.0,4,1,Forest,0,0.0756400004029274
hard_a1.0,4,2,Forest,0,1.9999999494757503e-05
hard_a1.0,4,3,Forest,0,0.8343700170516968
hard_a1.0,4,4,Forest,0,1.9999999494757503e-05
hard_a1.0,4,5,Forest,0,0.740880012512207
hard_a1.0,4,6,Forest,0,9.999999747378752e-06
hard_a1.0,4,7,Forest,0,1.9999999494757503e-05
hard_a1.0,4,8,Forest,0,0.8145599961280823
hard_a1.0,4,9,Forest,0,0.9268500208854675
hard_a1.0,4,10,Forest,0,0.9274600148200989
hard_a1.0,4,11,Forest,0,0.0007600000244565308
hard_a1.0,4,12,Forest,0,0.4301599860191345
hard_a1.0,4,13,Forest,0,0.9968600273132324
hard_a1.0,4,14,Forest,0,0.9994500279426575
hard_a1.0,4,15,Forest,0,9.000000136438757e-05
hard_a1.0,4,16,Forest,0,0.0009800000116229057
hard_a1.0,4,17,Forest,0,0.050269998610019684
hard_a1.0,4,18,Forest,0,0.9236400127410889
hard_a1.0,4,19,Forest,0,1.9999999494757503e-05
hard_a1.0,4,20,Forest,0,1.0
hard_a1.0,4,21,Forest,0,0.9999600052833557
hard_a1.0,4,22,Forest,0,2.9999999242136255e-05
hard_a1.0,4,23,Forest,0,0.9808899760246277
hard_a1.0,4,24,Forest,0,0.9999899864196777
hard_a1.0,4,25,Forest,0,0.9205800294876099
hard_a1.0,4,26,Forest,0,0.5189800262451172
hard_a1.0,4,27,Forest,0,0.006479999981820583
hard_a1.0,4,28,Forest,0,0.9813299775123596
hard_a1.0,4,29,Forest,0,0.9998599886894226
hard_a1.0,4,30,Forest,0,0.9986500144004822
hard_a1.0,4,31,Forest,0,0.9968900084495544
hard_a1.0,4,32,Forest,0,1.0
hard_a1.0,4,33,Forest,0,0.0006099999882280827
hard_a1.0,4,34,Forest,0,0.0049600000493228436
hard_a1.0,4,35,Forest,0,0.00014000000373926014
hard_a1.0,4,36,Forest,0,0.9992200136184692
hard_a1.0,4,37,Forest,0,0.9637799859046936
hard_a1.0,4,38,Forest,0,0.885420024394989
hard_a1.0,4,39,Forest,0,0.999750018119812
hard_a1.0,4,40,Forest,0,0.9996799826622009
hard_a1.0,4,41,Forest,0,0.9999899864196777
hard_a1.0,4,42,Forest,0,0.9058300256729126
hard_a1.0,4,43,Forest,0,0.999459981918335
hard_a1.0,4,44,Forest,0,0.0027799999807029963
hard_a1.0,4,45,Forest,0,0.8649299740791321
hard_a1.0,4,46,Forest,0,0.0012499999720603228
hard_a1.0,4,47,Forest,0,0.5092599987983704
hard_a1.0,4,48,Forest,0,1.0
hard_a1.0,4,49,Forest,0,1.0
hard_a1.0,4,50,Forest,0,0.009639999829232693
hard_a1.0,4,51,Forest,0,0.9980900287628174
hard_a1.0,4,52,Forest,0,0.17284999787807465
hard_a1.0,4,53,Forest,0,0.8809000253677368
hard_a1.0,4,54,Forest,0,9.999999747378752e-06
hard_a1.0,4,55,Forest,0,0.021449999883770943
hard_a1.0,4,56,Forest,0,9.999999747378752e-05
hard_a1.0,4,57,Forest,0,0.00139999995008111
hard_a1.0,4,58,Forest,0,0.0003100000030826777
hard_a1.0,4,59,Forest,0,0.05854000151157379
hard_a1.0,4,60,DenseResidential,1,0.969219982624054
hard_a1.0,4,61,DenseResidential,1,1.0
hard_a1.0,4,62,DenseResidential,1,1.0
hard_a1.0,4,63,DenseResidential,1,0.9999899864196777
hard_a1.0,4,64,DenseResidential,1,1.0
hard_a1.0,4,65,DenseResidential,1,0.9999099969863892
hard_a1.0,4,66,DenseResidential,1,0.9999899864196777
hard_a1.0,4,67,DenseResidential,1,0.9952300190925598
hard_a1.0,4,68,DenseResidential,1,0.9868999719619751
hard_a1.0,4,69,DenseResidential,1,0.9918299913406372
hard_a1.0,4,70,DenseResidential,1,1.0
hard_a1.0,4,71,DenseResidential,1,0.9565799832344055
hard_a1.0,4,72,DenseResidential,1,0.9986600279808044
hard_a1.0,4,73,DenseResidential,1,1.0
hard_a1.0,4,74,DenseResidential,1,1.0
hard_a1.0,4,75,DenseResidential,1,0.9991300106048584
hard_a1.0,4,76,DenseResidential,1,0.9989699721336365
hard_a1.0,4,77,DenseResidential,1,0.9990299940109253
hard_a1.0,4,78,DenseResidential,1,0.9970300197601318
hard_a1.0,4,79,DenseResidential,1,1.0
hard_a1.0,4,80,DenseResidential,1,1.0
hard_a1.0,4,81,DenseResidential,1,1.0
hard_a1.0,4,82,DenseResidential,1,1.0
hard_a1.0,4,83,DenseResidential,1,1.0
hard_a1.0,4,84,DenseResidential,1,1.0
hard_a1.0,4,85,DenseResidential,1,1.0
hard_a1.0,4,86,DenseResidential,1,0.999809980392456
hard_a1.0,4,87,DenseResidential,1,1.0
hard_a1.0,4,88,DenseResidential,1,1.0
hard_a1.0,4,89,DenseResidential,1,1.0
hard_a1.0,4,90,MediumResidential,1,0.9773499965667725
hard_a1.0,4,91,MediumResidential,1,0.998740017414093
hard_a1.0,4,92,MediumResidential,1,0.9978200197219849
hard_a1.0,4,93,MediumResidential,1,0.9999899864196777
hard_a1.0,4,94,MediumResidential,1,0.9999499917030334
hard_a1.0,4,95,MediumResidential,1,0.0017099999822676182
hard_a1.0,4,96,MediumResidential,1,0.604170024394989
hard_a1.0,4,97,MediumResidential,1,0.9077500104904175
hard_a1.0,4,98,MediumResidential,1,0.6880900263786316
hard_a1.0,4,99,MediumResidential,1,0.24637000262737274
hard_a1.0,4,100,MediumResidential,1,0.12453000247478485
hard_a1.0,4,101,MediumResidential,1,0.9570299983024597
hard_a1.0,4,102,MediumResidential,1,0.9990000128746033
hard_a1.0,4,103,MediumResidential,1,0.011859999969601631
hard_a1.0,4,104,MediumResidential,1,0.5966299772262573
hard_a1.0,4,105,MediumResidential,1,0.1315000057220459
hard_a1.0,4,106,MediumResidential,1,0.9729700088500977
hard_a1.0,4,107,MediumResidential,1,0.9975500106811523
hard_a1.0,4,108,MediumResidential,1,0.9982799887657166
hard_a1.0,4,109,MediumResidential,1,0.9961100220680237
hard_a1.0,4,110,MediumResidential,1,0.997759997844696
hard_a1.0,4,111,MediumResidential,1,0.9963499903678894
hard_a1.0,4,112,MediumResidential,1,0.9869599938392639
hard_a1.0,4,113,MediumResidential,1,0.9983699917793274
hard_a1.0,4,114,MediumResidential,1,0.017710000276565552
hard_a1.0,4,115,MediumResidential,1,0.9969800114631653
hard_a1.0,4,116,MediumResidential,1,0.978410005569458
hard_a1.0,4,117,MediumResidential,1,0.9938700199127197
hard_a1.0,4,118,MediumResidential,1,0.6057900190353394
hard_a1.0,4,119,MediumResidential,1,0.7289199829101562
hard_a1.0,5,0,Forest,0,0.0
hard_a1.0,5,1,Forest,0,0.0017800000496208668
hard_a1.0,5,2,Forest,0,0.0
hard_a1.0,5,3,Forest,0,0.010990000329911709
hard_a1.0,5,4,Forest,0,0.0
hard_a1.0,5,5,Forest,0,0.014720000326633453
hard_a1.0,5,6,Forest,0,0.0
hard_a1.0,5,7,Forest,0,0.0
hard_a1.0,5,8,Forest,0,0.03680000081658363
hard_a1.0,5,9,Forest,0,0.09083999693393707
hard_a1.0,5,10,Forest,0,0.22324000298976898
hard_a1.0,5,11,Forest,0,1.9999999494757503e-05
hard_a1.0,5,12,Forest,0,0.007439999841153622
hard_a1.0,5,13,Forest,0,0.8740299940109253
hard_a1.0,5,14,Forest,0,0.9518700242042542
hard_a1.0,5,15,Forest,0,0.0
hard_a1.0,5,16,Forest,0,0.0
hard_a1.0,5,17,Forest,0,0.00016999999934341758
hard_a1.0,5,18,Forest,0,0.5406399965286255
hard_a1.0,5,19,Forest,0,0.0
hard_a1.0,5,20,Forest,0,1.0
hard_a1.0,5,21,Forest,0,1.0
hard_a1.0,5,22,Forest,0,0.0
hard_a1.0,5,23,Forest,0,0.8644000291824341
hard_a1.0,5,24,Forest,0,0.9999099969863892
hard_a1.0,5,25,Forest,0,0.01083999965339899
hard_a1.0,5,26,Forest,0,0.0030499999411404133
hard_a1.0,5,27,Forest,0,3.9999998989515007e-05
hard_a1.0,5,28,Forest,0,0.12424000352621078
hard_a1.0,5,29,Forest,0,0.9998199939727783
hard_a1.0,5,30,Forest,0,0.9927999973297119
hard_a1.0,5,31,Forest,0,0.9990299940109253
hard_a1.0,5,32,Forest,0,1.0
hard_a1.0,5,33,Forest,0,9.999999747378752e-06
hard_a1.0,5,34,Forest,0,9.999999747378752e-06
hard_a1.0,5,35,Forest,0,0.0
hard_a1.0,5,36,Forest,0,0.9947199821472168
hard_a1.0,5,37,Forest,0,0.43226000666618347
hard_a1.0,5,38,Forest,0,0.11845999956130981
hard_a1.0,5,39,Forest,0,0.9985299706459045
hard_a1.0,5,40,Forest,0,0.9997100234031677
hard_a1.0,5,41,Forest,0,0.9999799728393555
hard_a1.0,5,42,Forest,0,0.2349099963903427
hard_a1.0,5,43,Forest,0,0.9952399730682373
hard_a1.0,5,44,Forest,0,4.999999873689376e-05
hard_a1.0,5,45,Forest,0,0.2140599936246872
hard_a1.0,5,46,Forest,0,3.9999998989515007e-05
hard_a1.0,5,47,Forest,0,0.0047599999234080315
hard_a1.0,5,48,Forest,0,0.9999799728393555
hard_a1.0,5,49,Forest,0,0.9999899864196777
hard_a1.0,5,50,Forest,0,2.9999999242136255e-05
hard_a1.0,5,51,Forest,0,0.9538499712944031
hard_a1.0,5,52,Forest,0,0.0010999999940395355
hard_a1.0,5,53,Forest,0,0.3652400076389313
hard_a1.0,5,54,Forest,0,0.0
hard_a1.0,5,55,Forest,0,5.999999848427251e-05
hard_a1.0,5,56,Forest,0,0.0
hard_a1.0,5,57,Forest,0,1.9999999494757503e-05
hard_a1.0,5,58,Forest,0,0.0
hard_a1.0,5,59,Forest,0,0.0002800000074785203
hard_a1.0,5,60,DenseResidential,1,0.05510000139474869
hard_a1.0,5,61,DenseResidential,1,1.0
hard_a1.0,5,62,DenseResidential,1,1.0
hard_a1.0,5,63,DenseResidential,1,0.9991099834442139
hard_a1.0,5,64,DenseResidential,1,0.9999499917030334
hard_a1.0,5,65,DenseResidential,1,0.9966199994087219
hard_a1.0,5,66,DenseResidential,1,0.9996500015258789
hard_a1.0,5,67,DenseResidential,1,0.07935000211000443
hard_a1.0,5,68,DenseResidential,1,0.06717000156641006
hard_a1.0,5,69,DenseResidential,1,0.157710000872612
hard_a1.0,5,70,DenseResidential,1,1.0
hard_a1.0,5,71,DenseResidential,1,0.056620001792907715
hard_a1.0,5,72,DenseResidential,1,0.3976599872112274
hard_a1.0,5,73,DenseResidential,1,1.0
hard_a1.0,5,74,DenseResidential,1,1.0
hard_a1.0,5,75,DenseResidential,1,0.8215699791908264
hard_a1.0,5,76,DenseResidential,1,0.6978600025177002
hard_a1.0,5,77,DenseResidential,1,0.7832099795341492
hard_a1.0,5,78,DenseResidential,1,0.4159800112247467
hard_a1.0,5,79,DenseResidential,1,1.0
hard_a1.0,5,80,DenseResidential,1,1.0
hard_a1.0,5,81,DenseResidential,1,0.9999899864196777
hard_a1.0,5,82,DenseResidential,1,1.0
hard_a1.0,5,83,DenseResidential,1,0.9999200105667114
hard_a1.0,5,84,DenseResidential,1,1.0
hard_a1.0,5,85,DenseResidential,1,0.999970018863678
hard_a1.0,5,86,DenseResidential,1,0.9549999833106995
hard_a1.0,5,87,DenseResidential,1,1.0
hard_a1.0,5,88,DenseResidential,1,1.0
hard_a1.0,5,89,DenseResidential,1,1.0
hard_a1.0,5,90,MediumResidential,1,0.1175599992275238
hard_a1.0,5,91,MediumResidential,1,0.9865700006484985
hard_a1.0,5,92,MediumResidential,1,0.9738799929618835
hard_a1.0,5,93,MediumResidential,1,1.0
hard_a1.0,5,94,MediumResidential,1,0.9996700286865234
hard_a1.0,5,95,MediumResidential,1,9.999999747378752e-06
hard_a1.0,5,96,MediumResidential,1,0.03426000103354454
hard_a1.0,5,97,MediumResidential,1,0.1662600040435791
hard_a1.0,5,98,MediumResidential,1,0.031980000436306
hard_a1.0,5,99,MediumResidential,1,0.00535999983549118
hard_a1.0,5,100,MediumResidential,1,0.08585000038146973
hard_a1.0,5,101,MediumResidential,1,0.06102000176906586
hard_a1.0,5,102,MediumResidential,1,0.9998999834060669
hard_a1.0,5,103,MediumResidential,1,0.0008699999889358878
hard_a1.0,5,104,MediumResidential,1,0.028829999268054962
hard_a1.0,5,105,MediumResidential,1,0.006969999987632036
hard_a1.0,5,106,MediumResidential,1,0.14058999717235565
hard_a1.0,5,107,MediumResidential,1,0.540440022945404
hard_a1.0,5,108,MediumResidential,1,0.7571300268173218
hard_a1.0,5,109,MediumResidential,1,0.3708899915218353
hard_a1.0,5,110,MediumResidential,1,0.5869699716567993
hard_a1.0,5,111,MediumResidential,1,0.4461899995803833
hard_a1.0,5,112,MediumResidential,1,0.08669999986886978
hard_a1.0,5,113,MediumResidential,1,0.7405800223350525
hard_a1.0,5,114,MediumResidential,1,1.9999999494757503e-05
hard_a1.0,5,115,MediumResidential,1,0.8060700297355652
hard_a1.0,5,116,MediumResidential,1,0.15824000537395477
hard_a1.0,5,117,MediumResidential,1,0.21536999940872192
hard_a1.0,5,118,MediumResidential,1,0.0071000000461936
hard_a1.0,5,119,MediumResidential,1,0.017510000616312027
hard_a1.0,6,0,Forest,0,0.03612999990582466
hard_a1.0,6,1,Forest,0,0.9490000009536743
hard_a1.0,6,2,Forest,0,0.010359999723732471
hard_a1.0,6,3,Forest,0,0.8349699974060059
hard_a1.0,6,4,Forest,0,0.008949999697506428
hard_a1.0,6,5,Forest,0,0.9121699929237366
hard_a1.0,6,6,Forest,0,0.0037899999879300594
hard_a1.0,6,7,Forest,0,0.01169000007212162
hard_a1.0,6,8,Forest,0,0.48120999336242676
hard_a1.0,6,9,Forest,0,0.5517200231552124
hard_a1.0,6,10,Forest,0,0.9293000102043152
hard_a1.0,6,11,Forest,0,0.3843199908733368
hard_a1.0,6,12,Forest,0,0.8323400020599365
hard_a1.0,6,13,Forest,0,0.9967799782752991
hard_a1.0,6,14,Forest,0,0.996999979019165
hard_a1.0,6,15,Forest,0,0.003269999986514449
hard_a1.0,6,16,Forest,0,0.022770000621676445
hard_a1.0,6,17,Forest,0,0.060589998960494995
hard_a1.0,6,18,Forest,0,0.05892999842762947
hard_a1.0,6,19,Forest,0,0.027960000559687614
hard_a1.0,6,20,Forest,0,0.9999899864196777
hard_a1.0,6,21,Forest,0,0.9999399781227112
hard_a1.0,6,22,Forest,0,0.012570000253617764
hard_a1.0,6,23,Forest,0,0.7474899888038635
hard_a1.0,6,24,Forest,0,0.9979299902915955
hard_a1.0,6,25,Forest,0,0.6467599868774414
hard_a1.0,6,26,Forest,0,0.6557300090789795
hard_a1.0,6,27,Forest,0,0.0012100000167265534
hard_a1.0,6,28,Forest,0,0.05229000002145767
hard_a1.0,6,29,Forest,0,0.9976900219917297
hard_a1.0,6,30,Forest,0,0.9818599820137024
hard_a1.0,6,31,Forest,0,0.8313800096511841
hard_a1.0,6,32,Forest,0,0.9999799728393555
hard_a1.0,6,33,Forest,0,0.2546499967575073
hard_a1.0,6,34,Forest,0,0.23481999337673187
hard_a1.0,6,35,Forest,0,0.04799000173807144
hard_a1.0,6,36,Forest,0,0.9999899864196777
hard_a1.0,6,37,Forest,0,0.971310019493103
hard_a1.0,6,38,Forest,0,0.9960299730300903
hard_a1.0,6,39,Forest,0,0.9997100234031677
hard_a1.0,6,40,Forest,0,0.997219979763031
hard_a1.0,6,41,Forest,0,0.9999899864196777
hard_a1.0,6,42,Forest,0,0.9750800132751465
hard_a1.0,6,43,Forest,0,0.999809980392456
hard_a1.0,6,44,Forest,0,0.36761999130249023
hard_a1.0,6,45,Forest,0,0.9998900294303894
hard_a1.0,6,46,Forest,0,0.5970900058746338
hard_a1.0,6,47,Forest,0,0.8019999861717224
hard_a1.0,6,48,Forest,0,0.9992600083351135
hard_a1.0,6,49,Forest,0,0.9991300106048584
hard_a1.0,6,50,Forest,0,0.02401999942958355
hard_a1.0,6,51,Forest,0,0.9820899963378906
hard_a1.0,6,52,Forest,0,0.06762000173330307
hard_a1.0,6,53,Forest,0,0.9777399897575378
hard_a1.0,6,54,Forest,0,0.0006300000241026282
hard_a1.0,6,55,Forest,0,0.2722499966621399
hard_a1.0,6,56,Forest,0,0.01348000019788742
hard_a1.0,6,57,Forest,0,0.3287700116634369
hard_a1.0,6,58,Forest,0,0.04010000079870224
hard_a1.0,6,59,Forest,0,0.5297300219535828
hard_a1.0,6,60,DenseResidential,1,0.71697998046875
hard_a1.0,6,61,DenseResidential,1,1.0
hard_a1.0,6,62,DenseResidential,1,1.0
hard_a1.0,6,63,DenseResidential,1,0.9976400136947632
hard_a1.0,6,64,DenseResidential,1,0.9994900226593018
hard_a1.0,6,65,DenseResidential,1,0.9916200041770935
hard_a1.0,6,66,DenseResidential,1,0.994159996509552
hard_a1.0,6,67,DenseResidential,1,0.33125999569892883
hard_a1.0,6,68,DenseResidential,1,0.5121200084686279
hard_a1.0,6,69,DenseResidential,1,0.7575200200080872
hard_a1.0,6,70,DenseResidential,1,0.999970018863678
hard_a1.0,6,71,DenseResidential,1,0.8418400287628174
hard_a1.0,6,72,DenseResidential,1,0.6084399819374084
hard_a1.0,6,73,DenseResidential,1,0.9999399781227112
hard_a1.0,6,74,DenseResidential,1,1.0
hard_a1.0,6,75,DenseResidential,1,0.9437599778175354
hard_a1.0,6,76,DenseResidential,1,0.8765100240707397
hard_a1.0,6,77,DenseResidential,1,0.9446200132369995
hard_a1.0,6,78,DenseResidential,1,0.7799699902534485
hard_a1.0,6,79,DenseResidential,1,1.0
hard_a1.0,6,80,DenseResidential,1,1.0
hard_a1.0,6,81,DenseResidential,1,0.9999899864196777
hard_a1.0,6,82,DenseResidential,1,0.9999899864196777
hard_a1.0,6,83,DenseResidential,1,0.9997299909591675
hard_a1.0,6,84,DenseResidential,1,1.0
hard_a1.0,6,85,DenseResidential,1,0.9999600052833557
hard_a1.0,6,86,DenseResidential,1,0.9935100078582764
hard_a1.0,6,87,DenseResidential,1,1.0
hard_a1.0,6,88,DenseResidential,1,1.0
hard_a1.0,6,89,DenseResidential,1,1.0
hard_a1.0,6,90,MediumResidential,1,0.9204300045967102
hard_a1.0,6,91,MediumResidential,1,0.9998400211334229
hard_a1.0,6,92,MediumResidential,1,0.9998000264167786
hard_a1.0,6,93,MediumResidential,1,0.9999799728393555
hard_a1.0,6,94,MediumResidential,1,0.9994199872016907
hard_a1.0,6,95,MediumResidential,1,0.4001699984073639
hard_a1.0,6,96,MediumResidential,1,0.7876499891281128
hard_a1.0,6,97,MediumResidential,1,0.9690600037574768
hard_a1.0,6,98,MediumResidential,1,0.9575700163841248
hard_a1.0,6,99,MediumResidential,1,0.8861799836158752
hard_a1.0,6,100,MediumResidential,1,0.05144000053405762
hard_a1.0,6,101,MediumResidential,1,0.8668400049209595
hard_a1.0,6,102,MediumResidential,1,0.9974600076675415
hard_a1.0,6,103,MediumResidential,1,0.054340001195669174
hard_a1.0,6,104,MediumResidential,1,0.6345700025558472
hard_a1.0,6,105,MediumResidential,1,0.2567000091075897
hard_a1.0,6,106,MediumResidential,1,0.950469970703125
hard_a1.0,6,107,MediumResidential,1,0.9724699854850769
hard_a1.0,6,108,MediumResidential,1,0.9908400177955627
hard_a1.0,6,109,MediumResidential,1,0.9759600162506104
hard_a1.0,6,110,MediumResidential,1,0.9896900057792664
hard_a1.0,6,111,MediumResidential,1,0.9769499897956848
hard_a1.0,6,112,MediumResidential,1,0.9217699766159058
hard_a1.0,6,113,MediumResidential,1,0.9845100045204163
hard_a1.0,6,114,MediumResidential,1,0.03285999968647957
hard_a1.0,6,115,MediumResidential,1,0.9671900272369385
hard_a1.0,6,116,MediumResidential,1,0.8005200028419495
hard_a1.0,6,117,MediumResidential,1,0.7858499884605408
hard_a1.0,6,118,MediumResidential,1,0.7866399884223938
hard_a1.0,6,119,MediumResidential,1,0.8788800239562988
hard_a1.0,7,0,Forest,0,1.9999999494757503e-05
hard_a1.0,7,1,Forest,0,0.035270001739263535
hard_a1.0,7,2,Forest,0,0.0
hard_a1.0,7,3,Forest,0,0.32256001234054565
hard_a1.0,7,4,Forest,0,9.999999747378752e-06
hard_a1.0,7,5,Forest,0,0.30441001057624817
hard_a1.0,7,6,Forest,0,0.0
hard_a1.0,7,7,Forest,0,0.0
hard_a1.0,7,8,Forest,0,0.3230699896812439
hard_a1.0,7,9,Forest,0,0.5772200226783752
hard_a1.0,7,10,Forest,0,0.8766099810600281
hard_a1.0,7,11,Forest,0,0.0004400000034365803
hard_a1.0,7,12,Forest,0,0.7900300025939941
hard_a1.0,7,13,Forest,0,0.988349974155426
hard_a1.0,7,14,Forest,0,0.9996299743652344
hard_a1.0,7,15,Forest,0,0.00015999999595806003
hard_a1.0,7,16,Forest,0,0.0008999999845400453
hard_a1.0,7,17,Forest,0,0.02604999952018261
hard_a1.0,7,18,Forest,0,0.010300000198185444
hard_a1.0,7,19,Forest,0,0.0
hard_a1.0,7,20,Forest,0,1.0
hard_a1.0,7,21,Forest,0,0.9999399781227112
hard_a1.0,7,22,Forest,0,9.999999747378752e-06
hard_a1.0,7,23,Forest,0,0.968559980392456
hard_a1.0,7,24,Forest,0,0.9998000264167786
hard_a1.0,7,25,Forest,0,0.2504799962043762
hard_a1.0,7,26,Forest,0,0.2533699870109558
hard_a1.0,7,27,Forest,0,0.0005000000237487257
hard_a1.0,7,28,Forest,0,0.7361599802970886
hard_a1.0,7,29,Forest,0,0.9991199970245361
hard_a1.0,7,30,Forest,0,0.9969000220298767
hard_a1.0,7,31,Forest,0,0.6489800214767456
hard_a1.0,7,32,Forest,0,0.9999799728393555
hard_a1.0,7,33,Forest,0,0.0004299999854993075
hard_a1.0,7,34,Forest,0,0.006130000110715628
hard_a1.0,7,35,Forest,0,0.00015999999595806003
hard_a1.0,7,36,Forest,0,0.8993600010871887
hard_a1.0,7,37,Forest,0,0.9789199829101562
hard_a1.0,7,38,Forest,0,0.5618900060653687
hard_a1.0,7,39,Forest,0,0.991129994392395
hard_a1.0,7,40,Forest,0,0.8406699895858765
hard_a1.0,7,41,Forest,0,0.9998499751091003
hard_a1.0,7,42,Forest,0,0.8039199709892273
hard_a1.0,7,43,Forest,0,0.9971699714660645
hard_a1.0,7,44,Forest,0,0.003229999914765358
hard_a1.0,7,45,Forest,0,0.022099999710917473
hard_a1.0,7,46,Forest,0,9.000000136438757e-05
hard_a1.0,7,47,Forest,0,0.4432699978351593
hard_a1.0,7,48,Forest,0,0.9996700286865234
hard_a1.0,7,49,Forest,0,0.9996500015258789
hard_a1.0,7,50,Forest,0,0.004980000201612711
hard_a1.0,7,51,Forest,0,0.9480500221252441
hard_a1.0,7,52,Forest,0,0.002369999885559082
hard_a1.0,7,53,Forest,0,0.5581499934196472
hard_a1.0,7,54,Forest,0,0.0
hard_a1.0,7,55,Forest,0,0.01607000082731247
hard_a1.0,7,56,Forest,0,5.999999848427251e-05
hard_a1.0,7,57,Forest,0,0.0005200000014156103
hard_a1.0,7,58,Forest,0,0.0002300000051036477
hard_a1.0,7,59,Forest,0,0.0492900013923645
hard_a1.0,7,60,DenseResidential,1,0.8723400235176086
hard_a1.0,7,61,DenseResidential,1,1.0
hard_a1.0,7,62,DenseResidential,1,1.0
hard_a1.0,7,63,DenseResidential,1,1.0
hard_a1.0,7,64,DenseResidential,1,1.0
hard_a1.0,7,65,DenseResidential,1,0.9999799728393555
hard_a1.0,7,66,DenseResidential,1,1.0
hard_a1.0,7,67,DenseResidential,1,0.9684600234031677
hard_a1.0,7,68,DenseResidential,1,0.9604899883270264
hard_a1.0,7,69,DenseResidential,1,0.9882699847221375
hard_a1.0,7,70,DenseResidential,1,1.0
hard_a1.0,7,71,DenseResidential,1,0.9066100120544434
hard_a1.0,7,72,DenseResidential,1,0.9885200262069702
hard_a1.0,7,73,DenseResidential,1,1.0
hard_a1.0,7,74,DenseResidential,1,1.0
hard_a1.0,7,75,DenseResidential,1,0.9887999892234802
hard_a1.0,7,76,DenseResidential,1,0.9767299890518188
hard_a1.0,7,77,DenseResidential,1,0.9954100251197815
hard_a1.0,7,78,DenseResidential,1,0.9760500192642212
hard_a1.0,7,79,DenseResidential,1,1.0
hard_a1.0,7,80,DenseResidential,1,1.0
hard_a1.0,7,81,DenseResidential,1,1.0
hard_a1.0,7,82,DenseResidential,1,1.0
hard_a1.0,7,83,DenseResidential,1,1.0
hard_a1.0,7,84,DenseResidential,1,1.0
hard_a1.0,7,85,DenseResidential,1,1.0
hard_a1.0,7,86,DenseResidential,1,0.9998199939727783
hard_a1.0,7,87,DenseResidential,1,1.0
hard_a1.0,7,88,DenseResidential,1,1.0
hard_a1.0,7,89,DenseResidential,1,1.0
hard_a1.0,7,90,MediumResidential,1,0.9003999829292297
hard_a1.0,7,91,MediumResidential,1,0.9893500208854675
hard_a1.0,7,92,MediumResidential,1,0.976610004901886
hard_a1.0,7,93,MediumResidential,1,1.0
hard_a1.0,7,94,MediumResidential,1,0.9998800158500671
hard_a1.0,7,95,MediumResidential,1,0.003120000008493662
hard_a1.0,7,96,MediumResidential,1,0.9793699979782104
hard_a1.0,7,97,MediumResidential,1,0.9502300024032593
hard_a1.0,7,98,MediumResidential,1,0.9059299826622009
hard_a1.0,7,99,MediumResidential,1,0.8759599924087524
hard_a1.0,7,100,MediumResidential,1,0.9875400066375732
hard_a1.0,7,101,MediumResidential,1,0.7282999753952026
hard_a1.0,7,102,MediumResidential,1,0.9955800175666809
hard_a1.0,7,103,MediumResidential,1,0.7465599775314331
hard_a1.0,7,104,MediumResidential,1,0.8633900284767151
hard_a1.0,7,105,MediumResidential,1,0.8656299710273743
hard_a1.0,7,106,MediumResidential,1,0.9830399751663208
hard_a1.0,7,107,MediumResidential,1,0.9933099746704102
hard_a1.0,7,108,MediumResidential,1,0.9965699911117554
hard_a1.0,7,109,MediumResidential,1,0.986240029335022
hard_a1.0,7,110,MediumResidential,1,0.9916300177574158
hard_a1.0,7,111,MediumResidential,1,0.9906200170516968
hard_a1.0,7,112,MediumResidential,1,0.9309200048446655
hard_a1.0,7,113,MediumResidential,1,0.9963499903678894
hard_a1.0,7,114,MediumResidential,1,0.012649999931454659
hard_a1.0,7,115,MediumResidential,1,0.9973800182342529
hard_a1.0,7,116,MediumResidential,1,0.9567800164222717
hard_a1.0,7,117,MediumResidential,1,0.9937599897384644
hard_a1.0,7,118,MediumResidential,1,0.5586900115013123
hard_a1.0,7,119,MediumResidential,1,0.3850399851799011
hard_a1.0,8,0,Forest,0,0.003389999968931079
hard_a1.0,8,1,Forest,0,0.672469973564148
hard_a1.0,8,2,Forest,0,0.0003600000054575503
hard_a1.0,8,3,Forest,0,0.931410014629364
hard_a1.0,8,4,Forest,0,0.0008999999845400453
hard_a1.0,8,5,Forest,0,0.9446700215339661
hard_a1.0,8,6,Forest,0,0.00022000000171829015
hard_a1.0,8,7,Forest,0,0.0007099999929778278
hard_a1.0,8,8,Forest,0,0.48669999837875366
hard_a1.0,8,9,Forest,0,0.5775799751281738
hard_a1.0,8,10,Forest,0,0.986240029335022
hard_a1.0,8,11,Forest,0,0.036329999566078186
hard_a1.0,8,12,Forest,0,0.9221799969673157
hard_a1.0,8,13,Forest,0,0.9995399713516235
hard_a1.0,8,14,Forest,0,0.9995899796485901
hard_a1.0,8,15,Forest,0,0.0006099999882280827
hard_a1.0,8,16,Forest,0,0.03217000141739845
hard_a1.0,8,17,Forest,0,0.5919100046157837
hard_a1.0,8,18,Forest,0,0.4016300141811371
hard_a1.0,8,19,Forest,0,0.0008099999977275729
hard_a1.0,8,20,Forest,0,1.0
hard_a1.0,8,21,Forest,0,0.9999600052833557
hard_a1.0,8,22,Forest,0,0.001180000021122396
hard_a1.0,8,23,Forest,0,0.8877000212669373
hard_a1.0,8,24,Forest,0,0.9998400211334229
hard_a1.0,8,25,Forest,0,0.7402300238609314
hard_a1.0,8,26,Forest,0,0.9483000040054321
hard_a1.0,8,27,Forest,0,0.004430000204592943
hard_a1.0,8,28,Forest,0,0.9792900085449219
hard_a1.0,8,29,Forest,0,0.9997699856758118
hard_a1.0,8,30,Forest,0,0.9932699799537659
hard_a1.0,8,31,Forest,0,0.9537699818611145
hard_a1.0,8,32,Forest,0,0.999970018863678
hard_a1.0,8,33,Forest,0,0.018300000578165054
hard_a1.0,8,34,Forest,0,0.10013999789953232
hard_a1.0,8,35,Forest,0,0.004650000017136335
hard_a1.0,8,36,Forest,0,0.9996299743652344
hard_a1.0,8,37,Forest,0,0.9152100086212158
hard_a1.0,8,38,Forest,0,0.9013800024986267
hard_a1.0,8,39,Forest,0,0.9992899894714355
hard_a1.0,8,40,Forest,0,0.6531699895858765
hard_a1.0,8,41,Forest,0,0.999970018863678
hard_a1.0,8,42,Forest,0,0.59961998462677
hard_a1.0,8,43,Forest,0,0.9965900182723999
hard_a1.0,8,44,Forest,0,0.06920000165700912
hard_a1.0,8,45,Forest,0,0.9952700138092041
hard_a1.0,8,46,Forest,0,0.04056999832391739
hard_a1.0,8,47,Forest,0,0.866599977016449
hard_a1.0,8,48,Forest,0,0.999809980392456
hard_a1.0,8,49,Forest,0,0.9999099969863892
hard_a1.0,8,50,Forest,0,0.35673999786376953
hard_a1.0,8,51,Forest,0,0.9967899918556213
hard_a1.0,8,52,Forest,0,0.9857800006866455
hard_a1.0,8,53,Forest,0,0.670199990272522
hard_a1.0,8,54,Forest,0,4.999999873689376e-05
hard_a1.0,8,55,Forest,0,0.4470300078392029
hard_a1.0,8,56,Forest,0,0.004370000213384628
hard_a1.0,8,57,Forest,0,0.03400000184774399
hard_a1.0,8,58,Forest,0,0.022910000756382942
hard_a1.0,8,59,Forest,0,0.5209299921989441
hard_a1.0,8,60,DenseResidential,1,0.9986799955368042
hard_a1.0,8,61,DenseResidential,1,1.0
hard_a1.0,8,62,DenseResidential,1,1.0
hard_a1.0,8,63,DenseResidential,1,1.0
hard_a1.0,8,64,DenseResidential,1,1.0
hard_a1.0,8,65,DenseResidential,1,1.0
hard_a1.0,8,66,DenseResidential,1,1.0
hard_a1.0,8,67,DenseResidential,1,0.9984700083732605
hard_a1.0,8,68,DenseResidential,1,0.996720016002655
hard_a1.0,8,69,DenseResidential,1,0.9982500076293945
hard_a1.0,8,70,DenseResidential,1,1.0
hard_a1.0,8,71,DenseResidential,1,0.9986100196838379
hard_a1.0,8,72,DenseResidential,1,0.9995999932289124
hard_a1.0,8,73,DenseResidential,1,0.9999799728393555
hard_a1.0,8,74,DenseResidential,1,1.0
hard_a1.0,8,75,DenseResidential,1,0.9995899796485901
hard_a1.0,8,76,DenseResidential,1,0.9984999895095825
hard_a1.0,8,77,DenseResidential,1,0.9997400045394897
hard_a1.0,8,78,DenseResidential,1,0.998740017414093
hard_a1.0,8,79,DenseResidential,1,1.0
hard_a1.0,8,80,DenseResidential,1,1.0
hard_a1.0,8,81,DenseResidential,1,1.0
hard_a1.0,8,82,DenseResidential,1,1.0
hard_a1.0,8,83,DenseResidential,1,1.0
hard_a1.0,8,84,DenseResidential,1,1.0
hard_a1.0,8,85,DenseResidential,1,1.0
hard_a1.0,8,86,DenseResidential,1,0.9999499917030334
hard_a1.0,8,87,DenseResidential,1,1.0
hard_a1.0,8,88,DenseResidential,1,1.0
hard_a1.0,8,89,DenseResidential,1,1.0
hard_a1.0,8,90,MediumResidential,1,0.9948400259017944
hard_a1.0,8,91,MediumResidential,1,0.9999300241470337
hard_a1.0,8,92,MediumResidential,1,0.9998900294303894
hard_a1.0,8,93,MediumResidential,1,0.9998999834060669
hard_a1.0,8,94,MediumResidential,1,0.9979599714279175
hard_a1.0,8,95,MediumResidential,1,0.0392800010740757
hard_a1.0,8,96,MediumResidential,1,0.5095099806785583
hard_a1.0,8,97,MediumResidential,1,0.9673900008201599
hard_a1.0,8,98,MediumResidential,1,0.9408299922943115
hard_a1.0,8,99,MediumResidential,1,0.6252999901771545
hard_a1.0,8,100,MediumResidential,1,0.013570000417530537
hard_a1.0,8,101,MediumResidential,1,0.9921600222587585
hard_a1.0,8,102,MediumResidential,1,0.9330400228500366
hard_a1.0,8,103,MediumResidential,1,0.004550000187009573
hard_a1.0,8,104,MediumResidential,1,0.1419299989938736
hard_a1.0,8,105,MediumResidential,1,0.0225600004196167
hard_a1.0,8,106,MediumResidential,1,0.9899299740791321
hard_a1.0,8,107,MediumResidential,1,0.9985899925231934
hard_a1.0,8,108,MediumResidential,1,0.9985399842262268
hard_a1.0,8,109,MediumResidential,1,0.9970999956130981
hard_a1.0,8,110,MediumResidential,1,0.9972599744796753
hard_a1.0,8,111,MediumResidential,1,0.994159996509552
hard_a1.0,8,112,MediumResidential,1,0.9961400032043457
hard_a1.0,8,113,MediumResidential,1,0.9945099949836731
hard_a1.0,8,114,MediumResidential,1,0.4479700028896332
hard_a1.0,8,115,MediumResidential,1,0.9986600279808044
hard_a1.0,8,116,MediumResidential,1,0.9926900267601013
hard_a1.0,8,117,MediumResidential,1,0.996209979057312
hard_a1.0,8,118,MediumResidential,1,0.9753900170326233
hard_a1.0,8,119,MediumResidential,1,0.9828400015830994
hard_a1.0,9,0,Forest,0,0.0001900000061141327
hard_a1.0,9,1,Forest,0,0.8834400177001953
hard_a1.0,9,2,Forest,0,9.999999747378752e-06
hard_a1.0,9,3,Forest,0,0.9948899745941162
hard_a1.0,9,4,Forest,0,7.000000186963007e-05
hard_a1.0,9,5,Forest,0,0.9956200122833252
hard_a1.0,9,6,Forest,0,9.999999747378752e-06
hard_a1.0,9,7,Forest,0,2.9999999242136255e-05
hard_a1.0,9,8,Forest,0,0.9161099791526794
hard_a1.0,9,9,Forest,0,0.9451000094413757
hard_a1.0,9,10,Forest,0,0.9972900152206421
hard_a1.0,9,11,Forest,0,0.005520000122487545
hard_a1.0,9,12,Forest,0,0.9604300260543823
hard_a1.0,9,13,Forest,0,0.9998300075531006
hard_a1.0,9,14,Forest,0,0.9998000264167786
hard_a1.0,9,15,Forest,0,0.00011000000085914508
hard_a1.0,9,16,Forest,0,0.001979999942705035
hard_a1.0,9,17,Forest,0,0.11569999903440475
hard_a1.0,9,18,Forest,0,0.5490000247955322
hard_a1.0,9,19,Forest,0,3.9999998989515007e-05
hard_a1.0,9,20,Forest,0,1.0
hard_a1.0,9,21,Forest,0,0.9999899864196777
hard_a1.0,9,22,Forest,0,5.999999848427251e-05
hard_a1.0,9,23,Forest,0,0.9721999764442444
hard_a1.0,9,24,Forest,0,0.9999099969863892
hard_a1.0,9,25,Forest,0,0.9731500148773193
hard_a1.0,9,26,Forest,0,0.9748600125312805
hard_a1.0,9,27,Forest,0,0.01221999991685152
hard_a1.0,9,28,Forest,0,0.9360100030899048
hard_a1.0,9,29,Forest,0,0.9999399781227112
hard_a1.0,9,30,Forest,0,0.9989399909973145
hard_a1.0,9,31,Forest,0,0.986519992351532
hard_a1.0,9,32,Forest,0,1.0
hard_a1.0,9,33,Forest,0,0.001979999942705035
hard_a1.0,9,34,Forest,0,0.03669000044465065
hard_a1.0,9,35,Forest,0,0.0004199999966658652
hard_a1.0,9,36,Forest,0,0.9987800121307373
hard_a1.0,9,37,Forest,0,0.9884099960327148
hard_a1.0,9,38,Forest,0,0.9715099930763245
hard_a1.0,9,39,Forest,0,0.9994099736213684
hard_a1.0,9,40,Forest,0,0.9957699775695801
hard_a1.0,9,41,Forest,0,0.9999300241470337
hard_a1.0,9,42,Forest,0,0.9663199782371521
hard_a1.0,9,43,Forest,0,0.9990599751472473
hard_a1.0,9,44,Forest,0,0.021220000460743904
hard_a1.0,9,45,Forest,0,0.8857700228691101
hard_a1.0,9,46,Forest,0,0.004009999800473452
hard_a1.0,9,47,Forest,0,0.9356399774551392
hard_a1.0,9,48,Forest,0,0.9996200203895569
hard_a1.0,9,49,Forest,0,0.9998400211334229
hard_a1.0,9,50,Forest,0,0.051660001277923584
hard_a1.0,9,51,Forest,0,0.9994800090789795
hard_a1.0,9,52,Forest,0,0.6466599702835083
hard_a1.0,9,53,Forest,0,0.8988199830055237
hard_a1.0,9,54,Forest,0,0.0
hard_a1.0,9,55,Forest,0,0.38736000657081604
hard_a1.0,9,56,Forest,0,0.00026000000070780516
hard_a1.0,9,57,Forest,0,0.004780000075697899
hard_a1.0,9,58,Forest,0,0.0007900000200606883
hard_a1.0,9,59,Forest,0,0.7031000256538391
hard_a1.0,9,60,DenseResidential,1,0.9910899996757507
hard_a1.0,9,61,DenseResidential,1,1.0
hard_a1.0,9,62,DenseResidential,1,1.0
hard_a1.0,9,63,DenseResidential,1,0.9999600052833557
hard_a1.0,9,64,DenseResidential,1,0.9999899864196777
hard_a1.0,9,65,DenseResidential,1,0.9999099969863892
hard_a1.0,9,66,DenseResidential,1,0.9999499917030334
hard_a1.0,9,67,DenseResidential,1,0.9890599846839905
hard_a1.0,9,68,DenseResidential,1,0.991100013256073
hard_a1.0,9,69,DenseResidential,1,0.9950799942016602
hard_a1.0,9,70,DenseResidential,1,1.0
hard_a1.0,9,71,DenseResidential,1,0.9895899891853333
hard_a1.0,9,72,DenseResidential,1,0.9969300031661987
hard_a1.0,9,73,DenseResidential,1,1.0
hard_a1.0,9,74,DenseResidential,1,1.0
hard_a1.0,9,75,DenseResidential,1,0.9997000098228455
hard_a1.0,9,76,DenseResidential,1,0.9995599985122681
hard_a1.0,9,77,DenseResidential,1,0.9994999766349792
hard_a1.0,9,78,DenseResidential,1,0.9976400136947632
hard_a1.0,9,79,DenseResidential,1,1.0
hard_a1.0,9,80,DenseResidential,1,1.0
hard_a1.0,9,81,DenseResidential,1,1.0
hard_a1.0,9,82,DenseResidential,1,1.0
hard_a1.0,9,83,DenseResidential,1,1.0
hard_a1.0,9,84,DenseResidential,1,1.0
hard_a1.0,9,85,DenseResidential,1,1.0
hard_a1.0,9,86,DenseResidential,1,0.9999099969863892
hard_a1.0,9,87,DenseResidential,1,1.0
hard_a1.0,9,88,DenseResidential,1,1.0
hard_a1.0,9,89,DenseResidential,1,1.0
hard_a1.0,9,90,MediumResidential,1,0.9969099760055542
hard_a1.0,9,91,MediumResidential,1,0.9998300075531006
hard_a1.0,9,92,MediumResidential,1,0.9993100166320801
hard_a1.0,9,93,MediumResidential,1,1.0
hard_a1.0,9,94,MediumResidential,1,0.9999499917030334
hard_a1.0,9,95,MediumResidential,1,0.05536999925971031
hard_a1.0,9,96,MediumResidential,1,0.8995000123977661
hard_a1.0,9,97,MediumResidential,1,0.9983900189399719
hard_a1.0,9,98,MediumResidential,1,0.9974200129508972
hard_a1.0,9,99,MediumResidential,1,0.9488000273704529
hard_a1.0,9,100,MediumResidential,1,0.17586000263690948
hard_a1.0,9,101,MediumResidential,1,0.9955400228500366
hard_a1.0,9,102,MediumResidential,1,0.9969300031661987
hard_a1.0,9,103,MediumResidential,1,0.05398999899625778
hard_a1.0,9,104,MediumResidential,1,0.9233599901199341
hard_a1.0,9,105,MediumResidential,1,0.5439800024032593
hard_a1.0,9,106,MediumResidential,1,0.9980800151824951
hard_a1.0,9,107,MediumResidential,1,0.9995200037956238
hard_a1.0,9,108,MediumResidential,1,0.9997199773788452
hard_a1.0,9,109,MediumResidential,1,0.999239981174469
hard_a1.0,9,110,MediumResidential,1,0.9997900128364563
hard_a1.0,9,111,MediumResidential,1,0.9996600151062012
hard_a1.0,9,112,MediumResidential,1,0.9978899955749512
hard_a1.0,9,113,MediumResidential,1,0.9998300075531006
hard_a1.0,9,114,MediumResidential,1,0.07743000239133835
hard_a1.0,9,115,MediumResidential,1,0.9981499910354614
hard_a1.0,9,116,MediumResidential,1,0.9937599897384644
hard_a1.0,9,117,MediumResidential,1,0.9964200258255005
hard_a1.0,9,118,MediumResidential,1,0.9841600060462952
hard_a1.0,9,119,MediumResidential,1,0.984279990196228
soft,0,0,Forest,0,0.9502500295639038
soft,0,1,Forest,0,0.9999899864196777
soft,0,2,Forest,0,0.055160000920295715
soft,0,3,Forest,0,1.0
soft,0,4,Forest,0,0.22832000255584717
soft,0,5,Forest,0,1.0
soft,0,6,Forest,0,0.035909999161958694
soft,0,7,Forest,0,0.08948999643325806
soft,0,8,Forest,0,1.0
soft,0,9,Forest,0,1.0
soft,0,10,Forest,0,1.0
soft,0,11,Forest,0,0.9947800040245056
soft,0,12,Forest,0,1.0
soft,0,13,Forest,0,1.0
soft,0,14,Forest,0,1.0
soft,0,15,Forest,0,0.9639800190925598
soft,0,16,Forest,0,0.9971500039100647
soft,0,17,Forest,0,1.0
soft,0,18,Forest,0,0.9999799728393555
soft,0,19,Forest,0,0.16117000579833984
soft,0,20,Forest,0,1.0
soft,0,21,Forest,0,1.0
soft,0,22,Forest,0,0.3479500114917755
soft,0,23,Forest,0,1.0
soft,0,24,Forest,0,1.0
soft,0,25,Forest,0,0.9999899864196777
soft,0,26,Forest,0,0.9999899864196777
soft,0,27,Forest,0,0.9989799857139587
soft,0,28,Forest,0,1.0
soft,0,29,Forest,0,1.0
soft,0,30,Forest,0,1.0
soft,0,31,Forest,0,1.0
soft,0,32,Forest,0,1.0
soft,0,33,Forest,0,0.9802799820899963
soft,0,34,Forest,0,0.9998499751091003
soft,0,35,Forest,0,0.9826499819755554
soft,0,36,Forest,0,0.998989999294281
soft,0,37,Forest,0,1.0
soft,0,38,Forest,0,0.9999799728393555
soft,0,39,Forest,0,1.0
soft,0,40,Forest,0,1.0
soft,0,41,Forest,0,0.9999899864196777
soft,0,42,Forest,0,0.9999899864196777
soft,0,43,Forest,0,1.0
soft,0,44,Forest,0,0.9985100030899048
soft,0,45,Forest,0,0.03123999945819378
soft,0,46,Forest,0,0.8403499722480774
soft,0,47,Forest,0,1.0
soft,0,48,Forest,0,1.0
soft,0,49,Forest,0,1.0
soft,0,50,Forest,0,0.9986100196838379
soft,0,51,Forest,0,1.0
soft,0,52,Forest,0,0.11535000056028366
soft,0,53,Forest,0,1.0
soft,0,54,Forest,0,0.03564999997615814
soft,0,55,Forest,0,1.0
soft,0,56,Forest,0,0.9442899823188782
soft,0,57,Forest,0,0.9822700023651123
soft,0,58,Forest,0,0.9633899927139282
soft,0,59,Forest,0,0.9999899864196777
soft,0,60,DenseResidential,1,1.0
soft,0,61,DenseResidential,1,1.0
soft,0,62,DenseResidential,1,1.0
soft,0,63,DenseResidential,1,1.0
soft,0,64,DenseResidential,1,1.0
soft,0,65,DenseResidential,1,1.0
soft,0,66,DenseResidential,1,1.0
soft,0,67,DenseResidential,1,1.0
soft,0,68,DenseResidential,1,1.0
soft,0,69,DenseResidential,1,1.0
soft,0,70,DenseResidential,1,1.0
soft,0,71,DenseResidential,1,1.0
soft,0,72,DenseResidential,1,1.0
soft,0,73,DenseResidential,1,1.0
soft,0,74,DenseResidential,1,1.0
soft,0,75,DenseResidential,1,1.0
soft,0,76,DenseResidential,1,1.0
soft,0,77,DenseResidential,1,1.0
soft,0,78,DenseResidential,1,1.0
soft,0,79,DenseResidential,1,1.0
soft,0,80,DenseResidential,1,1.0
soft,0,81,DenseResidential,1,1.0
soft,0,82,DenseResidential,1,1.0
soft,0,83,DenseResidential,1,1.0
soft,0,84,DenseResidential,1,1.0
soft,0,85,DenseResidential,1,1.0
soft,0,86,DenseResidential,1,1.0
soft,0,87,DenseResidential,1,1.0
soft,0,88,DenseResidential,1,1.0
soft,0,89,DenseResidential,1,1.0
soft,0,90,MediumResidential,1,1.0
soft,0,91,MediumResidential,1,1.0
soft,0,92,MediumResidential,1,1.0
soft,0,93,MediumResidential,1,1.0
soft,0,94,MediumResidential,1,1.0
soft,0,95,MediumResidential,1,0.9994199872016907
soft,0,96,MediumResidential,1,1.0
soft,0,97,MediumResidential,1,1.0
soft,0,98,MediumResidential,1,1.0
soft,0,99,MediumResidential,1,1.0
soft,0,100,MediumResidential,1,1.0
soft,0,101,MediumResidential,1,1.0
soft,0,102,MediumResidential,1,1.0
soft,0,103,MediumResidential,1,1.0
soft,0,104,MediumResidential,1,1.0
soft,0,105,MediumResidential,1,1.0
soft,0,106,MediumResidential,1,1.0
soft,0,107,MediumResidential,1,1.0
soft,0,108,MediumResidential,1,1.0
soft,0,109,MediumResidential,1,1.0
soft,0,110,MediumResidential,1,1.0
soft,0,111,MediumResidential,1,1.0
soft,0,112,MediumResidential,1,1.0
soft,0,113,MediumResidential,1,1.0
soft,0,114,MediumResidential,1,0.9999200105667114
soft,0,115,MediumResidential,1,1.0
soft,0,116,MediumResidential,1,1.0
soft,0,117,MediumResidential,1,1.0
soft,0,118,MediumResidential,1,1.0
soft,0,119,MediumResidential,1,1.0
soft,1,0,Forest,0,1.0
soft,1,1,Forest,0,1.0
soft,1,2,Forest,0,0.9999799728393555
soft,1,3,Forest,0,1.0
soft,1,4,Forest,0,0.9999899864196777
soft,1,5,Forest,0,1.0
soft,1,6,Forest,0,0.9999799728393555
soft,1,7,Forest,0,0.9999899864196777
soft,1,8,Forest,0,1.0
soft,1,9,Forest,0,1.0
soft,1,10,Forest,0,1.0
soft,1,11,Forest,0,1.0
soft,1,12,Forest,0,1.0
soft,1,13,Forest,0,1.0
soft,1,14,Forest,0,1.0
soft,1,15,Forest,0,1.0
soft,1,16,Forest,0,1.0
soft,1,17,Forest,0,1.0
soft,1,18,Forest,0,0.9999600052833557
soft,1,19,Forest,0,0.9999899864196777
soft,1,20,Forest,0,1.0
soft,1,21,Forest,0,1.0
soft,1,22,Forest,0,1.0
soft,1,23,Forest,0,1.0
soft,1,24,Forest,0,1.0
soft,1,25,Forest,0,0.9999799728393555
soft,1,26,Forest,0,1.0
soft,1,27,Forest,0,0.9999600052833557
soft,1,28,Forest,0,1.0
soft,1,29,Forest,0,1.0
soft,1,30,Forest,0,1.0
soft,1,31,Forest,0,1.0
soft,1,32,Forest,0,1.0
soft,1,33,Forest,0,1.0
soft,1,34,Forest,0,1.0
soft,1,35,Forest,0,1.0
soft,1,36,Forest,0,1.0
soft,1,37,Forest,0,1.0
soft,1,38,Forest,0,1.0
soft,1,39,Forest,0,1.0
soft,1,40,Forest,0,1.0
soft,1,41,Forest,0,1.0
soft,1,42,Forest,0,1.0
soft,1,43,Forest,0,1.0
soft,1,44,Forest,0,1.0
soft,1,45,Forest,0,0.9995899796485901
soft,1,46,Forest,0,1.0
soft,1,47,Forest,0,1.0
soft,1,48,Forest,0,1.0
soft,1,49,Forest,0,1.0
soft,1,50,Forest,0,1.0
soft,1,51,Forest,0,0.9999899864196777
soft,1,52,Forest,0,0.9999300241470337
soft,1,53,Forest,0,1.0
soft,1,54,Forest,0,0.9999200105667114
soft,1,55,Forest,0,1.0
soft,1,56,Forest,0,1.0
soft,1,57,Forest,0,1.0
soft,1,58,Forest,0,1.0
soft,1,59,Forest,0,1.0
soft,1,60,DenseResidential,1,1.0
soft,1,61,DenseResidential,1,1.0
soft,1,62,DenseResidential,1,1.0
soft,1,63,DenseResidential,1,1.0
soft,1,64,DenseResidential,1,1.0
soft,1,65,DenseResidential,1,1.0
soft,1,66,DenseResidential,1,1.0
soft,1,67,DenseResidential,1,1.0
soft,1,68,DenseResidential,1,1.0
soft,1,69,DenseResidential,1,1.0
soft,1,70,DenseResidential,1,1.0
soft,1,71,DenseResidential,1,1.0
soft,1,72,DenseResidential,1,1.0
soft,1,73,DenseResidential,1,1.0
soft,1,74,DenseResidential,1,1.0
soft,1,75,DenseResidential,1,1.0
soft,1,76,DenseResidential,1,1.0
soft,1,77,DenseResidential,1,1.0
soft,1,78,DenseResidential,1,1.0
soft,1,79,DenseResidential,1,1.0
soft,1,80,DenseResidential,1,1.0
soft,1,81,DenseResidential,1,1.0
soft,1,82,DenseResidential,1,1.0
soft,1,83,DenseResidential,1,1.0
soft,1,84,DenseResidential,1,1.0
soft,1,85,DenseResidential,1,1.0
soft,1,86,DenseResidential,1,1.0
soft,1,87,DenseResidential,1,1.0
soft,1,88,DenseResidential,1,1.0
soft,1,89,DenseResidential,1,1.0
soft,1,90,MediumResidential,1,1.0
soft,1,91,MediumResidential,1,1.0
soft,1,92,MediumResidential,1,1.0
soft,1,93,MediumResidential,1,1.0
soft,1,94,MediumResidential,1,1.0
soft,1,95,MediumResidential,1,1.0
soft,1,96,MediumResidential,1,1.0
soft,1,97,MediumResidential,1,1.0
soft,1,98,MediumResidential,1,1.0
soft,1,99,MediumResidential,1,1.0
soft,1,100,MediumResidential,1,1.0
soft,1,101,MediumResidential,1,1.0
soft,1,102,MediumResidential,1,1.0
soft,1,103,MediumResidential,1,0.9999899864196777
soft,1,104,MediumResidential,1,0.9999899864196777
soft,1,105,MediumResidential,1,0.9999899864196777
soft,1,106,MediumResidential,1,1.0
soft,1,107,MediumResidential,1,1.0
soft,1,108,MediumResidential,1,1.0
soft,1,109,MediumResidential,1,1.0
soft,1,110,MediumResidential,1,1.0
soft,1,111,MediumResidential,1,1.0
soft,1,112,MediumResidential,1,1.0
soft,1,113,MediumResidential,1,1.0
soft,1,114,MediumResidential,1,1.0
soft,1,115,MediumResidential,1,1.0
soft,1,116,MediumResidential,1,1.0
soft,1,117,MediumResidential,1,1.0
soft,1,118,MediumResidential,1,1.0
soft,1,119,MediumResidential,1,1.0
soft,2,0,Forest,0,0.03719000145792961
soft,2,1,Forest,0,0.952269971370697
soft,2,2,Forest,0,0.0018100000452250242
soft,2,3,Forest,0,0.9961400032043457
soft,2,4,Forest,0,0.010209999978542328
soft,2,5,Forest,0,0.9577100276947021
soft,2,6,Forest,0,0.0013800000306218863
soft,2,7,Forest,0,0.003650000086054206
soft,2,8,Forest,0,0.9745799899101257
soft,2,9,Forest,0,0.9057999849319458
soft,2,10,Forest,0,0.9984700083732605
soft,2,11,Forest,0,0.49750998616218567
soft,2,12,Forest,0,0.9996899962425232
soft,2,13,Forest,0,1.0
soft,2,14,Forest,0,0.9999799728393555
soft,2,15,Forest,0,0.24537000060081482
soft,2,16,Forest,0,0.9877600073814392
soft,2,17,Forest,0,1.0
soft,2,18,Forest,0,0.9621000289916992
soft,2,19,Forest,0,0.00023999999393709004
soft,2,20,Forest,0,1.0
soft,2,21,Forest,0,1.0
soft,2,22,Forest,0,0.002090000081807375
soft,2,23,Forest,0,0.9999499917030334
soft,2,24,Forest,0,1.0
soft,2,25,Forest,0,0.5508999824523926
soft,2,26,Forest,0,0.9562399983406067
soft,2,27,Forest,0,0.044280000030994415
soft,2,28,Forest,0,0.9998400211334229
soft,2,29,Forest,0,1.0
soft,2,30,Forest,0,1.0
soft,2,31,Forest,0,0.9934099912643433
soft,2,32,Forest,0,1.0
soft,2,33,Forest,0,0.2947100102901459
soft,2,34,Forest,0,0.9828900098800659
soft,2,35,Forest,0,0.05056000128388405
soft,2,36,Forest,0,1.0
soft,2,37,Forest,0,1.0
soft,2,38,Forest,0,1.0
soft,2,39,Forest,0,1.0
soft,2,40,Forest,0,1.0
soft,2,41,Forest,0,1.0
soft,2,42,Forest,0,1.0
soft,2,43,Forest,0,1.0
soft,2,44,Forest,0,0.8737999796867371
soft,2,45,Forest,0,0.9994300007820129
soft,2,46,Forest,0,0.9942100048065186
soft,2,47,Forest,0,0.9997100234031677
soft,2,48,Forest,0,1.0
soft,2,49,Forest,0,1.0
soft,2,50,Forest,0,0.95728999376297
soft,2,51,Forest,0,0.9990400075912476
soft,2,52,Forest,0,0.9593600034713745
soft,2,53,Forest,0,1.0
soft,2,54,Forest,0,4.999999873689376e-05
soft,2,55,Forest,0,0.9950600266456604
soft,2,56,Forest,0,0.014659999869763851
soft,2,57,Forest,0,0.31512001156806946
soft,2,58,Forest,0,0.39910998940467834
soft,2,59,Forest,0,0.9927700161933899
soft,2,60,DenseResidential,1,1.0
soft,2,61,DenseResidential,1,1.0
soft,2,62,DenseResidential,1,1.0
soft,2,63,DenseResidential,1,1.0
soft,2,64,DenseResidential,1,1.0
soft,2,65,DenseResidential,1,1.0
soft,2,66,DenseResidential,1,1.0
soft,2,67,DenseResidential,1,0.9998999834060669
soft,2,68,DenseResidential,1,0.9999899864196777
soft,2,69,DenseResidential,1,1.0
soft,2,70,DenseResidential,1,1.0
soft,2,71,DenseResidential,1,1.0
soft,2,72,DenseResidential,1,0.9999899864196777
soft,2,73,DenseResidential,1,1.0
soft,2,74,DenseResidential,1,1.0
soft,2,75,DenseResidential,1,1.0
soft,2,76,DenseResidential,1,0.9998300075531006
soft,2,77,DenseResidential,1,1.0
soft,2,78,DenseResidential,1,1.0
soft,2,79,DenseResidential,1,1.0
soft,2,80,DenseResidential,1,1.0
soft,2,81,DenseResidential,1,1.0
soft,2,82,DenseResidential,1,1.0
soft,2,83,DenseResidential,1,1.0
soft,2,84,DenseResidential,1,1.0
soft,2,85,DenseResidential,1,1.0
soft,2,86,DenseResidential,1,1.0
soft,2,87,DenseResidential,1,1.0
soft,2,88,DenseResidential,1,1.0
soft,2,89,DenseResidential,1,1.0
soft,2,90,MediumResidential,1,0.9999899864196777
soft,2,91,MediumResidential,1,1.0
soft,2,92,MediumResidential,1,1.0
soft,2,93,MediumResidential,1,1.0
soft,2,94,MediumResidential,1,1.0
soft,2,95,MediumResidential,1,0.19979999959468842
soft,2,96,MediumResidential,1,0.9999899864196777
soft,2,97,MediumResidential,1,0.9999899864196777
soft,2,98,MediumResidential,1,0.9998599886894226
soft,2,99,MediumResidential,1,0.9997900128364563
soft,2,100,MediumResidential,1,0.9994199872016907
soft,2,101,MediumResidential,1,0.9999899864196777
soft,2,102,MediumResidential,1,0.9980800151824951
soft,2,103,MediumResidential,1,0.9947699904441833
soft,2,104,MediumResidential,1,0.9937400221824646
soft,2,105,MediumResidential,1,0.9956899881362915
soft,2,106,MediumResidential,1,1.0
soft,2,107,MediumResidential,1,1.0
soft,2,108,MediumResidential,1,1.0
soft,2,109,MediumResidential,1,1.0
soft,2,110,MediumResidential,1,0.9999899864196777
soft,2,111,MediumResidential,1,1.0
soft,2,112,MediumResidential,1,0.999970018863678
soft,2,113,MediumResidential,1,1.0
soft,2,114,MediumResidential,1,0.9996899962425232
soft,2,115,MediumResidential,1,1.0
soft,2,116,MediumResidential,1,1.0
soft,2,117,MediumResidential,1,1.0
soft,2,118,MediumResidential,1,0.9999799728393555
soft,2,119,MediumResidential,1,0.9999899864196777
soft,3,0,Forest,0,1.0
soft,3,1,Forest,0,1.0
soft,3,2,Forest,0,1.0
soft,3,3,Forest,0,1.0
soft,3,4,Forest,0,1.0
soft,3,5,Forest,0,1.0
soft,3,6,Forest,0,1.0
soft,3,7,Forest,0,1.0
soft,3,8,Forest,0,1.0
soft,3,9,Forest,0,1.0
soft,3,10,Forest,0,1.0
soft,3,11,Forest,0,1.0
soft,3,12,Forest,0,1.0
soft,3,13,Forest,0,1.0
soft,3,14,Forest,0,1.0
soft,3,15,Forest,0,1.0
soft,3,16,Forest,0,1.0
soft,3,17,Forest,0,1.0
soft,3,18,Forest,0,1.0
soft,3,19,Forest,0,1.0
soft,3,20,Forest,0,1.0
soft,3,21,Forest,0,1.0
soft,3,22,Forest,0,1.0
soft,3,23,Forest,0,1.0
soft,3,24,Forest,0,1.0
soft,3,25,Forest,0,1.0
soft,3,26,Forest,0,1.0
soft,3,27,Forest,0,1.0
soft,3,28,Forest,0,1.0
soft,3,29,Forest,0,1.0
soft,3,30,Forest,0,1.0
soft,3,31,Forest,0,1.0
soft,3,32,Forest,0,1.0
soft,3,33,Forest,0,1.0
soft,3,34,Forest,0,1.0
soft,3,35,Forest,0,1.0
soft,3,36,Forest,0,1.0
soft,3,37,Forest,0,1.0
soft,3,38,Forest,0,1.0
soft,3,39,Forest,0,1.0
soft,3,40,Forest,0,1.0
soft,3,41,Forest,0,1.0
soft,3,42,Forest,0,1.0
soft,3,43,Forest,0,1.0
soft,3,44,Forest,0,1.0
soft,3,45,Forest,0,1.0
soft,3,46,Forest,0,1.0
soft,3,47,Forest,0,1.0
soft,3,48,Forest,0,1.0
soft,3,49,Forest,0,1.0
soft,3,50,Forest,0,1.0
soft,3,51,Forest,0,1.0
soft,3,52,Forest,0,1.0
soft,3,53,Forest,0,1.0
soft,3,54,Forest,0,1.0
soft,3,55,Forest,0,1.0
soft,3,56,Forest,0,1.0
soft,3,57,Forest,0,1.0
soft,3,58,Forest,0,1.0
soft,3,59,Forest,0,1.0
soft,3,60,DenseResidential,1,1.0
soft,3,61,DenseResidential,1,1.0
soft,3,62,DenseResidential,1,1.0
soft,3,63,DenseResidential,1,1.0
soft,3,64,DenseResidential,1,1.0
soft,3,65,DenseResidential,1,1.0
soft,3,66,DenseResidential,1,1.0
soft,3,67,DenseResidential,1,1.0
soft,3,68,DenseResidential,1,1.0
soft,3,69,DenseResidential,1,1.0
soft,3,70,DenseResidential,1,1.0
soft,3,71,DenseResidential,1,1.0
soft,3,72,DenseResidential,1,1.0
soft,3,73,DenseResidential,1,1.0
soft,3,74,DenseResidential,1,1.0
soft,3,75,DenseResidential,1,1.0
soft,3,76,DenseResidential,1,1.0
soft,3,77,DenseResidential,1,1.0
soft,3,78,DenseResidential,1,1.0
soft,3,79,DenseResidential,1,1.0
soft,3,80,DenseResidential,1,1.0
soft,3,81,DenseResidential,1,1.0
soft,3,82,DenseResidential,1,1.0
soft,3,83,DenseResidential,1,1.0
soft,3,84,DenseResidential,1,1.0
soft,3,85,DenseResidential,1,1.0
soft,3,86,DenseResidential,1,1.0
soft,3,87,DenseResidential,1,1.0
soft,3,88,DenseResidential,1,1.0
soft,3,89,DenseResidential,1,1.0
soft,3,90,MediumResidential,1,1.0
soft,3,91,MediumResidential,1,1.0
soft,3,92,MediumResidential,1,1.0
soft,3,93,MediumResidential,1,1.0
soft,3,94,MediumResidential,1,1.0
soft,3,95,MediumResidential,1,1.0
soft,3,96,MediumResidential,1,1.0
soft,3,97,MediumResidential,1,1.0
soft,3,98,MediumResidential,1,1.0
soft,3,99,MediumResidential,1,1.0
soft,3,100,MediumResidential,1,1.0
soft,3,101,MediumResidential,1,1.0
soft,3,102,MediumResidential,1,1.0
soft,3,103,MediumResidential,1,1.0
soft,3,104,MediumResidential,1,1.0
soft,3,105,MediumResidential,1,1.0
soft,3,106,MediumResidential,1,1.0
soft,3,107,MediumResidential,1,1.0
soft,3,108,MediumResidential,1,1.0
soft,3,109,MediumResidential,1,1.0
soft,3,110,MediumResidential,1,1.0
soft,3,111,MediumResidential,1,1.0
soft,3,112,MediumResidential,1,1.0
soft,3,113,MediumResidential,1,1.0
soft,3,114,MediumResidential,1,1.0
soft,3,115,MediumResidential,1,1.0
soft,3,116,MediumResidential,1,1.0
soft,3,117,MediumResidential,1,1.0
soft,3,118,MediumResidential,1,1.0
soft,3,119,MediumResidential,1,1.0
soft,4,0,Forest,0,0.8178300261497498
soft,4,1,Forest,0,0.9999899864196777
soft,4,2,Forest,0,0.8631200194358826
soft,4,3,Forest,0,0.9956099987030029
soft,4,4,Forest,0,0.8754100203514099
soft,4,5,Forest,0,0.9942100048065186
soft,4,6,Forest,0,0.5098199844360352
soft,4,7,Forest,0,0.7369099855422974
soft,4,8,Forest,0,0.9461100101470947
soft,4,9,Forest,0,0.3647800087928772
soft,4,10,Forest,0,0.9980199933052063
soft,4,11,Forest,0,0.999779999256134
soft,4,12,Forest,0,0.9999399781227112
soft,4,13,Forest,0,1.0
soft,4,14,Forest,0,1.0
soft,4,15,Forest,0,0.7376599907875061
soft,4,16,Forest,0,0.9515900015830994
soft,4,17,Forest,0,0.9999200105667114
soft,4,18,Forest,0,1.0
soft,4,19,Forest,0,0.0037899999879300594
soft,4,20,Forest,0,1.0
soft,4,21,Forest,0,1.0
soft,4,22,Forest,0,0.03767000138759613
soft,4,23,Forest,0,1.0
soft,4,24,Forest,0,1.0
soft,4,25,Forest,0,0.5079200267791748
soft,4,26,Forest,0,0.9314900040626526
soft,4,27,Forest,0,2.9999999242136255e-05
soft,4,28,Forest,0,0.9913899898529053
soft,4,29,Forest,0,1.0
soft,4,30,Forest,0,1.0
soft,4,31,Forest,0,1.0
soft,4,32,Forest,0,1.0
soft,4,33,Forest,0,0.9995099902153015
soft,4,34,Forest,0,0.9797300100326538
soft,4,35,Forest,0,0.40081000328063965
soft,4,36,Forest,0,1.0
soft,4,37,Forest,0,1.0
soft,4,38,Forest,0,1.0
soft,4,39,Forest,0,1.0
soft,4,40,Forest,0,1.0
soft,4,41,Forest,0,1.0
soft,4,42,Forest,0,1.0
soft,4,43,Forest,0,1.0
soft,4,44,Forest,0,0.9998700022697449
soft,4,45,Forest,0,1.0
soft,4,46,Forest,0,0.9999899864196777
soft,4,47,Forest,0,0.9999399781227112
soft,4,48,Forest,0,1.0
soft,4,49,Forest,0,1.0
soft,4,50,Forest,0,0.15109999477863312
soft,4,51,Forest,0,0.9999600052833557
soft,4,52,Forest,0,0.06300000101327896
soft,4,53,Forest,0,1.0
soft,4,54,Forest,0,1.9999999494757503e-05
soft,4,55,Forest,0,0.9851800203323364
soft,4,56,Forest,0,0.022029999643564224
soft,4,57,Forest,0,0.9996500015258789
soft,4,58,Forest,0,0.87882000207901
soft,4,59,Forest,0,0.9993000030517578
soft,4,60,DenseResidential,1,0.9999499917030334
soft,4,61,DenseResidential,1,1.0
soft,4,62,DenseResidential,1,1.0
soft,4,63,DenseResidential,1,1.0
soft,4,64,DenseResidential,1,1.0
soft,4,65,DenseResidential,1,0.9999899864196777
soft,4,66,DenseResidential,1,1.0
soft,4,67,DenseResidential,1,0.9879999756813049
soft,4,68,DenseResidential,1,0.9994400143623352
soft,4,69,DenseResidential,1,0.999970018863678
soft,4,70,DenseResidential,1,1.0
soft,4,71,DenseResidential,1,0.9999600052833557
soft,4,72,DenseResidential,1,0.999459981918335
soft,4,73,DenseResidential,1,1.0
soft,4,74,DenseResidential,1,1.0
soft,4,75,DenseResidential,1,1.0
soft,4,76,DenseResidential,1,0.9990900158882141
soft,4,77,DenseResidential,1,1.0
soft,4,78,DenseResidential,1,0.9999799728393555
soft,4,79,DenseResidential,1,1.0
soft,4,80,DenseResidential,1,1.0
soft,4,81,DenseResidential,1,1.0
soft,4,82,DenseResidential,1,1.0
soft,4,83,DenseResidential,1,1.0
soft,4,84,DenseResidential,1,1.0
soft,4,85,DenseResidential,1,1.0
soft,4,86,DenseResidential,1,1.0
soft,4,87,DenseResidential,1,1.0
soft,4,88,DenseResidential,1,1.0
soft,4,89,DenseResidential,1,1.0
soft,4,90,MediumResidential,1,0.9999899864196777
soft,4,91,MediumResidential,1,1.0
soft,4,92,MediumResidential,1,1.0
soft,4,93,MediumResidential,1,1.0
soft,4,94,MediumResidential,1,1.0
soft,4,95,MediumResidential,1,0.9551500082015991
soft,4,96,MediumResidential,1,1.0
soft,4,97,MediumResidential,1,1.0
soft,4,98,MediumResidential,1,1.0
soft,4,99,MediumResidential,1,1.0
soft,4,100,MediumResidential,1,1.0
soft,4,101,MediumResidential,1,1.0
soft,4,102,MediumResidential,1,1.0
soft,4,103,MediumResidential,1,0.9997400045394897
soft,4,104,MediumResidential,1,0.9995099902153015
soft,4,105,MediumResidential,1,0.9998599886894226
soft,4,106,MediumResidential,1,1.0
soft,4,107,MediumResidential,1,1.0
soft,4,108,MediumResidential,1,1.0
soft,4,109,MediumResidential,1,1.0
soft,4,110,MediumResidential,1,1.0
soft,4,111,MediumResidential,1,1.0
soft,4,112,MediumResidential,1,0.9999799728393555
soft,4,113,MediumResidential,1,1.0
soft,4,114,MediumResidential,1,0.9856799840927124
soft,4,115,MediumResidential,1,1.0
soft,4,116,MediumResidential,1,1.0
soft,4,117,MediumResidential,1,1.0
soft,4,118,MediumResidential,1,1.0
soft,4,119,MediumResidential,1,0.9999899864196777
soft,5,0,Forest,0,0.9999799728393555
soft,5,1,Forest,0,1.0
soft,5,2,Forest,0,0.9958599805831909
soft,5,3,Forest,0,1.0
soft,5,4,Forest,0,0.9986400008201599
soft,5,5,Forest,0,1.0
soft,5,6,Forest,0,0.9936599731445312
soft,5,7,Forest,0,0.9974300265312195
soft,5,8,Forest,0,1.0
soft,5,9,Forest,0,1.0
soft,5,10,Forest,0,1.0
soft,5,11,Forest,0,0.9999899864196777
soft,5,12,Forest,0,1.0
soft,5,13,Forest,0,1.0
soft,5,14,Forest,0,1.0
soft,5,15,Forest,0,0.9999799728393555
soft,5,16,Forest,0,0.9999899864196777
soft,5,17,Forest,0,1.0
soft,5,18,Forest,0,0.9983299970626831
soft,5,19,Forest,0,0.9992600083351135
soft,5,20,Forest,0,1.0
soft,5,21,Forest,0,1.0
soft,5,22,Forest,0,0.9996899962425232
soft,5,23,Forest,0,1.0
soft,5,24,Forest,0,1.0
soft,5,25,Forest,0,0.9999899864196777
soft,5,26,Forest,0,1.0
soft,5,27,Forest,0,0.9999899864196777
soft,5,28,Forest,0,1.0
soft,5,29,Forest,0,1.0
soft,5,30,Forest,0,1.0
soft,5,31,Forest,0,1.0
soft,5,32,Forest,0,1.0
soft,5,33,Forest,0,0.9999799728393555
soft,5,34,Forest,0,1.0
soft,5,35,Forest,0,0.9999799728393555
soft,5,36,Forest,0,0.9998900294303894
soft,5,37,Forest,0,1.0
soft,5,38,Forest,0,1.0
soft,5,39,Forest,0,1.0
soft,5,40,Forest,0,1.0
soft,5,41,Forest,0,1.0
soft,5,42,Forest,0,1.0
soft,5,43,Forest,0,1.0
soft,5,44,Forest,0,0.9999899864196777
soft,5,45,Forest,0,0.9382699728012085
soft,5,46,Forest,0,0.9995999932289124
soft,5,47,Forest,0,1.0
soft,5,48,Forest,0,1.0
soft,5,49,Forest,0,1.0
soft,5,50,Forest,0,0.9999899864196777
soft,5,51,Forest,0,1.0
soft,5,52,Forest,0,0.9841700196266174
soft,5,53,Forest,0,1.0
soft,5,54,Forest,0,0.9981399774551392
soft,5,55,Forest,0,1.0
soft,5,56,Forest,0,0.9999600052833557
soft,5,57,Forest,0,0.9999799728393555
soft,5,58,Forest,0,0.9999600052833557
soft,5,59,Forest,0,1.0
soft,5,60,DenseResidential,1,1.0
soft,5,61,DenseResidential,1,1.0
soft,5,62,DenseResidential,1,1.0
soft,5,63,DenseResidential,1,1.0
soft,5,64,DenseResidential,1,1.0
soft,5,65,DenseResidential,1,1.0
soft,5,66,DenseResidential,1,1.0
soft,5,67,DenseResidential,1,1.0
soft,5,68,DenseResidential,1,1.0
soft,5,69,DenseResidential,1,1.0
soft,5,70,DenseResidential,1,1.0
soft,5,71,DenseResidential,1,1.0
soft,5,72,DenseResidential,1,1.0
soft,5,73,DenseResidential,1,1.0
soft,5,74,DenseResidential,1,1.0
soft,5,75,DenseResidential,1,1.0
soft,5,76,DenseResidential,1,1.0
soft,5,77,DenseResidential,1,1.0
soft,5,78,DenseResidential,1,1.0
soft,5,79,DenseResidential,1,1.0
soft,5,80,DenseResidential,1,1.0
soft,5,81,DenseResidential,1,1.0
soft,5,82,DenseResidential,1,1.0
soft,5,83,DenseResidential,1,1.0
soft,5,84,DenseResidential,1,1.0
soft,5,85,DenseResidential,1,1.0
soft,5,86,DenseResidential,1,1.0
soft,5,87,DenseResidential,1,1.0
soft,5,88,DenseResidential,1,1.0
soft,5,89,DenseResidential,1,1.0
soft,5,90,MediumResidential,1,1.0
soft,5,91,MediumResidential,1,1.0
soft,5,92,MediumResidential,1,1.0
soft,5,93,MediumResidential,1,1.0
soft,5,94,MediumResidential,1,1.0
soft,5,95,MediumResidential,1,1.0
soft,5,96,MediumResidential,1,1.0
soft,5,97,MediumResidential,1,1.0
soft,5,98,MediumResidential,1,1.0
soft,5,99,MediumResidential,1,1.0
soft,5,100,MediumResidential,1,0.9999899864196777
soft,5,101,MediumResidential,1,1.0
soft,5,102,MediumResidential,1,1.0
soft,5,103,MediumResidential,1,0.9998700022697449
soft,5,104,MediumResidential,1,0.9999799728393555
soft,5,105,MediumResidential,1,0.9999399781227112
soft,5,106,MediumResidential,1,1.0
soft,5,107,MediumResidential,1,1.0
soft,5,108,MediumResidential,1,1.0
soft,5,109,MediumResidential,1,1.0
soft,5,110,MediumResidential,1,1.0
soft,5,111,MediumResidential,1,1.0
soft,5,112,MediumResidential,1,1.0
soft,5,113,MediumResidential,1,1.0
soft,5,114,MediumResidential,1,1.0
soft,5,115,MediumResidential,1,1.0
soft,5,116,MediumResidential,1,1.0
soft,5,117,MediumResidential,1,1.0
soft,5,118,MediumResidential,1,1.0
soft,5,119,MediumResidential,1,1.0
soft,6,0,Forest,0,0.8850799798965454
soft,6,1,Forest,0,0.9999799728393555
soft,6,2,Forest,0,0.1301800012588501
soft,6,3,Forest,0,0.9999899864196777
soft,6,4,Forest,0,0.6939799785614014
soft,6,5,Forest,0,0.999970018863678
soft,6,6,Forest,0,0.11635000258684158
soft,6,7,Forest,0,0.2706100046634674
soft,6,8,Forest,0,0.9998700022697449
soft,6,9,Forest,0,0.9997199773788452
soft,6,10,Forest,0,0.9999899864196777
soft,6,11,Forest,0,0.9974899888038635
soft,6,12,Forest,0,1.0
soft,6,13,Forest,0,1.0
soft,6,14,Forest,0,1.0
soft,6,15,Forest,0,0.9972000122070312
soft,6,16,Forest,0,0.999970018863678
soft,6,17,Forest,0,1.0
soft,6,18,Forest,0,1.0
soft,6,19,Forest,0,0.2560400068759918
soft,6,20,Forest,0,1.0
soft,6,21,Forest,0,1.0
soft,6,22,Forest,0,0.517989993095398
soft,6,23,Forest,0,1.0
soft,6,24,Forest,0,1.0
soft,6,25,Forest,0,0.9902999997138977
soft,6,26,Forest,0,0.9999899864196777
soft,6,27,Forest,0,0.9998999834060669
soft,6,28,Forest,0,1.0
soft,6,29,Forest,0,1.0
soft,6,30,Forest,0,1.0
soft,6,31,Forest,0,1.0
soft,6,32,Forest,0,1.0
soft,6,33,Forest,0,0.9973300099372864
soft,6,34,Forest,0,0.9999600052833557
soft,6,35,Forest,0,0.9912700057029724
soft,6,36,Forest,0,1.0
soft,6,37,Forest,0,1.0
soft,6,38,Forest,0,1.0
soft,6,39,Forest,0,1.0
soft,6,40,Forest,0,1.0
soft,6,41,Forest,0,1.0
soft,6,42,Forest,0,1.0
soft,6,43,Forest,0,1.0
soft,6,44,Forest,0,0.9997599720954895
soft,6,45,Forest,0,1.0
soft,6,46,Forest,0,0.9999600052833557
soft,6,47,Forest,0,1.0
soft,6,48,Forest,0,1.0
soft,6,49,Forest,0,1.0
soft,6,50,Forest,0,0.9999899864196777
soft,6,51,Forest,0,0.9999300241470337
soft,6,52,Forest,0,0.9999899864196777
soft,6,53,Forest,0,1.0
soft,6,54,Forest,0,0.32545000314712524
soft,6,55,Forest,0,1.0
soft,6,56,Forest,0,0.9842100143432617
soft,6,57,Forest,0,0.9964699745178223
soft,6,58,Forest,0,0.996940016746521
soft,6,59,Forest,0,0.9999899864196777
soft,6,60,DenseResidential,1,1.0
soft,6,61,DenseResidential,1,1.0
soft,6,62,DenseResidential,1,1.0
soft,6,63,DenseResidential,1,1.0
soft,6,64,DenseResidential,1,1.0
soft,6,65,DenseResidential,1,1.0
soft,6,66,DenseResidential,1,1.0
soft,6,67,DenseResidential,1,1.0
soft,6,68,DenseResidential,1,1.0
soft,6,69,DenseResidential,1,1.0
soft,6,70,DenseResidential,1,1.0
soft,6,71,DenseResidential,1,1.0
soft,6,72,DenseResidential,1,1.0
soft,6,73,DenseResidential,1,1.0
soft,6,74,DenseResidential,1,1.0
soft,6,75,DenseResidential,1,1.0
soft,6,76,DenseResidential,1,1.0
soft,6,77,DenseResidential,1,1.0
soft,6,78,DenseResidential,1,1.0
soft,6,79,DenseResidential,1,1.0
soft,6,80,DenseResidential,1,1.0
soft,6,81,DenseResidential,1,1.0
soft,6,82,DenseResidential,1,1.0
soft,6,83,DenseResidential,1,1.0
soft,6,84,DenseResidential,1,1.0
soft,6,85,DenseResidential,1,1.0
soft,6,86,DenseResidential,1,1.0
soft,6,87,DenseResidential,1,1.0
soft,6,88,DenseResidential,1,1.0
soft,6,89,DenseResidential,1,1.0
soft,6,90,MediumResidential,1,1.0
soft,6,91,MediumResidential,1,1.0
soft,6,92,MediumResidential,1,1.0
soft,6,93,MediumResidential,1,1.0
soft,6,94,MediumResidential,1,1.0
soft,6,95,MediumResidential,1,0.9983100295066833
soft,6,96,MediumResidential,1,1.0
soft,6,97,MediumResidential,1,1.0
soft,6,98,MediumResidential,1,1.0
soft,6,99,MediumResidential,1,1.0
soft,6,100,MediumResidential,1,0.999530017375946
soft,6,101,MediumResidential,1,1.0
soft,6,102,MediumResidential,1,0.999970018863678
soft,6,103,MediumResidential,1,0.9982600212097168
soft,6,104,MediumResidential,1,0.9978899955749512
soft,6,105,MediumResidential,1,0.9980800151824951
soft,6,106,MediumResidential,1,1.0
soft,6,107,MediumResidential,1,1.0
soft,6,108,MediumResidential,1,1.0
soft,6,109,MediumResidential,1,1.0
soft,6,110,MediumResidential,1,1.0
soft,6,111,MediumResidential,1,1.0
soft,6,112,MediumResidential,1,1.0
soft,6,113,MediumResidential,1,1.0
soft,6,114,MediumResidential,1,1.0
soft,6,115,MediumResidential,1,1.0
soft,6,116,MediumResidential,1,1.0
soft,6,117,MediumResidential,1,1.0
soft,6,118,MediumResidential,1,1.0
soft,6,119,MediumResidential,1,1.0
soft,7,0,Forest,0,0.0007600000244565308
soft,7,1,Forest,0,0.7516800165176392
soft,7,2,Forest,0,9.999999747378752e-06
soft,7,3,Forest,0,0.9954599738121033
soft,7,4,Forest,0,9.999999747378752e-06
soft,7,5,Forest,0,0.988290011882782
soft,7,6,Forest,0,0.0
soft,7,7,Forest,0,9.999999747378752e-06
soft,7,8,Forest,0,0.995419979095459
soft,7,9,Forest,0,0.9909300208091736
soft,7,10,Forest,0,0.9977200031280518
soft,7,11,Forest,0,0.0023399998899549246
soft,7,12,Forest,0,0.9154700040817261
soft,7,13,Forest,0,0.9950000047683716
soft,7,14,Forest,0,0.9978399872779846
soft,7,15,Forest,0,0.0007200000109151006
soft,7,16,Forest,0,0.0017600000137463212
soft,7,17,Forest,0,0.28317001461982727
soft,7,18,Forest,0,0.008659999817609787
soft,7,19,Forest,0,9.000000136438757e-05
soft,7,20,Forest,0,1.0
soft,7,21,Forest,0,0.9999600052833557
soft,7,22,Forest,0,5.999999848427251e-05
soft,7,23,Forest,0,0.9985899925231934
soft,7,24,Forest,0,0.9995700120925903
soft,7,25,Forest,0,0.97052001953125
soft,7,26,Forest,0,0.8995500206947327
soft,7,27,Forest,0,0.003060000017285347
soft,7,28,Forest,0,0.9366899728775024
soft,7,29,Forest,0,0.999970018863678
soft,7,30,Forest,0,0.999779999256134
soft,7,31,Forest,0,0.9999099969863892
soft,7,32,Forest,0,1.0
soft,7,33,Forest,0,0.0018500000005587935
soft,7,34,Forest,0,0.31126999855041504
soft,7,35,Forest,0,0.0032500000670552254
soft,7,36,Forest,0,0.006579999811947346
soft,7,37,Forest,0,0.9854900240898132
soft,7,38,Forest,0,0.07485000044107437
soft,7,39,Forest,0,0.547980010509491
soft,7,40,Forest,0,0.9715200066566467
soft,7,41,Forest,0,0.09786999970674515
soft,7,42,Forest,0,0.2379399985074997
soft,7,43,Forest,0,0.2420099973678589
soft,7,44,Forest,0,0.010599999688565731
soft,7,45,Forest,0,0.0
soft,7,46,Forest,0,7.999999797903001e-05
soft,7,47,Forest,0,0.9884700179100037
soft,7,48,Forest,0,0.9965500235557556
soft,7,49,Forest,0,0.9999200105667114
soft,7,50,Forest,0,0.003490000031888485
soft,7,51,Forest,0,0.9966999888420105
soft,7,52,Forest,0,0.0
soft,7,53,Forest,0,0.15613000094890594
soft,7,54,Forest,0,9.999999747378752e-06
soft,7,55,Forest,0,0.715969979763031
soft,7,56,Forest,0,0.0004299999854993075
soft,7,57,Forest,0,0.0018500000005587935
soft,7,58,Forest,0,0.0005699999746866524
soft,7,59,Forest,0,0.707889974117279
soft,7,60,DenseResidential,1,0.931659996509552
soft,7,61,DenseResidential,1,0.9997199773788452
soft,7,62,DenseResidential,1,1.0
soft,7,63,DenseResidential,1,0.999970018863678
soft,7,64,DenseResidential,1,1.0
soft,7,65,DenseResidential,1,0.994920015335083
soft,7,66,DenseResidential,1,0.9998599886894226
soft,7,67,DenseResidential,1,0.9686400294303894
soft,7,68,DenseResidential,1,0.9967399835586548
soft,7,69,DenseResidential,1,0.9991499781608582
soft,7,70,DenseResidential,1,0.9999899864196777
soft,7,71,DenseResidential,1,0.9488000273704529
soft,7,72,DenseResidential,1,0.9992499947547913
soft,7,73,DenseResidential,1,0.9996299743652344
soft,7,74,DenseResidential,1,1.0
soft,7,75,DenseResidential,1,0.9999799728393555
soft,7,76,DenseResidential,1,0.9997900128364563
soft,7,77,DenseResidential,1,0.999970018863678
soft,7,78,DenseResidential,1,0.9998900294303894
soft,7,79,DenseResidential,1,1.0
soft,7,80,DenseResidential,1,1.0
soft,7,81,DenseResidential,1,1.0
soft,7,82,DenseResidential,1,1.0
soft,7,83,DenseResidential,1,0.9999399781227112
soft,7,84,DenseResidential,1,1.0
soft,7,85,DenseResidential,1,1.0
soft,7,86,DenseResidential,1,1.0
soft,7,87,DenseResidential,1,0.9999499917030334
soft,7,88,DenseResidential,1,1.0
soft,7,89,DenseResidential,1,1.0
soft,7,90,MediumResidential,1,0.995140016078949
soft,7,91,MediumResidential,1,0.9992300271987915
soft,7,92,MediumResidential,1,0.9850000143051147
soft,7,93,MediumResidential,1,0.9999899864196777
soft,7,94,MediumResidential,1,0.9998400211334229
soft,7,95,MediumResidential,1,0.149509996175766
soft,7,96,MediumResidential,1,0.9981200098991394
soft,7,97,MediumResidential,1,0.999239981174469
soft,7,98,MediumResidential,1,0.9978299736976624
soft,7,99,MediumResidential,1,0.9835399985313416
soft,7,100,MediumResidential,1,0.9944800138473511
soft,7,101,MediumResidential,1,0.9954599738121033
soft,7,102,MediumResidential,1,0.9989799857139587
soft,7,103,MediumResidential,1,0.9894099831581116
soft,7,104,MediumResidential,1,0.9888299703598022
soft,7,105,MediumResidential,1,0.9875100255012512
soft,7,106,MediumResidential,1,0.9995599985122681
soft,7,107,MediumResidential,1,0.999809980392456
soft,7,108,MediumResidential,1,0.9997699856758118
soft,7,109,MediumResidential,1,0.9996600151062012
soft,7,110,MediumResidential,1,0.9997299909591675
soft,7,111,MediumResidential,1,0.9999399781227112
soft,7,112,MediumResidential,1,0.9960500001907349
soft,7,113,MediumResidential,1,0.9999300241470337
soft,7,114,MediumResidential,1,0.04179000109434128
soft,7,115,MediumResidential,1,0.9980999827384949
soft,7,116,MediumResidential,1,0.939300000667572
soft,7,117,MediumResidential,1,0.9938600063323975
soft,7,118,MediumResidential,1,0.9819599986076355
soft,7,119,MediumResidential,1,0.995989978313446
soft,8,0,Forest,0,0.5413399934768677
soft,8,1,Forest,0,0.9971100091934204
soft,8,2,Forest,0,0.0646200031042099
soft,8,3,Forest,0,0.966480016708374
soft,8,4,Forest,0,0.4573799967765808
soft,8,5,Forest,0,0.7364599704742432
soft,8,6,Forest,0,0.03446999937295914
soft,8,7,Forest,0,0.14124000072479248
soft,8,8,Forest,0,0.7185800075531006
soft,8,9,Forest,0,0.14222000539302826
soft,8,10,Forest,0,0.9799000024795532
soft,8,11,Forest,0,0.983959972858429
soft,8,12,Forest,0,0.9719099998474121
soft,8,13,Forest,0,0.9997100234031677
soft,8,14,Forest,0,0.9997299909591675
soft,8,15,Forest,0,0.6220800280570984
soft,8,16,Forest,0,0.9704800248146057
soft,8,17,Forest,0,1.0
soft,8,18,Forest,0,0.9999799728393555
soft,8,19,Forest,0,0.0006300000241026282
soft,8,20,Forest,0,1.0
soft,8,21,Forest,0,1.0
soft,8,22,Forest,0,0.022110000252723694
soft,8,23,Forest,0,0.9992600083351135
soft,8,24,Forest,0,1.0
soft,8,25,Forest,0,0.0033400000538676977
soft,8,26,Forest,0,0.6181100010871887
soft,8,27,Forest,0,0.8145899772644043
soft,8,28,Forest,0,1.0
soft,8,29,Forest,0,1.0
soft,8,30,Forest,0,1.0
soft,8,31,Forest,0,1.0
soft,8,32,Forest,0,1.0
soft,8,33,Forest,0,0.8118199706077576
soft,8,34,Forest,0,0.9951099753379822
soft,8,35,Forest,0,0.05682000145316124
soft,8,36,Forest,0,0.9999799728393555
soft,8,37,Forest,0,0.9999600052833557
soft,8,38,Forest,0,1.0
soft,8,39,Forest,0,1.0
soft,8,40,Forest,0,1.0
soft,8,41,Forest,0,1.0
soft,8,42,Forest,0,0.9999899864196777
soft,8,43,Forest,0,1.0
soft,8,44,Forest,0,0.9870200157165527
soft,8,45,Forest,0,0.9997599720954895
soft,8,46,Forest,0,0.9993100166320801
soft,8,47,Forest,0,0.9872699975967407
soft,8,48,Forest,0,1.0
soft,8,49,Forest,0,1.0
soft,8,50,Forest,0,0.9586399793624878
soft,8,51,Forest,0,0.8696100115776062
soft,8,52,Forest,0,0.9845499992370605
soft,8,53,Forest,0,1.0
soft,8,54,Forest,0,4.999999873689376e-05
soft,8,55,Forest,0,0.9995700120925903
soft,8,56,Forest,0,0.07072000205516815
soft,8,57,Forest,0,0.943120002746582
soft,8,58,Forest,0,0.7969300150871277
soft,8,59,Forest,0,0.9989699721336365
soft,8,60,DenseResidential,1,1.0
soft,8,61,DenseResidential,1,1.0
soft,8,62,DenseResidential,1,1.0
soft,8,63,DenseResidential,1,1.0
soft,8,64,DenseResidential,1,1.0
soft,8,65,DenseResidential,1,1.0
soft,8,66,DenseResidential,1,1.0
soft,8,67,DenseResidential,1,1.0
soft,8,68,DenseResidential,1,1.0
soft,8,69,DenseResidential,1,1.0
soft,8,70,DenseResidential,1,1.0
soft,8,71,DenseResidential,1,1.0
soft,8,72,DenseResidential,1,1.0
soft,8,73,DenseResidential,1,1.0
soft,8,74,DenseResidential,1,1.0
soft,8,75,DenseResidential,1,1.0
soft,8,76,DenseResidential,1,0.9999600052833557
soft,8,77,DenseResidential,1,1.0
soft,8,78,DenseResidential,1,1.0
soft,8,79,DenseResidential,1,1.0
soft,8,80,DenseResidential,1,1.0
soft,8,81,DenseResidential,1,1.0
soft,8,82,DenseResidential,1,1.0
soft,8,83,DenseResidential,1,1.0
soft,8,84,DenseResidential,1,1.0
soft,8,85,DenseResidential,1,1.0
soft,8,86,DenseResidential,1,1.0
soft,8,87,DenseResidential,1,1.0
soft,8,88,DenseResidential,1,1.0
soft,8,89,DenseResidential,1,1.0
soft,8,90,MediumResidential,1,1.0
soft,8,91,MediumResidential,1,1.0
soft,8,92,MediumResidential,1,1.0
soft,8,93,MediumResidential,1,1.0
soft,8,94,MediumResidential,1,1.0
soft,8,95,MediumResidential,1,0.3094800114631653
soft,8,96,MediumResidential,1,0.9998000264167786
soft,8,97,MediumResidential,1,1.0
soft,8,98,MediumResidential,1,0.9996799826622009
soft,8,99,MediumResidential,1,0.9969800114631653
soft,8,100,MediumResidential,1,0.9390699863433838
soft,8,101,MediumResidential,1,1.0
soft,8,102,MediumResidential,1,1.0
soft,8,103,MediumResidential,1,0.07689999788999557
soft,8,104,MediumResidential,1,0.4820399880409241
soft,8,105,MediumResidential,1,0.26969999074935913
soft,8,106,MediumResidential,1,1.0
soft,8,107,MediumResidential,1,1.0
soft,8,108,MediumResidential,1,1.0
soft,8,109,MediumResidential,1,1.0
soft,8,110,MediumResidential,1,1.0
soft,8,111,MediumResidential,1,1.0
soft,8,112,MediumResidential,1,1.0
soft,8,113,MediumResidential,1,1.0
soft,8,114,MediumResidential,1,1.0
soft,8,115,MediumResidential,1,1.0
soft,8,116,MediumResidential,1,1.0
soft,8,117,MediumResidential,1,1.0
soft,8,118,MediumResidential,1,1.0
soft,8,119,MediumResidential,1,1.0
soft,9,0,Forest,0,0.0
soft,9,1,Forest,0,0.10018999874591827
soft,9,2,Forest,0,0.0
soft,9,3,Forest,0,1.9999999494757503e-05
soft,9,4,Forest,0,0.0
soft,9,5,Forest,0,9.999999747378752e-05
soft,9,6,Forest,0,0.0
soft,9,7,Forest,0,0.0
soft,9,8,Forest,0,0.0003699999942909926
soft,9,9,Forest,0,0.00023999999393709004
soft,9,10,Forest,0,0.0004799999878741801
soft,9,11,Forest,0,0.00016999999934341758
soft,9,12,Forest,0,0.011859999969601631
soft,9,13,Forest,0,0.9628900289535522
soft,9,14,Forest,0,0.9371500015258789
soft,9,15,Forest,0,0.0
soft,9,16,Forest,0,0.0
soft,9,17,Forest,0,5.999999848427251e-05
soft,9,18,Forest,0,1.9999999494757503e-05
soft,9,19,Forest,0,0.0
soft,9,20,Forest,0,1.0
soft,9,21,Forest,0,1.0
soft,9,22,Forest,0,0.0
soft,9,23,Forest,0,0.9453200101852417
soft,9,24,Forest,0,1.0
soft,9,25,Forest,0,0.0
soft,9,26,Forest,0,9.999999747378752e-06
soft,9,27,Forest,0,0.0
soft,9,28,Forest,0,2.9999999242136255e-05
soft,9,29,Forest,0,1.0
soft,9,30,Forest,0,0.999970018863678
soft,9,31,Forest,0,0.9994699954986572
soft,9,32,Forest,0,1.0
soft,9,33,Forest,0,7.000000186963007e-05
soft,9,34,Forest,0,9.999999747378752e-06
soft,9,35,Forest,0,0.0
soft,9,36,Forest,0,1.0
soft,9,37,Forest,0,1.0
soft,9,38,Forest,0,1.0
soft,9,39,Forest,0,1.0
soft,9,40,Forest,0,1.0
soft,9,41,Forest,0,1.0
soft,9,42,Forest,0,1.0
soft,9,43,Forest,0,1.0
soft,9,44,Forest,0,7.000000186963007e-05
soft,9,45,Forest,0,0.9998999834060669
soft,9,46,Forest,0,0.3583199977874756
soft,9,47,Forest,0,0.0019199999514967203
soft,9,48,Forest,0,1.0
soft,9,49,Forest,0,1.0
soft,9,50,Forest,0,0.0
soft,9,51,Forest,0,0.14034999907016754
soft,9,52,Forest,0,0.0
soft,9,53,Forest,0,1.0
soft,9,54,Forest,0,0.0
soft,9,55,Forest,0,0.0
soft,9,56,Forest,0,0.0
soft,9,57,Forest,0,9.999999747378752e-05
soft,9,58,Forest,0,0.0
soft,9,59,Forest,0,5.999999848427251e-05
soft,9,60,DenseResidential,1,0.0001900000061141327
soft,9,61,DenseResidential,1,1.0
soft,9,62,DenseResidential,1,1.0
soft,9,63,DenseResidential,1,0.9978700280189514
soft,9,64,DenseResidential,1,0.9999899864196777
soft,9,65,DenseResidential,1,0.048330001533031464
soft,9,66,DenseResidential,1,0.9247099757194519
soft,9,67,DenseResidential,1,9.999999747378752e-06
soft,9,68,DenseResidential,1,0.00011999999696854502
soft,9,69,DenseResidential,1,0.0019600000232458115
soft,9,70,DenseResidential,1,1.0
soft,9,71,DenseResidential,1,0.03285999968647957
soft,9,72,DenseResidential,1,9.000000136438757e-05
soft,9,73,DenseResidential,1,0.9998999834060669
soft,9,74,DenseResidential,1,1.0
soft,9,75,DenseResidential,1,0.015599999576807022
soft,9,76,DenseResidential,1,0.0005000000237487257
soft,9,77,DenseResidential,1,0.014030000194907188
soft,9,78,DenseResidential,1,0.0013899999903514981
soft,9,79,DenseResidential,1,1.0
soft,9,80,DenseResidential,1,1.0
soft,9,81,DenseResidential,1,1.0
soft,9,82,DenseResidential,1,0.9999600052833557
soft,9,83,DenseResidential,1,0.9985799789428711
soft,9,84,DenseResidential,1,1.0
soft,9,85,DenseResidential,1,1.0
soft,9,86,DenseResidential,1,0.9965800046920776
soft,9,87,DenseResidential,1,1.0
soft,9,88,DenseResidential,1,1.0
soft,9,89,DenseResidential,1,1.0
soft,9,90,MediumResidential,1,0.005779999773949385
soft,9,91,MediumResidential,1,0.9999099969863892
soft,9,92,MediumResidential,1,0.9999899864196777
soft,9,93,MediumResidential,1,1.0
soft,9,94,MediumResidential,1,0.9994099736213684
soft,9,95,MediumResidential,1,0.0
soft,9,96,MediumResidential,1,0.9922800064086914
soft,9,97,MediumResidential,1,0.7863799929618835
soft,9,98,MediumResidential,1,0.777899980545044
soft,9,99,MediumResidential,1,0.8005200028419495
soft,9,100,MediumResidential,1,0.9866899847984314
soft,9,101,MediumResidential,1,0.006649999879300594
soft,9,102,MediumResidential,1,1.0
soft,9,103,MediumResidential,1,0.002839999971911311
soft,9,104,MediumResidential,1,0.0004199999966658652
soft,9,105,MediumResidential,1,0.001979999942705035
soft,9,106,MediumResidential,1,0.6567299962043762
soft,9,107,MediumResidential,1,0.5177000164985657
soft,9,108,MediumResidential,1,0.8950999975204468
soft,9,109,MediumResidential,1,0.3308599889278412
soft,9,110,MediumResidential,1,0.4674600064754486
soft,9,111,MediumResidential,1,0.9246000051498413
soft,9,112,MediumResidential,1,0.0022899999748915434
soft,9,113,MediumResidential,1,0.9006100296974182
soft,9,114,MediumResidential,1,1.9999999494757503e-05
soft,9,115,MediumResidential,1,0.9939500093460083
soft,9,116,MediumResidential,1,0.26385000348091125
soft,9,117,MediumResidential,1,0.6656200289726257
soft,9,118,MediumResidential,1,0.00171999994199723
soft,9,119,MediumResidential,1,0.0022299999836832285
